<article xmlns:xsi="http://www.w3.org/2001/XMLSchema-instance"
         xmlns:xlink="http://www.w3.org/1999/xlink"
         xmlns:mml="http://www.w3.org/1998/Math/MathML"
         dtd-version="1.0"
         article-type="research-article">
   <front>
      <journal-meta>
         <journal-id journal-id-type="jstor">amerjpoliscie</journal-id>
         <journal-id journal-id-type="jstor">j100487</journal-id>
         <journal-title-group>
            <journal-title>American Journal of Political Science</journal-title>
         </journal-title-group>
         <publisher>
            <publisher-name>Blackwell Publishing</publisher-name>
         </publisher>
         <issn pub-type="ppub">00925853</issn>
         <issn pub-type="epub">15405907</issn>
      </journal-meta>
      <article-meta>
         <article-id pub-id-type="doi">10.2307/1519929</article-id>
         <title-group>
            <article-title>Wollstonecraft's Philosophical Impact on Nineteenth-Century American Women's Rights Advocates</article-title>
         </title-group>
         <contrib-group>
            <contrib contrib-type="author">
               <string-name>
                  <given-names>Eileen Hunt</given-names>
                  <surname>Botting</surname>
               </string-name>
            </contrib>
            <contrib contrib-type="author">
               <string-name>
                  <given-names>Christine</given-names>
                  <surname>Carey</surname>
               </string-name>
            </contrib>
         </contrib-group>
         <pub-date>
            <day>1</day>
            <month>10</month>
            <year>2004</year>
         </pub-date>
         <volume>48</volume>
         <issue>4</issue>
         <issue-id>i267687</issue-id>
         <fpage>707</fpage>
         <lpage>722</lpage>
         <page-range>707-722</page-range>
         <permissions>
            <copyright-statement>Copyright 2004 The Midwest Political Science Association</copyright-statement>
         </permissions>
         <self-uri xlink:href="http://www.jstor.org/stable/1519929"/>
         <abstract>
            <p> This article challenges the thesis that the publication of William Godwin's scandalous Memoirs of the Author of A Vindication of the Rights of Woman in 1798 minimized the philosophical impact of Mary Wollstonecraft's 1792 work the Rights of Woman in nineteenth-century American political thought. Instead, we demonstrate that leading nineteenth-century American women's rights advocates-Hannah Mather Crocker, Lucretia Mott, Sarah Grimké, Margaret Fuller, Elizabeth Cady Stanton, and Susan B. Anthony-understood themselves to be in a critical, philosophical dialogue with the text of the Rights of Woman, and in some cases, the Memoirs, and defined their own, distinctive philosophies of sex equality partly within this context. </p>
         </abstract>
         <custom-meta-group>
            <custom-meta>
               <meta-name>lang</meta-name>
               <meta-value>eng</meta-value>
            </custom-meta>
         </custom-meta-group>
      </article-meta>
   </front>
   <back>
      <fn-group>
         <title>[Footnotes]</title>
         <fn id="d5543e147a1310">
            <label>1</label>
            <p>
               <mixed-citation id="d5543e154" publication-type="book">
Offen 2000, 19  <fpage>19</fpage>
               </mixed-citation>
            </p>
            <p>
               <mixed-citation id="d5543e165" publication-type="book">
Cott 1987, 3, 14  <fpage>3</fpage>
               </mixed-citation>
            </p>
         </fn>
         <fn id="d5543e177a1310">
            <label>2</label>
            <p>
               <mixed-citation id="d5543e184" publication-type="book">
Wollstonecraft 1995, 69, 236, 237, 240, 275  <fpage>69</fpage>
               </mixed-citation>
            </p>
         </fn>
         <fn id="d5543e196a1310">
            <label>3</label>
            <p>
               <mixed-citation id="d5543e203" publication-type="book">
Windle 2000, 16-19  <fpage>16</fpage>
               </mixed-citation>
            </p>
         </fn>
         <fn id="d5543e215a1310">
            <label>4</label>
            <p>
               <mixed-citation id="d5543e222" publication-type="book">
Thiébaux 1978,206-27  <fpage>206</fpage>
               </mixed-citation>
            </p>
            <p>
               <mixed-citation id="d5543e233" publication-type="other">
Charles Kegan Paul pub-
lished Mary Wollstonecraft-Letters to Imlay, with Prefatory Memoir
in 1879</mixed-citation>
            </p>
            <p>
               <mixed-citation id="d5543e245" publication-type="book">
Windle 2000, 26-28  <fpage>26</fpage>
               </mixed-citation>
            </p>
         </fn>
      </fn-group>
      <ref-list>
         <title>References</title>
         <ref id="d5543e266a1310">
            <mixed-citation id="d5543e270" publication-type="book">
Anderson, Bonnie S.2000. Joyous Greetings: The First Interna-
tional Women's Movement, 1830-1860. Oxford: Oxford Uni¬
versity Press<person-group>
                  <string-name>
                     <surname>Anderson</surname>
                  </string-name>
               </person-group>
               <source>Joyous Greetings: The First International Women's Movement, 1830-1860</source>
               <year>2000</year>
            </mixed-citation>
         </ref>
         <ref id="d5543e299a1310">
            <mixed-citation id="d5543e303" publication-type="book">
Anthony, Susan B.1904. Inscription. In Mary Wollstonecraft's
A Vindication of the Rights of Woman. Boston: Thomas
&amp; Andrews, 1792. The Susan B. Anthony Special Collec-
tion, Rare Book/Special Collections, Library of Congress,
Washington, D.C<person-group>
                  <string-name>
                     <surname>Anthony</surname>
                  </string-name>
               </person-group>
               <comment content-type="section">Inscription</comment>
               <source>A Vindication of the Rights of Woman</source>
               <year>1904</year>
            </mixed-citation>
         </ref>
         <ref id="d5543e341a1310">
            <mixed-citation id="d5543e345" publication-type="book">
Anthony, Susan B.1981. Elizabeth Cady Stanton/Susan B.
Anthony: Correspondence, Writings, Speeches, ed. Ellen Carol
DuBois. New York: Schocken<person-group>
                  <string-name>
                     <surname>Anthony</surname>
                  </string-name>
               </person-group>
               <source>Elizabeth Cady Stanton/Susan B. Anthony: Correspondence, Writings, Speeches</source>
               <year>1981</year>
            </mixed-citation>
         </ref>
         <ref id="d5543e374a1310">
            <mixed-citation id="d5543e378" publication-type="book">
Anthony, Susan B.1985. "Speech at National American Con-
vention of 1906." In History of Woman Suffrage, Vol. 5, ed.
Ida Harper. Salem, NH: Ayers, p. 185<person-group>
                  <string-name>
                     <surname>Anthony</surname>
                  </string-name>
               </person-group>
               <comment content-type="section">Speech at National American Convention of 1906</comment>
               <fpage>185</fpage>
               <volume>5</volume>
               <source>History of Woman Suffrage</source>
               <year>1985</year>
            </mixed-citation>
         </ref>
         <ref id="d5543e417a1310">
            <mixed-citation id="d5543e421" publication-type="book">
Anthony, Susan B.1997. The Selected Papers of Elizabeth Cady
Stanton and Susan B. Anthony, Volume I: In the School of Anti-
Slavery 1840 to 1866, ed. Ann D. Gordon. New Brunswick:
Rutgers University Press<person-group>
                  <string-name>
                     <surname>Anthony</surname>
                  </string-name>
               </person-group>
               <source>The Selected Papers of Elizabeth Cady Stanton and Susan B. Anthony, Volume I: In the School of Anti-Slavery 1840 to 1866</source>
               <year>1997</year>
            </mixed-citation>
         </ref>
         <ref id="d5543e453a1310">
            <mixed-citation id="d5543e457" publication-type="book">
Anthony, Susan B.2000. The Selected Papers of Elizabeth Cady
Stanton and Susan B. Anthony, Volume II: Against an Aris-
tocracy of Sex, ed. Ann D. Gordon. New Brunswick: Rutgers
University Press<person-group>
                  <string-name>
                     <surname>Anthony</surname>
                  </string-name>
               </person-group>
               <source>The Selected Papers of Elizabeth Cady Stanton and Susan B. Anthony, Volume II: Against an Aristocracy of Sex</source>
               <year>2000</year>
            </mixed-citation>
         </ref>
         <ref id="d5543e489a1310">
            <mixed-citation id="d5543e493" publication-type="book">
Banner, Lois W.1980. Elizabeth Cady Stanton: A Radical for
Woman's Rights. Boston: Little, Brown and Company<person-group>
                  <string-name>
                     <surname>Banner</surname>
                  </string-name>
               </person-group>
               <source>Elizabeth Cady Stanton: A Radical for Woman's Rights</source>
               <year>1980</year>
            </mixed-citation>
         </ref>
         <ref id="d5543e518a1310">
            <mixed-citation id="d5543e522" publication-type="book">
Barker-Benfield, G.J. 1992. The Culture of Sensibility: Sex and
Society in Eighteenth-Century Britain. Chicago: University of
Chicago Press<person-group>
                  <string-name>
                     <surname>Barker-Benfield</surname>
                  </string-name>
               </person-group>
               <source>The Culture of Sensibility: Sex and Society in Eighteenth-Century Britain</source>
               <year>1992</year>
            </mixed-citation>
         </ref>
         <ref id="d5543e551a1310">
            <mixed-citation id="d5543e555" publication-type="book">
Barry, Kathleen. 1988. Susan B. Anthony: A Biography of a Sin-
gular Feminist. New York: New York University Press<person-group>
                  <string-name>
                     <surname>Barry</surname>
                  </string-name>
               </person-group>
               <source>Susan B. Anthony: A Biography of a Singular Feminist</source>
               <year>1988</year>
            </mixed-citation>
         </ref>
         <ref id="d5543e580a1310">
            <mixed-citation id="d5543e584" publication-type="book">
Bartlett, Elizabeth Ann. 1988. "Introduction." In Sarah
Grimké's Letters on the Equality of the Sexes and Other Es-
says, ed. Elizabeth Ann Bartlett. New Haven: Yale University
Press, pp. 1-29<person-group>
                  <string-name>
                     <surname>Bartlett</surname>
                  </string-name>
               </person-group>
               <comment content-type="section">Introduction</comment>
               <fpage>1</fpage>
               <source>Letters on the Equality of the Sexes and Other Essays</source>
               <year>1988</year>
            </mixed-citation>
         </ref>
         <ref id="d5543e623a1310">
            <mixed-citation id="d5543e627" publication-type="book">
Bartlett, Elizabeth Ann. 1994. Liberty, Equality, Sorority: The
Origins and Interpretation of American Feminist Thought:
Frances Wright, Sarah Grimke, and Margaret Fuller. New
York: Carlson Publishing<person-group>
                  <string-name>
                     <surname>Bartlett</surname>
                  </string-name>
               </person-group>
               <source>Liberty, Equality, Sorority: The Origins and Interpretation of American Feminist Thought: Frances Wright, Sarah Grimke, and Margaret Fuller</source>
               <year>1994</year>
            </mixed-citation>
         </ref>
         <ref id="d5543e659a1310">
            <mixed-citation id="d5543e663" publication-type="book">
Berg, Barbara J.1978. The Remembered Gate: Origins of Amer-
ican Feminism: The Woman and the City, 1800-1860. New
York: Oxford University Press<person-group>
                  <string-name>
                     <surname>Berg</surname>
                  </string-name>
               </person-group>
               <source>The Remembered Gate: Origins of American Feminism: The Woman and the City, 1800-1860</source>
               <year>1978</year>
            </mixed-citation>
         </ref>
         <ref id="d5543e692a1310">
            <mixed-citation id="d5543e696" publication-type="book">
Branson, Susan. 2001. These Fiery Frenchified Dames: Women
and Political Culture in Early National Philadelphia. Philadel¬
phia: University of Pennsylvania Press<person-group>
                  <string-name>
                     <surname>Branson</surname>
                  </string-name>
               </person-group>
               <source>These Fiery Frenchified Dames: Women and Political Culture in Early National Philadelphia</source>
               <year>2001</year>
            </mixed-citation>
         </ref>
         <ref id="d5543e725a1310">
            <mixed-citation id="d5543e729" publication-type="journal">
Brown, Chandos Michael. 1995. "Mary WoIIstonecraft, or the
Female Illuminati: the Campaign against Women and 'Mod-
ern Philosophy' in the Early Republic." Journal of the Early
Republic15(Fall):389~424<object-id pub-id-type="doi">10.2307/3124116</object-id>
               <fpage>389</fpage>
            </mixed-citation>
         </ref>
         <ref id="d5543e752a1310">
            <mixed-citation id="d5543e756" publication-type="book">
Browne, Alice. 1987. The Eighteenth-Century Feminist Mind.
Detroit: Wayne State University Press<person-group>
                  <string-name>
                     <surname>Browne</surname>
                  </string-name>
               </person-group>
               <source>The Eighteenth-Century Feminist Mind</source>
               <year>1987</year>
            </mixed-citation>
         </ref>
         <ref id="d5543e781a1310">
            <mixed-citation id="d5543e785" publication-type="book">
Caine, Barbara. 1997. English Feminism, 1780-1980. New York:
Oxford University Press<person-group>
                  <string-name>
                     <surname>Caine</surname>
                  </string-name>
               </person-group>
               <source>English Feminism, 1780-1980</source>
               <year>1997</year>
            </mixed-citation>
         </ref>
         <ref id="d5543e811a1310">
            <mixed-citation id="d5543e815" publication-type="book">
Cott, Nancy F.1977. The Bonds of Womanhood: "Woman's
Sphere" in New England, 1780-1835. New Haven: Yale Uni¬
versity Press<person-group>
                  <string-name>
                     <surname>Cott</surname>
                  </string-name>
               </person-group>
               <source>The Bonds of Womanhood: "Woman's Sphere" in New England, 1780-1835</source>
               <year>1977</year>
            </mixed-citation>
         </ref>
         <ref id="d5543e844a1310">
            <mixed-citation id="d5543e848" publication-type="book">
Cott, Nancy F.1987. The Grounding of Modern Feminism. New
Haven: Yale University Press<person-group>
                  <string-name>
                     <surname>Cott</surname>
                  </string-name>
               </person-group>
               <source>The Grounding of Modern Feminism</source>
               <year>1987</year>
            </mixed-citation>
         </ref>
         <ref id="d5543e873a1310">
            <mixed-citation id="d5543e877" publication-type="book">
Craciun, Adriana. 2002. "Critical History." In A Routledge Liter-
ary Sourcebook on Mary Wollstonecraft's A Vindication of the
Rights of Woman, ed. Adriana Craciun. London: Routledge,
pp. 33-38<person-group>
                  <string-name>
                     <surname>Craciun</surname>
                  </string-name>
               </person-group>
               <comment content-type="section">Critical History</comment>
               <fpage>33</fpage>
               <source>A Routledge Literary Sourcebook on Mary Wollstonecraft's A Vindication of the Rights of Woman</source>
               <year>2002</year>
            </mixed-citation>
         </ref>
         <ref id="d5543e915a1310">
            <mixed-citation id="d5543e919" publication-type="book">
Crocker, Hannah Mather. 1818. Observations on the Real Rights
of Women, with their Appropriate Duties, Agreeable to Scrip-
ture, Reason and Common Sense. Boston: Printed for the
Author. Microform<person-group>
                  <string-name>
                     <surname>Crocker</surname>
                  </string-name>
               </person-group>
               <source>Observations on the Real Rights of Women, with their Appropriate Duties, Agreeable to Scripture, Reason and Common Sense</source>
               <year>1818</year>
            </mixed-citation>
         </ref>
         <ref id="d5543e951a1310">
            <mixed-citation id="d5543e955" publication-type="book">
DuBois, Ellen Carol. 1998. Woman Suffrage and Women's Rights.
New York: New York University Press<person-group>
                  <string-name>
                     <surname>DuBois</surname>
                  </string-name>
               </person-group>
               <source>Woman Suffrage and Women's Rights</source>
               <year>1998</year>
            </mixed-citation>
         </ref>
         <ref id="d5543e980a1310">
            <mixed-citation id="d5543e984" publication-type="book">
Flexner, Eleanor. 1970. Century of Struggle: The Woman's Rights
Movement in the United States. New York: Atheneum<person-group>
                  <string-name>
                     <surname>Flexner</surname>
                  </string-name>
               </person-group>
               <source>Century of Struggle: The Woman's Rights Movement in the United States</source>
               <year>1970</year>
            </mixed-citation>
         </ref>
         <ref id="d5543e1010a1310">
            <mixed-citation id="d5543e1014" publication-type="book">
Fuller, Margaret. 1941. Woman in the Nineteenth Century. In
The Writings of Margaret Fuller, ed. Mason Wade. New York:
Viking Press<person-group>
                  <string-name>
                     <surname>Fuller</surname>
                  </string-name>
               </person-group>
               <comment content-type="section">Woman in the Nineteenth Century</comment>
               <source>The Writings of Margaret Fuller</source>
               <year>1941</year>
            </mixed-citation>
         </ref>
         <ref id="d5543e1046a1310">
            <mixed-citation id="d5543e1050" publication-type="book">
Greene, Dana. 1980. "Introduction." In Lucretia Mott: Her Com-
plete Speeches and Sermons, ed. Dana Greene. New York: The
Edwin and Mellen Press, pp. 1-23<person-group>
                  <string-name>
                     <surname>Greene</surname>
                  </string-name>
               </person-group>
               <comment content-type="section">Introduction</comment>
               <fpage>1</fpage>
               <source>Lucretia Mott: Her Complete Speeches and Sermons</source>
               <year>1980</year>
            </mixed-citation>
         </ref>
         <ref id="d5543e1085a1310">
            <mixed-citation id="d5543e1089" publication-type="book">
Grimké, Sarah. 1988. Letters on the Equality of the Sexes. In Letters
on the Equality of the Sexes and Other Essays, ed. Elizabeth
Ann Bartlett. New Haven: Yale University Press<person-group>
                  <string-name>
                     <surname>Grimké</surname>
                  </string-name>
               </person-group>
               <source>Letters on the Equality of the Sexes. In Letters on the Equality of the Sexes and Other Essays</source>
               <year>1988</year>
            </mixed-citation>
         </ref>
         <ref id="d5543e1118a1310">
            <mixed-citation id="d5543e1122" publication-type="book">
Gunther-Canada, Wendy. 1996. "'The Same Subject Con-
tinued:' Two Hundred Years of Wollstonecraft Scholar-
ship." In Feminist Interpretations of Mary Wollstonecraft, ed.
Maria J. Falco. Pennsylvania: Penn State Press, pp. 209-
24<person-group>
                  <string-name>
                     <surname>Gunther-Canada</surname>
                  </string-name>
               </person-group>
               <comment content-type="section">'The Same Subject Continued:' Two Hundred Years of Wollstonecraft Scholarship</comment>
               <fpage>209</fpage>
               <source>Feminist Interpretations of Mary Wollstonecraft</source>
               <year>1996</year>
            </mixed-citation>
         </ref>
         <ref id="d5543e1163a1310">
            <mixed-citation id="d5543e1167" publication-type="book">
Gunther-Canada, Wendy. 2001. Rebel Writer: Mary Wollstone-
craft and Enlightenment Politics. De Kalb: Northern Illinois
University Press<person-group>
                  <string-name>
                     <surname>Gunther-Canada</surname>
                  </string-name>
               </person-group>
               <source>Rebel Writer: Mary Wollstonecraft and Enlightenment Politics</source>
               <year>2001</year>
            </mixed-citation>
         </ref>
         <ref id="d5543e1196a1310">
            <mixed-citation id="d5543e1200" publication-type="book">
Hirsch, Pam. 1996. "Mary Wollstonecraft: A Problematic
Legacy." In Wollstonecraft's Daughters: Womanhood in
England and France, 1780-1920, ed. Clarissa Campbell
Orr. Manchester: Manchester University Press, pp. 43-
60<person-group>
                  <string-name>
                     <surname>Hirsch</surname>
                  </string-name>
               </person-group>
               <comment content-type="section">Mary Wollstonecraft: A Problematic Legacy</comment>
               <fpage>43</fpage>
               <source>Wollstonecraft's Daughters: Womanhood in England and France, 1780-1920</source>
               <year>1996</year>
            </mixed-citation>
         </ref>
         <ref id="d5543e1242a1310">
            <mixed-citation id="d5543e1246" publication-type="journal">
Janes, Regina M.1978. "On the Reception of Mary
Wollstonecraft's A Vindkation ofthe Rights of Woman!" Jour-
nal of the History of Ideas39(2):293-302<object-id pub-id-type="doi">10.2307/2708781</object-id>
               <fpage>293</fpage>
            </mixed-citation>
         </ref>
         <ref id="d5543e1265a1310">
            <mixed-citation id="d5543e1269" publication-type="book">
Kaplan, Cora. 2002. "Mary Wollstonecraft's reception and lega-
cies." In The Cambridge Companion to Mary Wollstonecraft,
ed. Claudia Johnson. Cambridge: Cambridge University
Press, pp. 246-69<person-group>
                  <string-name>
                     <surname>Kaplan</surname>
                  </string-name>
               </person-group>
               <comment content-type="section">Mary Wollstonecraft's reception and legacies</comment>
               <fpage>246</fpage>
               <source>The Cambridge Companion to Mary Wollstonecraft</source>
               <year>2002</year>
            </mixed-citation>
         </ref>
         <ref id="d5543e1307a1310">
            <mixed-citation id="d5543e1311" publication-type="book">
Kloppenberg, James T.1998. The Virtues of Liberalism. New
York: Oxford University Press<person-group>
                  <string-name>
                     <surname>Kloppenberg</surname>
                  </string-name>
               </person-group>
               <source>The Virtues of Liberalism</source>
               <year>1998</year>
            </mixed-citation>
         </ref>
         <ref id="d5543e1336a1310">
            <mixed-citation id="d5543e1340" publication-type="book">
Kraditor, Aileen S.1981. The Ideas of the Woman Suffrage Move-
ment, 1890-1920. New York: W.W. Norton and Company<person-group>
                  <string-name>
                     <surname>Kraditor</surname>
                  </string-name>
               </person-group>
               <source>The Ideas of the Woman Suffrage Movement, 1890-1920</source>
               <year>1981</year>
            </mixed-citation>
         </ref>
         <ref id="d5543e1365a1310">
            <mixed-citation id="d5543e1369" publication-type="book">
Lerner, Gerda. 1967. The Grimké Sisters from South Carolina:
Rebels against Slavery. Boston: Houghton Mifflin<person-group>
                  <string-name>
                     <surname>Lerner</surname>
                  </string-name>
               </person-group>
               <source>The Grimké Sisters from South Carolina: Rebels against Slavery</source>
               <year>1967</year>
            </mixed-citation>
         </ref>
         <ref id="d5543e1394a1310">
            <mixed-citation id="d5543e1398" publication-type="book">
Lerner, Gerda. 1998. "Introduction." The Feminist Thought of
Sarah Grimké, ed. Gerda Lerner. New York: Oxford Univer¬
sity Press, pp. 3-46<person-group>
                  <string-name>
                     <surname>Lerner</surname>
                  </string-name>
               </person-group>
               <comment content-type="section">Introduction</comment>
               <fpage>3</fpage>
               <source>The Feminist Thought of Sarah Grimké</source>
               <year>1998</year>
            </mixed-citation>
         </ref>
         <ref id="d5543e1434a1310">
            <mixed-citation id="d5543e1438" publication-type="book">
Marilley, Suzanne. 1996. Woman Suffrage and the Origins of Lib-
eral Feminism in the United States, 1820-1920. Cambridge:
Harvard University Press<person-group>
                  <string-name>
                     <surname>Marilley</surname>
                  </string-name>
               </person-group>
               <source>Woman Suffrage and the Origins of Liberal Feminism in the United States, 1820-1920</source>
               <year>1996</year>
            </mixed-citation>
         </ref>
         <ref id="d5543e1467a1310">
            <mixed-citation id="d5543e1471" publication-type="book">
Matthews, Jean V.1997. Women's Struggle for Equality: The First
Phase, 1828-1876. Chicago: Ivan R. Dee<person-group>
                  <string-name>
                     <surname>Matthews</surname>
                  </string-name>
               </person-group>
               <source>Women's Struggle for Equality: The First Phase, 1828-1876</source>
               <year>1997</year>
            </mixed-citation>
         </ref>
         <ref id="d5543e1496a1310">
            <mixed-citation id="d5543e1500" publication-type="book">
McCullough, David. 2001. John Adams. New York: Simon and
Schuster<person-group>
                  <string-name>
                     <surname>McCullough</surname>
                  </string-name>
               </person-group>
               <source>John Adams</source>
               <year>2001</year>
            </mixed-citation>
         </ref>
         <ref id="d5543e1525a1310">
            <mixed-citation id="d5543e1529" publication-type="book">
McFadden, Margaret H.1999. Golden Cables of Sympathy: The
Transatlantic Sources of Nineteenth Century Feminism. Lex-
ington: The University Press of Kentucky<person-group>
                  <string-name>
                     <surname>McFadden</surname>
                  </string-name>
               </person-group>
               <source>Golden Cables of Sympathy: The Transatlantic Sources of Nineteenth Century Feminism</source>
               <year>1999</year>
            </mixed-citation>
         </ref>
         <ref id="d5543e1558a1310">
            <mixed-citation id="d5543e1562" publication-type="book">
Mellor, Anne. 2002. "Mary Wollstonecraft's A Vindication of
the Rights of Woman and the Woman Writers of Her Day."
In The Cambridge Companion to Mary Wollstonecraft, ed.
Claudia Johnson. Cambridge: Cambridge University Press,
pp. 141-59<person-group>
                  <string-name>
                     <surname>Mellor</surname>
                  </string-name>
               </person-group>
               <comment content-type="section">Mary Wollstonecraft's A Vindication of the Rights of Woman and the Woman Writers of Her Day</comment>
               <fpage>141</fpage>
               <source>The Cambridge Companion to Mary Wollstonecraft</source>
               <year>2002</year>
            </mixed-citation>
         </ref>
         <ref id="d5543e1603a1310">
            <mixed-citation id="d5543e1607" publication-type="book">
Mott, Lucretia. 1980. Lucretia Mott: Her Complete Speeches and
Sermons, ed. Dana Greene. New York: The Edwin and Mellen
Press<person-group>
                  <string-name>
                     <surname>Mott</surname>
                  </string-name>
               </person-group>
               <source>Lucretia Mott: Her Complete Speeches and Sermons</source>
               <year>1980</year>
            </mixed-citation>
         </ref>
         <ref id="d5543e1637a1310">
            <mixed-citation id="d5543e1641" publication-type="book">
Mott, Lucretia. 1997. "Letter to Elizabeth Cady Stanton,
3 October 1848." The Selected Papers of Elizabeth Cady Stan-
ton and Susan B. Anthony, Volume I: In the School of Anti-
Slavery 1840 to 1866, ed. Ann D. Gordon. New Brunswick:
Rutgers University Press, pp. 126-28<person-group>
                  <string-name>
                     <surname>Mott</surname>
                  </string-name>
               </person-group>
               <comment content-type="section">Letter to Elizabeth Cady Stanton, 3 October 1848</comment>
               <fpage>126</fpage>
               <source>The Selected Papers of Elizabeth Cady Stanton and Susan B. Anthony, Volume I: In the School of Anti-Slavery 1840 to 1866</source>
               <year>1997</year>
            </mixed-citation>
         </ref>
         <ref id="d5543e1682a1310">
            <mixed-citation id="d5543e1686" publication-type="book">
Mott, Lucretia. 2002. Selected Letters of Lucretia Coffin Mott, ed.
Beverly Wilson Palmer. Urbana: University of Illinois Press<person-group>
                  <string-name>
                     <surname>Mott</surname>
                  </string-name>
               </person-group>
               <source>Selected Letters of Lucretia Coffin Mott</source>
               <year>2002</year>
            </mixed-citation>
         </ref>
         <ref id="d5543e1711a1310">
            <mixed-citation id="d5543e1715" publication-type="book">
Norton, Mary Beth. 1980. Liberty's Daughters: The Revolutionary
Experience of American Women, 1750-1800. Boston: Little
Brown<person-group>
                  <string-name>
                     <surname>Norton</surname>
                  </string-name>
               </person-group>
               <source>Liberty's Daughters: The Revolutionary Experience of American Women, 1750-1800</source>
               <year>1980</year>
            </mixed-citation>
         </ref>
         <ref id="d5543e1744a1310">
            <mixed-citation id="d5543e1748" publication-type="book">
Offen, Karen M.2000. European Feminisms, 1700-1950: A Po-
litical History. Stanford: Stanford University Press<person-group>
                  <string-name>
                     <surname>Offen</surname>
                  </string-name>
               </person-group>
               <source>European Feminisms, 1700-1950: A Political History</source>
               <year>2000</year>
            </mixed-citation>
         </ref>
         <ref id="d5543e1773a1310">
            <mixed-citation id="d5543e1777" publication-type="book">
Pocock, J.G.A. 1975. The Machiavellian Moment: Florentine Po-
litical Thought and the Atlantic Republican Tradition. Prince¬
ton: Princeton University Press<person-group>
                  <string-name>
                     <surname>Pocock</surname>
                  </string-name>
               </person-group>
               <source>The Machiavellian Moment: Florentine Political Thought and the Atlantic Republican Tradition</source>
               <year>1975</year>
            </mixed-citation>
         </ref>
         <ref id="d5543e1806a1310">
            <mixed-citation id="d5543e1810" publication-type="book">
Poovey, Mary. 1984. The Proper Lady and the Woman Writer.
Chicago: University of Chicago Press<person-group>
                  <string-name>
                     <surname>Poovey</surname>
                  </string-name>
               </person-group>
               <source>The Proper Lady and the Woman Writer</source>
               <year>1984</year>
            </mixed-citation>
         </ref>
         <ref id="d5543e1836a1310">
            <mixed-citation id="d5543e1840" publication-type="book">
Rendall, Jane. 1984. The Origins of Modern Feminism: Women in
Britain, France and the United States, 1780-1860. New York:
Schocken<person-group>
                  <string-name>
                     <surname>Rendall</surname>
                  </string-name>
               </person-group>
               <source>The Origins of Modern Feminism: Women in Britain, France and the United States, 1780-1860</source>
               <year>1984</year>
            </mixed-citation>
         </ref>
         <ref id="d5543e1869a1310">
            <mixed-citation id="d5543e1873" publication-type="book">
Riegel, Robert. 1963. American Feminists. Lawrence: University
of Kansas Press<person-group>
                  <string-name>
                     <surname>Riegel</surname>
                  </string-name>
               </person-group>
               <source>American Feminists</source>
               <year>1963</year>
            </mixed-citation>
         </ref>
         <ref id="d5543e1898a1310">
            <mixed-citation id="d5543e1902" publication-type="book">
Sapiro, Virginia. 1992. A Vindication of Political Virtue: The Po-
litical Theory of Mary Wollstonecraft. Chicago: University of
Chicago Press<person-group>
                  <string-name>
                     <surname>Sapiro</surname>
                  </string-name>
               </person-group>
               <source>A Vindication of Political Virtue: The Political Theory of Mary Wollstonecraft</source>
               <year>1992</year>
            </mixed-citation>
         </ref>
         <ref id="d5543e1931a1310">
            <mixed-citation id="d5543e1935" publication-type="journal">
Scott, Anne Firor. 1996. "Unfinished Business." Journal of
Women's History8(2):111-20<person-group>
                  <string-name>
                     <surname>Scott</surname>
                  </string-name>
               </person-group>
               <issue>2</issue>
               <fpage>111</fpage>
               <volume>8</volume>
               <source>Journal of Women's History</source>
               <year>1996</year>
            </mixed-citation>
         </ref>
         <ref id="d5543e1970a1310">
            <mixed-citation id="d5543e1974" publication-type="book">
Sklar, Kathryn Kish. 2000. Women's Rights Emerges within the
Antislavery Movement, 1830-1870: A Brief History with Doc-
uments. Boston: Bedford/St. Martin's<person-group>
                  <string-name>
                     <surname>Sklar</surname>
                  </string-name>
               </person-group>
               <source>Women's Rights Emerges within the Antislavery Movement, 1830-1870: A Brief History with Documents</source>
               <year>2000</year>
            </mixed-citation>
         </ref>
         <ref id="d5543e2003a1310">
            <mixed-citation id="d5543e2007" publication-type="other">
Stansell, Christine. 2001. "Wild Wishes." The New Republic, 17
September, pp. 49-54</mixed-citation>
         </ref>
         <ref id="d5543e2018a1310">
            <mixed-citation id="d5543e2022" publication-type="journal">
Stanton, Elizabeth Cady. 1891. "Patriotism and Chastity." In
Westminster Review, CXXXV (January). London, pp. 1-5<person-group>
                  <string-name>
                     <surname>Stanton</surname>
                  </string-name>
               </person-group>
               <issue>January</issue>
               <fpage>1</fpage>
               <volume>CXXXV</volume>
               <source>Westminster Review</source>
               <year>1891</year>
            </mixed-citation>
         </ref>
         <ref id="d5543e2057a1310">
            <mixed-citation id="d5543e2061" publication-type="book">
Stanton, Elizabeth Cady. 1898. Eighty Years and More (1815-
1897): Reminiscences of Elizabeth Cady Stanton. London: T.
Fisher Unwin<person-group>
                  <string-name>
                     <surname>Stanton</surname>
                  </string-name>
               </person-group>
               <source>Eighty Years and More (1815-1897): Reminiscences of Elizabeth Cady Stanton</source>
               <year>1898</year>
            </mixed-citation>
         </ref>
         <ref id="d5543e2090a1310">
            <mixed-citation id="d5543e2094" publication-type="book">
Stanton, Elizabeth Cady. 1981. Elizabeth Cady Stanton/Susan B.
Anthony: Correspondence, Writings, Speeches, ed. Ellen Carol
DuBois. New York: Schocken<person-group>
                  <string-name>
                     <surname>Stanton</surname>
                  </string-name>
               </person-group>
               <source>Elizabeth Cady Stanton/Susan B. Anthony: Correspondence, Writings, Speeches</source>
               <year>1981</year>
            </mixed-citation>
         </ref>
         <ref id="d5543e2123a1310">
            <mixed-citation id="d5543e2127" publication-type="book">
Stanton, Elizabeth Cady. 1989. The Search for Self-Sovereignty:
The Oratory of Elizabeth Cady Stanton, ed. Beth M.
Waggenspack. New York: Greenwood Press<person-group>
                  <string-name>
                     <surname>Stanton</surname>
                  </string-name>
               </person-group>
               <source>The Search for Self-Sovereignty: The Oratory of Elizabeth Cady Stanton</source>
               <year>1989</year>
            </mixed-citation>
         </ref>
         <ref id="d5543e2156a1310">
            <mixed-citation id="d5543e2160" publication-type="book">
Stanton, Elizabeth Cady. 1997. The Selected Papers of Elizabeth
Cady Stanton and Susan B. Anthony, Volume I: In the School
of Anti-Slavery 1840 to 1866, ed. Ann D. Gordon. New
Brunswick: Rutgers University Press<person-group>
                  <string-name>
                     <surname>Stanton</surname>
                  </string-name>
               </person-group>
               <source>The Selected Papers of Elizabeth Cady Stanton and Susan B. Anthony, Volume I: In the School of Anti-Slavery 1840 to 1866</source>
               <year>1997</year>
            </mixed-citation>
         </ref>
         <ref id="d5543e2192a1310">
            <mixed-citation id="d5543e2196" publication-type="book">
Stanton, Elizabeth Cady. 2000. The Selected Papers of Elizabeth
Cady Stanton and Susan B. Anthony, Volume II: Against an
Aristocracy of Sex, ed. Ann D. Gordon. New Brunswick: Rut¬
gers University Press<person-group>
                  <string-name>
                     <surname>Stanton</surname>
                  </string-name>
               </person-group>
               <source>The Selected Papers of Elizabeth Cady Stanton and Susan B. Anthony, Volume II: Against an Aristocracy of Sex</source>
               <year>2000</year>
            </mixed-citation>
         </ref>
         <ref id="d5543e2229a1310">
            <mixed-citation id="d5543e2233" publication-type="other">
Stanton, Elizabeth Cady, and Anthony, Susan B.1991. "The Rev-
olution." In The Papers of Elizabeth Cady Stanton and Susan
B. Anthony, ed. Patricia G. Holland and Ann D. Gordon.
Wilmington, Delaware: Scholarly Resources. Microfilm. Se¬
ries l,Rolls 1-2</mixed-citation>
         </ref>
         <ref id="d5543e2252a1310">
            <mixed-citation id="d5543e2256" publication-type="book">
Stanton, Elizabeth Cady, Anthony, Susan B., and Gage, Matilda
Joslyn. 1889. History of Woman Suffrage, Volume I, 1848-
1861. Rochester, NY: Charles Mann<person-group>
                  <string-name>
                     <surname>Stanton</surname>
                  </string-name>
               </person-group>
               <source>History of Woman Suffrage, Volume I, 1848-1861</source>
               <year>1889</year>
            </mixed-citation>
         </ref>
         <ref id="d5543e2285a1310">
            <mixed-citation id="d5543e2289" publication-type="book">
Taylor, Barbara. 1983. Eve and the New Jerusalem: Socialism and
Feminism in the Nineteenth Century. New York: Pantheon
Books<person-group>
                  <string-name>
                     <surname>Taylor</surname>
                  </string-name>
               </person-group>
               <source>Eve and the New Jerusalem: Socialism and Feminism in the Nineteenth Century</source>
               <year>1983</year>
            </mixed-citation>
         </ref>
         <ref id="d5543e2318a1310">
            <mixed-citation id="d5543e2322" publication-type="book">
Taylor, Barbara. 2002. "The religious foundations of Mary
Wollstonecraft's feminism." In The Cambridge Companion
to Mary Wollstonecraft, ed. Claudia Johnson. Cambridge:
Cambridge University Press, pp. 99-118<person-group>
                  <string-name>
                     <surname>Taylor</surname>
                  </string-name>
               </person-group>
               <comment content-type="section">The religious foundations of Mary Wollstonecraft's feminism</comment>
               <fpage>99</fpage>
               <source>The Cambridge Companion to Mary Wollstonecraft</source>
               <year>2002</year>
            </mixed-citation>
         </ref>
         <ref id="d5543e2360a1310">
            <mixed-citation id="d5543e2364" publication-type="book">
Taylor, Barbara. 2003. Mary Wollstonecraft and the Fem-
inist Imagination. Cambridge: Cambridge University
Press<person-group>
                  <string-name>
                     <surname>Taylor</surname>
                  </string-name>
               </person-group>
               <source>Mary Wollstonecraft and the Feminist Imagination</source>
               <year>2003</year>
            </mixed-citation>
         </ref>
         <ref id="d5543e2393a1310">
            <mixed-citation id="d5543e2397" publication-type="book">
Thiébaux, Marcelle. 1978. "Mary Wollstonecraft in Federalist
America, 1791-1802." In The Evidence of Imagination: Stud-
ies of Interactions between Life and Art in English Romantic
Literature, ed. Donald H. Reiman, Michael C. Jaye, and Betty
T. Bennett. New York: New York University Press, pp. 195—
228<person-group>
                  <string-name>
                     <surname>Thiébaux</surname>
                  </string-name>
               </person-group>
               <comment content-type="section">Mary Wollstonecraft in Federalist America, 1791-1802</comment>
               <fpage>195</fpage>
               <source>The Evidence of Imagination: Studies of Interactions between Life and Art in English Romantic Literature</source>
               <year>1978</year>
            </mixed-citation>
         </ref>
         <ref id="d5543e2442a1310">
            <mixed-citation id="d5543e2446" publication-type="book">
Wardle, Ralph. 1951. Mary Wollstonecraft: A Critical Biography.
Lawrence: University of Kansas Press<person-group>
                  <string-name>
                     <surname>Wardle</surname>
                  </string-name>
               </person-group>
               <source>Mary Wollstonecraft: A Critical Biography</source>
               <year>1951</year>
            </mixed-citation>
         </ref>
         <ref id="d5543e2471a1310">
            <mixed-citation id="d5543e2475" publication-type="book">
Windle, John. 2000. Mary Wollstonecraft Godwin, 1759-1797: A
Bibliography of the First and Early Editions, ed. Karma Pippin.
New Castle, DE: Oak Knoll Press<person-group>
                  <string-name>
                     <surname>Windle</surname>
                  </string-name>
               </person-group>
               <source>Mary Wollstonecraft Godwin, 1759-1797: A Bibliography of the First and Early Editions</source>
               <year>2000</year>
            </mixed-citation>
         </ref>
         <ref id="d5543e2504a1310">
            <mixed-citation id="d5543e2508" publication-type="book">
Withey, Lynne. 2002. Dearest Friend: A Life of Abigail Adams.
New York: Simon and Schuster<person-group>
                  <string-name>
                     <surname>Withey</surname>
                  </string-name>
               </person-group>
               <source>Dearest Friend: A Life of Abigail Adams</source>
               <year>2002</year>
            </mixed-citation>
         </ref>
         <ref id="d5543e2533a1310">
            <mixed-citation id="d5543e2537" publication-type="book">
Wollstonecraft, Mary. 1995. A Vindication of the Rights of
Woman. In A Vindication of the Rights of Men and A Vin-
dication of the Rights of Woman, ed. Sylvana Tomaselli.
Cambridge: Cambridge University Press<person-group>
                  <string-name>
                     <surname>Wollstonecraft</surname>
                  </string-name>
               </person-group>
               <comment content-type="section">A Vindication of the Rights of Woman</comment>
               <source>A Vindication of the Rights of Men and A Vindication of the Rights of Woman</source>
               <year>1995</year>
            </mixed-citation>
         </ref>
      </ref-list>
   </back>
</article>
