<article xmlns:xsi="http://www.w3.org/2001/XMLSchema-instance"
         xmlns:xlink="http://www.w3.org/1999/xlink"
         xmlns:mml="http://www.w3.org/1998/Math/MathML"
         dtd-version="1.0"
         article-type="research-article">
   <front>
      <journal-meta>
         <journal-id journal-id-type="jstor">amerjpoliscie</journal-id>
         <journal-id journal-id-type="jstor">j100487</journal-id>
         <journal-title-group>
            <journal-title>American Journal of Political Science</journal-title>
         </journal-title-group>
         <publisher>
            <publisher-name>Blackwell Publishing</publisher-name>
         </publisher>
         <issn pub-type="ppub">00925853</issn>
         <issn pub-type="epub">15405907</issn>
      </journal-meta>
      <article-meta>
         <article-id pub-id-type="doi">10.2307/1519893</article-id>
         <title-group>
            <article-title>The Responsible Party Government Model in House and Senate Elections</article-title>
         </title-group>
         <contrib-group>
            <contrib contrib-type="author">
               <string-name>
                  <given-names>David R.</given-names>
                  <surname>Jones</surname>
               </string-name>
            </contrib>
            <contrib contrib-type="author">
               <string-name>
                  <given-names>Monika L.</given-names>
                  <surname>McDermott</surname>
               </string-name>
            </contrib>
         </contrib-group>
         <pub-date>
            <day>1</day>
            <month>1</month>
            <year>2004</year>
         </pub-date>
         <volume>48</volume>
         <issue>1</issue>
         <issue-id>i267684</issue-id>
         <fpage>1</fpage>
         <lpage>12</lpage>
         <page-range>1-12</page-range>
         <permissions>
            <copyright-statement>Copyright 2004 The Midwest Political Science Association</copyright-statement>
         </permissions>
         <self-uri xlink:href="http://www.jstor.org/stable/1519893"/>
         <abstract>
            <p>Responsible party government theory requires that voters hold parties electorally accountable for their performance in control of government. Existing literature suggests that voters do this only to a limited extent-holding the presidential party's candidates responsible for government performance on Election Day. While this method of voting may hold the executive accountable for his performance, it is not really an effective way to hold the party in control of Congress accountable for its performance. The method falls short particularly when Congress is controlled by a different party than the president, but also whenever a Congress controlled by the same party pursues policies different from the president's. Using surveys of voters leaving the polls in the 1990, 1994, and 1998 midterm congressional elections, this study tests whether voters' evaluations of Congress's job performance also affect their support for majority party candidates in House and Senate elections, during both unified and divided government.</p>
         </abstract>
         <custom-meta-group>
            <custom-meta>
               <meta-name>lang</meta-name>
               <meta-value>eng</meta-value>
            </custom-meta>
         </custom-meta-group>
      </article-meta>
   </front>
   <back>
      <fn-group>
         <title>[Footnotes]</title>
         <fn id="d29546e132a1310">
            <label>1</label>
            <p>
               <mixed-citation id="d29546e139" publication-type="journal">
Sundquist (1988)  </mixed-citation>
            </p>
         </fn>
         <fn id="d29546e148a1310">
            <label>3</label>
            <p>
               <mixed-citation id="d29546e155" publication-type="other">
Arnold 1990, ch. 3</mixed-citation>
            </p>
         </fn>
         <fn id="d29546e162a1310">
            <label>6</label>
            <p>
               <mixed-citation id="d29546e169" publication-type="partial">
Voter News Service (1994</mixed-citation>
            </p>
            <p>
               <mixed-citation id="d29546e175" publication-type="partial">
1998</mixed-citation>
            </p>
            <p>
               <mixed-citation id="d29546e181" publication-type="partial">
Voter Research
and Surveys (1990)</mixed-citation>
            </p>
         </fn>
         <fn id="d29546e191a1310">
            <label>7</label>
            <p>
               <mixed-citation id="d29546e198" publication-type="journal">
Silver, Anderson, and Abramson (1986)  </mixed-citation>
            </p>
            <p>
               <mixed-citation id="d29546e206" publication-type="partial">
ANES (1990)</mixed-citation>
            </p>
         </fn>
         <fn id="d29546e214a1310">
            <label>8</label>
            <p>
               <mixed-citation id="d29546e221" publication-type="journal">
Atkeson (1999)  </mixed-citation>
            </p>
            <p>
               <mixed-citation id="d29546e229" publication-type="journal">
Box-Steffensmeier,
Jacobson, and Grant (2000)  </mixed-citation>
            </p>
            <p>
               <mixed-citation id="d29546e240" publication-type="journal">
Wright (1993)  </mixed-citation>
            </p>
         </fn>
         <fn id="d29546e249a1310">
            <label>16</label>
            <p>
               <mixed-citation id="d29546e256" publication-type="journal">
Squire and Smith (1996)  </mixed-citation>
            </p>
         </fn>
         <fn id="d29546e265a1310">
            <label>17</label>
            <p>
               <mixed-citation id="d29546e272" publication-type="journal">
Rudolph (2002)  </mixed-citation>
            </p>
         </fn>
      </fn-group>
      <ref-list>
         <title>References</title>
         <ref id="d29546e290a1310">
            <mixed-citation id="d29546e294" publication-type="journal">
Abramowitz, Alan L, and Jeffrey A. Segal. 1990. "Beyond Willie
Horton and the Pledge of Allegiance: National Issues in
the 1988 Elections." Legislative Studies Quarterly15(4):565-
80<object-id pub-id-type="doi">10.2307/439897</object-id>
               <fpage>565</fpage>
            </mixed-citation>
         </ref>
         <ref id="d29546e317a1310">
            <mixed-citation id="d29546e321" publication-type="book">
Arnold, R. Douglas. 1990. The Logic of Congressional Action.
New Haven: Yale University Press<person-group>
                  <string-name>
                     <surname>Arnold</surname>
                  </string-name>
               </person-group>
               <source>The Logic of Congressional Action</source>
               <year>1990</year>
            </mixed-citation>
         </ref>
         <ref id="d29546e346a1310">
            <mixed-citation id="d29546e350" publication-type="journal">
Atkeson, Lonna R.1999. u&lt;Sure I Voted for the Winner!' Over-
report of the Primary Vote for the Party Nominee." Political
Behavior21(3):197-215<object-id pub-id-type="jstor">10.2307/586453</object-id>
               <fpage>197</fpage>
            </mixed-citation>
         </ref>
         <ref id="d29546e369a1310">
            <mixed-citation id="d29546e373" publication-type="journal">
Box-Steffensmeier, Janet, Gary C. Jacobson, and J. Tobin Grant.
2000. "Question Wording and House Vote." Public Opinion
Quarterly64(3):257-70<object-id pub-id-type="jstor">10.2307/3078719</object-id>
               <fpage>257</fpage>
            </mixed-citation>
         </ref>
         <ref id="d29546e393a1310">
            <mixed-citation id="d29546e397" publication-type="book">
Cox, Gary W., and Matthew D. McCubbins. 1993. Legislative
Leviathan. Berkley: University of California Press<person-group>
                  <string-name>
                     <surname>Cox</surname>
                  </string-name>
               </person-group>
               <source>Legislative Leviathan</source>
               <year>1993</year>
            </mixed-citation>
         </ref>
         <ref id="d29546e422a1310">
            <mixed-citation id="d29546e426" publication-type="journal">
Cutler, Lloyd N.1988. "Some Reflections About Divided
Government." Presidential Studies Quarterly17(3):485-
92<person-group>
                  <string-name>
                     <surname>Cutler</surname>
                  </string-name>
               </person-group>
               <issue>3</issue>
               <fpage>485</fpage>
               <volume>17</volume>
               <source>Presidential Studies Quarterly</source>
               <year>1988</year>
            </mixed-citation>
         </ref>
         <ref id="d29546e464a1310">
            <mixed-citation id="d29546e468" publication-type="book">
Fiorina, Morris P.1981. Retrospective Voting in American Na-
tional Elections. New Haven: Yale University Press<person-group>
                  <string-name>
                     <surname>Fiorina</surname>
                  </string-name>
               </person-group>
               <source>Retrospective Voting in American National Elections</source>
               <year>1981</year>
            </mixed-citation>
         </ref>
         <ref id="d29546e493a1310">
            <mixed-citation id="d29546e497" publication-type="book">
Fiorina, Morris P. 1996. Divided Government. Boston: Allyn and
Bacon<person-group>
                  <string-name>
                     <surname>Fiorina</surname>
                  </string-name>
               </person-group>
               <source>Divided Government</source>
               <year>1996</year>
            </mixed-citation>
         </ref>
         <ref id="d29546e522a1310">
            <mixed-citation id="d29546e526" publication-type="book">
Gronke, Paul. 2000. The Electorate, the Campaign and the Office:
a Unified Approach to House and Senate Elections. Ann Arbor:
University of Michigan Press<person-group>
                  <string-name>
                     <surname>Gronke</surname>
                  </string-name>
               </person-group>
               <source>The Electorate, the Campaign and the Office: a Unified Approach to House and Senate Elections</source>
               <year>2000</year>
            </mixed-citation>
         </ref>
         <ref id="d29546e555a1310">
            <mixed-citation id="d29546e559" publication-type="journal">
Hibbing, John R., and John R. Alford. 1982. "Economic Con-
ditions and the Forgotten Side of Congress: A Foray into
US Senate Elections." British Journal of Political Science
12(4):505-13<object-id pub-id-type="jstor">10.2307/193672</object-id>
               <fpage>505</fpage>
            </mixed-citation>
         </ref>
         <ref id="d29546e583a1310">
            <mixed-citation id="d29546e587" publication-type="book">
Hibbing, John R., and Elizabeth Theiss-Morse. 1995. Congress
as Public Enemy: Public Attitudes towards American Political
Institutions. New York: Cambridge University Press<person-group>
                  <string-name>
                     <surname>Hibbing</surname>
                  </string-name>
               </person-group>
               <source>Congress as Public Enemy: Public Attitudes towards American Political Institutions</source>
               <year>1995</year>
            </mixed-citation>
         </ref>
         <ref id="d29546e616a1310">
            <mixed-citation id="d29546e620" publication-type="book">
Hibbing, John H., and Eric Tiritilli. 2000. "Public Disapproval
of Congress Can Be Dangerous to Majority Party Candi-
dates: The Case of 1994." In Continuity and Change in House
Elections, ed. David W. Brady, John Cogan, and Morris
P Fiorina. Stanford: Stanford University Press, pp. 110-
29<person-group>
                  <string-name>
                     <surname>Hibbing</surname>
                  </string-name>
               </person-group>
               <comment content-type="section">Public Disapproval of Congress Can Be Dangerous to Majority Party Candidates: The Case of 1994</comment>
               <fpage>110</fpage>
               <source>Continuity and Change in House Elections</source>
               <year>2000</year>
            </mixed-citation>
         </ref>
         <ref id="d29546e664a1310">
            <mixed-citation id="d29546e668" publication-type="book">
Jacobson, Gary C, and Samuel Kernell. 1983. Strategy and
Choice in Congressional Elections. 2nd ed. New Haven: Yale
University Press<person-group>
                  <string-name>
                     <surname>Jacobson</surname>
                  </string-name>
               </person-group>
               <edition>2</edition>
               <source>Strategy and Choice in Congressional Elections</source>
               <year>1983</year>
            </mixed-citation>
         </ref>
         <ref id="d29546e700a1310">
            <mixed-citation id="d29546e704" publication-type="journal">
Jones, David R., and Monika L. McDermott. 2002. "Ideological
Perceptions of the Majority Party and Approval of Congress"
Legislative Studies Quarterly27(2):245-64<object-id pub-id-type="doi">10.2307/3598530</object-id>
               <fpage>245</fpage>
            </mixed-citation>
         </ref>
         <ref id="d29546e723a1310">
            <mixed-citation id="d29546e727" publication-type="book">
Key, V. O., Jr. 1966. The Responsible Electorate: Rational-
ity in Presidential Voting, 1936-1960. New York: Vintage
Books<person-group>
                  <string-name>
                     <surname>Key</surname>
                  </string-name>
               </person-group>
               <source>The Responsible Electorate: Rationality in Presidential Voting, 1936-1960</source>
               <year>1966</year>
            </mixed-citation>
         </ref>
         <ref id="d29546e756a1310">
            <mixed-citation id="d29546e762" publication-type="journal">
Kimball, David C, and Samuel C. Patterson. 1997. "Living Up
to Expectations: Public Attitudes Toward Congress." Journal
of Politics59(3):701-28<object-id pub-id-type="doi">10.2307/2998634</object-id>
               <fpage>701</fpage>
            </mixed-citation>
         </ref>
         <ref id="d29546e782a1310">
            <mixed-citation id="d29546e786" publication-type="book">
Mayhew, David R.1974. Congress: The Electoral Connection.
New Haven: Yale University Press<person-group>
                  <string-name>
                     <surname>Mayhew</surname>
                  </string-name>
               </person-group>
               <source>Congress: The Electoral Connection</source>
               <year>1974</year>
            </mixed-citation>
         </ref>
         <ref id="d29546e811a1310">
            <mixed-citation id="d29546e815" publication-type="book">
Mayhew, David R.1991. Divided We Govern. New Haven: Yale
University Press<person-group>
                  <string-name>
                     <surname>Mayhew</surname>
                  </string-name>
               </person-group>
               <source>Divided We Govern</source>
               <year>1991</year>
            </mixed-citation>
         </ref>
         <ref id="d29546e840a1310">
            <mixed-citation id="d29546e844" publication-type="other">
Mayhew, David R. 2002. "Datasets for Divided We Govern
(1991)." http://pantheon.yale.edu/~dmayhew/data3.html
(accessed August 1, 2002)</mixed-citation>
         </ref>
         <ref id="d29546e857a1310">
            <mixed-citation id="d29546e861" publication-type="journal">
McDermott, Monika L., and David R. Jones. 2003. "Do Pub¬
lic Evaluations of Congress Matter? Retrospective Vot¬
ing in Congressional Elections." American Politics Research
32(2):155-77<person-group>
                  <string-name>
                     <surname>McDermott</surname>
                  </string-name>
               </person-group>
               <issue>2</issue>
               <fpage>155</fpage>
               <volume>32</volume>
               <source>American Politics Research</source>
               <year>2003</year>
            </mixed-citation>
         </ref>
         <ref id="d29546e902a1310">
            <mixed-citation id="d29546e906" publication-type="journal">
Patterson, Samuel C, Randall B. Ripley, and Stephen V
Quinlan. 1992. "Citizens' Orientations Toward Legislatures:
Congress and the State Legislature." Western Political Quar-
terly45(2):315-38<object-id pub-id-type="doi">10.2307/448714</object-id>
               <fpage>315</fpage>
            </mixed-citation>
         </ref>
         <ref id="d29546e929a1310">
            <mixed-citation id="d29546e933" publication-type="book">
Ranney, Austin. 1954. The Doctrine of Responsible Party Govern-
ment: Its Origins and Present State. Urbana: The University
oflllinois Press<person-group>
                  <string-name>
                     <surname>Ranney</surname>
                  </string-name>
               </person-group>
               <source>The Doctrine of Responsible Party Government: Its Origins and Present State</source>
               <year>1954</year>
            </mixed-citation>
         </ref>
         <ref id="d29546e963a1310">
            <mixed-citation id="d29546e967" publication-type="journal">
Rudolph, Thomas J.2002. "The Economic Sources of Congres¬
sional Approval." Legislative Studies Quarterly27(4) :577-
600<object-id pub-id-type="doi">10.2307/3598660</object-id>
               <fpage>577</fpage>
            </mixed-citation>
         </ref>
         <ref id="d29546e986a1310">
            <mixed-citation id="d29546e990" publication-type="journal">
Silver, Brian D., Barbara A. Anderson, and Paul R. Abramson.
1986. "Who Overreports Voting?" American Political Science
Review80(2):613-24<object-id pub-id-type="doi">10.2307/1958277</object-id>
               <fpage>613</fpage>
            </mixed-citation>
         </ref>
         <ref id="d29546e1009a1310">
            <mixed-citation id="d29546e1013" publication-type="journal">
Squire, Peverill, and Eric R. A. N. Smith. 1996. "A Further Exam-
ination of Challenger Quality in Senate Elections." Legislative
Studies Quarterly21(2):235-48<object-id pub-id-type="doi">10.2307/440181</object-id>
               <fpage>235</fpage>
            </mixed-citation>
         </ref>
         <ref id="d29546e1032a1310">
            <mixed-citation id="d29546e1036" publication-type="journal">
Stokes, Donald E., and Warren E. Miller. 1962. "Party Govern¬
ment and the Saliency ofCongress." Public Opinion Quarterly
26(4):531-46<object-id pub-id-type="jstor">10.2307/2747304</object-id>
               <fpage>531</fpage>
            </mixed-citation>
         </ref>
         <ref id="d29546e1055a1310">
            <mixed-citation id="d29546e1059" publication-type="journal">
Sundquist, James L.1988. "Needed: A Political Theory for the
New Era of Divided Government in the United States."
Political Science Quarterly103(4):613-35<object-id pub-id-type="doi">10.2307/2150899</object-id>
               <fpage>613</fpage>
            </mixed-citation>
         </ref>
         <ref id="d29546e1078a1310">
            <mixed-citation id="d29546e1082" publication-type="journal">
Wright, Gerald C.1993. "Errors in Measuring Vote Choice in
the National Election Studies." American Journal of Political
Science37(1):291-316<object-id pub-id-type="doi">10.2307/2111533</object-id>
               <fpage>291</fpage>
            </mixed-citation>
         </ref>
      </ref-list>
   </back>
</article>
