<article xmlns:xsi="http://www.w3.org/2001/XMLSchema-instance"
         xmlns:xlink="http://www.w3.org/1999/xlink"
         xmlns:mml="http://www.w3.org/1998/Math/MathML"
         dtd-version="1.0"
         article-type="research-article">
   <front>
      <journal-meta>
         <journal-id journal-id-type="jstor">amerjpoliscie</journal-id>
         <journal-id journal-id-type="jstor">j100487</journal-id>
         <journal-title-group>
            <journal-title>American Journal of Political Science</journal-title>
         </journal-title-group>
         <publisher>
            <publisher-name>Blackwell Publishing</publisher-name>
         </publisher>
         <issn pub-type="ppub">00925853</issn>
         <issn pub-type="epub">15405907</issn>
      </journal-meta>
      <article-meta>
         <article-id pub-id-type="doi">10.2307/1519919</article-id>
         <title-group>
            <article-title>International Conflict and the Tenure of Leaders: Is War Still "Ex Post" Inefficient?</article-title>
         </title-group>
         <contrib-group>
            <contrib contrib-type="author">
               <string-name>
                  <given-names>Giacomo</given-names>
                  <surname>Chiozza</surname>
               </string-name>
            </contrib>
            <contrib contrib-type="author">
               <string-name>
                  <given-names>H. E.</given-names>
                  <surname>Goemans</surname>
               </string-name>
            </contrib>
         </contrib-group>
         <pub-date>
            <day>1</day>
            <month>7</month>
            <year>2004</year>
         </pub-date>
         <volume>48</volume>
         <issue>3</issue>
         <issue-id>i267686</issue-id>
         <fpage>604</fpage>
         <lpage>619</lpage>
         <page-range>604-619</page-range>
         <permissions>
            <copyright-statement>Copyright 2004 The Midwest Political Science Association</copyright-statement>
         </permissions>
         <self-uri xlink:href="http://www.jstor.org/stable/1519919"/>
         <abstract>
            <p>Recent work in comparative politics and international relations has shown a marked shift toward leaders as the theoretical unit of analysis. In most of the new theoretical models a core assumption is that leaders act to stay in power. There exists, however, remarkably little systematic empirical knowledge about the factors that affect the tenure of leaders. To provide a baseline of empirical results we explore how a broad range of domestic and international factors affects the tenure of leaders. We focus in particular on the effect of conflict and its outcome. We find that political institutions fundamentally mediate the costs and benefits of international conflict and that war is not necessarily ex post inefficient for leaders. This suggests that the assumption that war is ex post inefficient for unitary rational actors can not be simply extended to leaders. Therefore, a focus on leaders may yield important new rationalist explanations for war.</p>
         </abstract>
         <custom-meta-group>
            <custom-meta>
               <meta-name>lang</meta-name>
               <meta-value>eng</meta-value>
            </custom-meta>
         </custom-meta-group>
      </article-meta>
   </front>
   <back>
      <fn-group>
         <title>[Footnotes]</title>
         <fn id="d35904e132a1310">
            <label>3</label>
            <p>
               <mixed-citation id="d35904e139" publication-type="book">
Bienen and van de Walle (1991)  </mixed-citation>
            </p>
            <p>
               <mixed-citation id="d35904e147" publication-type="journal">
Bueno
de Mesquita and Siverson (1995)  </mixed-citation>
            </p>
         </fn>
         <fn id="d35904e159a1310">
            <label>6</label>
            <p>
               <mixed-citation id="d35904e168" publication-type="journal">
Li et al. (1991)  </mixed-citation>
            </p>
            <p>
               <mixed-citation id="d35904e176" publication-type="journal">
Rubin and Schenker (1991)  </mixed-citation>
            </p>
         </fn>
         <fn id="d35904e185a1310">
            <label>7</label>
            <p>
               <mixed-citation id="d35904e192" publication-type="book">
Bienen and van de Walle (1991, 43)  <fpage>43</fpage>
               </mixed-citation>
            </p>
            <p>
               <mixed-citation id="d35904e203" publication-type="book">
Bueno de Mesquita et al.
(2001, 191)  <fpage>191</fpage>
               </mixed-citation>
            </p>
         </fn>
         <fn id="d35904e218a1310">
            <label>8</label>
            <p>
               <mixed-citation id="d35904e225" publication-type="other">
Correlates
of War Project (2003)  </mixed-citation>
            </p>
         </fn>
         <fn id="d35904e238a1310">
            <label>10</label>
            <p>
               <mixed-citation id="d35904e245" publication-type="journal">
Li et al. (1991)  </mixed-citation>
            </p>
         </fn>
         <fn id="d35904e254a1310">
            <label>11</label>
            <p>
               <mixed-citation id="d35904e261" publication-type="journal">
Friedrich (1982)  </mixed-citation>
            </p>
            <p>
               <mixed-citation id="d35904e269" publication-type="conference">
Gill (2001)  </mixed-citation>
            </p>
         </fn>
         <fn id="d35904e278a1310">
            <label>12</label>
            <p>
               <mixed-citation id="d35904e285" publication-type="journal">
Rubin and
Schenker 1991  </mixed-citation>
            </p>
         </fn>
         <fn id="d35904e297a1310">
            <label>14</label>
            <p>
               <mixed-citation id="d35904e304" publication-type="journal">
Friedrich (1982)  </mixed-citation>
            </p>
            <p>
               <mixed-citation id="d35904e312" publication-type="conference">
Gill (2001)  </mixed-citation>
            </p>
            <p>
               <mixed-citation id="d35904e320" publication-type="book">
Bueno de Mesquita et al. (2001)  </mixed-citation>
            </p>
         </fn>
         <fn id="d35904e329a1310">
            <label>17</label>
            <p>
               <mixed-citation id="d35904e336" publication-type="other">
United Nations' Energy Statistics Yearbook 1995, pp. xxv</mixed-citation>
            </p>
            <p>
               <mixed-citation id="d35904e342" publication-type="other">
OECD Statistical Compendium—CD Rom (1998)</mixed-citation>
            </p>
         </fn>
      </fn-group>
      <ref-list>
         <title>References</title>
         <ref id="d35904e358a1310">
            <mixed-citation id="d35904e362" publication-type="book">
Allison, Paul D.2002. Missing Data. Sage University Papers Se¬
ries on Quantitative Applications in the Social Sciences, 07-
136. Thousand Oaks, CA: Sage<person-group>
                  <string-name>
                     <surname>Allison</surname>
                  </string-name>
               </person-group>
               <fpage>07</fpage>
               <source>Missing Data</source>
               <year>2002</year>
            </mixed-citation>
         </ref>
         <ref id="d35904e394a1310">
            <mixed-citation id="d35904e398" publication-type="book">
Barbieri, Katherine. 2002. The Liberal Illusion: Does Trade Pro-
mote Peace? Ann Arbor: University of Michigan Press<person-group>
                  <string-name>
                     <surname>Barbieri</surname>
                  </string-name>
               </person-group>
               <source>The Liberal Illusion: Does Trade Promote Peace?</source>
               <year>2002</year>
            </mixed-citation>
         </ref>
         <ref id="d35904e423a1310">
            <mixed-citation id="d35904e427" publication-type="journal">
Bennett, D. Scott, and Allan C. Stam. 2000. "EUGene: A Con-
ceptual Manual." International Interactions26(2):179-204<person-group>
                  <string-name>
                     <surname>Bennett</surname>
                  </string-name>
               </person-group>
               <issue>2</issue>
               <fpage>179</fpage>
               <volume>26</volume>
               <source>International Interactions</source>
               <year>2000</year>
            </mixed-citation>
         </ref>
         <ref id="d35904e462a1310">
            <mixed-citation id="d35904e466" publication-type="book">
Bienen, Henry, and Nicholas van de Walle. 1991. Of Time and
Power: Leadership Duration in the Modern World. Stanford:
Stanford University Press<person-group>
                  <string-name>
                     <surname>Bienen</surname>
                  </string-name>
               </person-group>
               <source>Of Time and Power: Leadership Duration in the Modern World</source>
               <year>1991</year>
            </mixed-citation>
         </ref>
         <ref id="d35904e496a1310">
            <mixed-citation id="d35904e500" publication-type="journal">
Bollen, Kenneth A.1979. "Political Democracy and the Timing
of Development." American Sociological Review44(4) :572-
87<object-id pub-id-type="doi">10.2307/2094588</object-id>
               <fpage>572</fpage>
            </mixed-citation>
         </ref>
         <ref id="d35904e519a1310">
            <mixed-citation id="d35904e523" publication-type="journal">
Box-Steffensmeier, Janet M., Dan Reiter, and Christopher J. W.
Zorn. 2003. "Nonproportional Hazards and Event History
Analysis in International Relations." Journal of Conflict Res-
olution47(1) :33-53<object-id pub-id-type="jstor">10.2307/3176181</object-id>
               <fpage>33</fpage>
            </mixed-citation>
         </ref>
         <ref id="d35904e546a1310">
            <mixed-citation id="d35904e550" publication-type="book">
Brecher, Michael, and Jonathan Wilkenfeld. 1997. A Study of
Crisis. Ann Arbor: University of Michigan Press<person-group>
                  <string-name>
                     <surname>Brecher</surname>
                  </string-name>
               </person-group>
               <source>A Study of Crisis</source>
               <year>1997</year>
            </mixed-citation>
         </ref>
         <ref id="d35904e575a1310">
            <mixed-citation id="d35904e579" publication-type="book">
Bueno de Mesquita, Bruce, Alastair Smith, Randolph M.
Siverson, and James D. Morrow. 2003. The Logic of Politi-
cal Survival. Cambridge: MIT Press<person-group>
                  <string-name>
                     <surname>Bueno de Mesquita</surname>
                  </string-name>
               </person-group>
               <source>The Logic of Political Survival</source>
               <year>2003</year>
            </mixed-citation>
         </ref>
         <ref id="d35904e608a1310">
            <mixed-citation id="d35904e612" publication-type="journal">
Bueno de Mesquita, Bruce, James D. Morrow, Randolph M.
Siverson, and Alastair Smith. 1999. "An Institutional Expla-
nation ofthe Democratic Peace." American Political Science
Review93(4):791-807<object-id pub-id-type="doi">10.2307/2586113</object-id>
               <fpage>791</fpage>
            </mixed-citation>
         </ref>
         <ref id="d35904e635a1310">
            <mixed-citation id="d35904e639" publication-type="book">
Bueno de Mesquita, Bruce, James D. Morrow, Randolph M.
Siverson, and Alastair Smith. 2001. Political Survival and In-
ternational Conflict. In War in a Changing World, ed. Zeev
Maoz and Azar Gat. Ann Arbor: University of Michigan
Press, pp. 183-206<person-group>
                  <string-name>
                     <surname>Bueno de Mesquita</surname>
                  </string-name>
               </person-group>
               <comment content-type="section">Political Survival and International Conflict</comment>
               <fpage>183</fpage>
               <source>War in a Changing World</source>
               <year>2001</year>
            </mixed-citation>
         </ref>
         <ref id="d35904e681a1310">
            <mixed-citation id="d35904e685" publication-type="journal">
Bueno de Mesquita, Bruce, and Randolph M. Siverson. 1995.
"War and the Survival of Political Leaders: A Compara¬
tive Study of Regime Types and Political Accountability."
American Political Science Review89(4):841-55<object-id pub-id-type="doi">10.2307/2082512</object-id>
               <fpage>841</fpage>
            </mixed-citation>
         </ref>
         <ref id="d35904e708a1310">
            <mixed-citation id="d35904e712" publication-type="book">
Cheibub, José Antonio, and Adam Przeworksi. 1999. Democ-
racy, Elections, and Accountability for Economic Outcomes.
In Democracy, Accountability, and Representation, ed. Adam
Przeworksi, Susan C. Stokes, and Bernard Manin. Cam¬
bridge: Cambridge University Press, pp. 222-49<person-group>
                  <string-name>
                     <surname>Cheibub</surname>
                  </string-name>
               </person-group>
               <comment content-type="section">Democracy, Elections, and Accountability for Economic Outcomes</comment>
               <fpage>222</fpage>
               <source>Democracy, Accountability, and Representation</source>
               <year>1999</year>
            </mixed-citation>
         </ref>
         <ref id="d35904e753a1310">
            <mixed-citation id="d35904e757" publication-type="journal">
Chiozza, Giacomo, and H. E. Goemans. 2003. "Peace through
Insecurity: Tenure and International Conflict." Journal of
Conflict Resolution47(4):443-67<object-id pub-id-type="jstor">10.2307/3176204</object-id>
               <fpage>443</fpage>
            </mixed-citation>
         </ref>
         <ref id="d35904e776a1310">
            <mixed-citation id="d35904e780" publication-type="book">
Cook, Chris, and John Paxton. 1998. European Political Facts,
1900-1996. New York: St. Martin's Press<person-group>
                  <string-name>
                     <surname>Cook</surname>
                  </string-name>
               </person-group>
               <source>European Political Facts, 1900-1996</source>
               <year>1998</year>
            </mixed-citation>
         </ref>
         <ref id="d35904e805a1310">
            <mixed-citation id="d35904e809" publication-type="book">
Copeland, Dale C.2000. The Origins of Major War. Ithaca:
Cornell University Press<person-group>
                  <string-name>
                     <surname>Copeland</surname>
                  </string-name>
               </person-group>
               <source>The Origins of Major War</source>
               <year>2000</year>
            </mixed-citation>
         </ref>
         <ref id="d35904e834a1310">
            <mixed-citation id="d35904e838" publication-type="other">
Correlates of War 2 Project. 2003. State System Membership
List, v2002.1. Available at http://cow2.la.psu.edu</mixed-citation>
         </ref>
         <ref id="d35904e849a1310">
            <mixed-citation id="d35904e853" publication-type="book">
Derbyshire, J. Denis, and Ian Derbyshire. 1996. Political Systems
of the World. New York: St. Martin's Press<person-group>
                  <string-name>
                     <surname>Derbyshire</surname>
                  </string-name>
               </person-group>
               <source>Political Systems of the World</source>
               <year>1996</year>
            </mixed-citation>
         </ref>
         <ref id="d35904e878a1310">
            <mixed-citation id="d35904e882" publication-type="book">
Downs, Anthony. 1957. An Economic Theory of Democracy. New
York: Harpers and Collins<person-group>
                  <string-name>
                     <surname>Downs</surname>
                  </string-name>
               </person-group>
               <source>An Economic Theory of Democracy</source>
               <year>1957</year>
            </mixed-citation>
         </ref>
         <ref id="d35904e907a1310">
            <mixed-citation id="d35904e911" publication-type="journal">
Downs, George, and David M. Rocke. 1994. "Conflict, Agency
and Gambling for Resurrection: The Principal-Agent Prob¬
lem Goes to War." American Journal of Political Science
38(2):362-80<object-id pub-id-type="doi">10.2307/2111408</object-id>
               <fpage>362</fpage>
            </mixed-citation>
         </ref>
         <ref id="d35904e934a1310">
            <mixed-citation id="d35904e938" publication-type="journal">
Fearon, James D.1995. "Rationalist Explanations for War." In-
ternational Organization49(3):379-414<object-id pub-id-type="jstor">10.2307/2706903</object-id>
               <fpage>379</fpage>
            </mixed-citation>
         </ref>
         <ref id="d35904e954a1310">
            <mixed-citation id="d35904e958" publication-type="journal">
Fearon, James D., and David D. Laitin. 2003. "Ethnicity, In-
surgency, and Civil War." American Political Science Review
97(l):75-90<object-id pub-id-type="jstor">10.2307/3118222</object-id>
               <fpage>75</fpage>
            </mixed-citation>
         </ref>
         <ref id="d35904e977a1310">
            <mixed-citation id="d35904e981" publication-type="journal">
Friedrich, Robert J.1982. "In Defense of Multiplicative Terms in
Multiple Regression Equations." American Journal of Political
Science26(4):797-833<object-id pub-id-type="doi">10.2307/2110973</object-id>
               <fpage>797</fpage>
            </mixed-citation>
         </ref>
         <ref id="d35904e1001a1310">
            <mixed-citation id="d35904e1005" publication-type="journal">
Gaubatz, Kurt Taylor. 1991. "Election Cycles and War." Journal
of Conflict Resolution35(2):211-44<person-group>
                  <string-name>
                     <surname>Gaubatz</surname>
                  </string-name>
               </person-group>
               <issue>2</issue>
               <fpage>211</fpage>
               <volume>35</volume>
               <source>Journal of Conflict Resolution</source>
               <year>1991</year>
            </mixed-citation>
         </ref>
         <ref id="d35904e1040a1310">
            <mixed-citation id="d35904e1044" publication-type="journal">
Gelpi, Christopher. 1997. "Democratic Diversions: Government
Structure and the Externalization of Domestic Conflict."
Journal of Conflict Resolution41(2):255-82<object-id pub-id-type="jstor">10.2307/174373</object-id>
               <fpage>255</fpage>
            </mixed-citation>
         </ref>
         <ref id="d35904e1063a1310">
            <mixed-citation id="d35904e1067" publication-type="journal">
Gelpi, Christopher, and Michael Griesdorf. 2001. "Winners
or Losers? Democracies in International Crisis, 1918-94."
American Political Science Review95(3):633-47<object-id pub-id-type="jstor">10.2307/3118238</object-id>
               <fpage>633</fpage>
            </mixed-citation>
         </ref>
         <ref id="d35904e1086a1310">
            <mixed-citation id="d35904e1090" publication-type="conference">
Gill, Jeff. 2001. Interpreting Interactions and Interaction Hi-
erarchies in Generalized Linear Models: Issues and Applica-
tions. Presented at the 2001 Annual Meeting of the American
Political Science Association, San Francisco<person-group>
                  <string-name>
                     <surname>Gill</surname>
                  </string-name>
               </person-group>
               <comment content-type="section">Interpreting Interactions and Interaction Hierarchies in Generalized Linear Models: Issues and Applications</comment>
               <source>2001 Annual Meeting of the American Political Science Association, San Francisco</source>
               <year>2001</year>
            </mixed-citation>
         </ref>
         <ref id="d35904e1125a1310">
            <mixed-citation id="d35904e1129" publication-type="journal">
Gleditsch, Kristian S.2002. "Expanded Trade and GDP Data."
Journal of Conflict Resolution46(5):712-24<object-id pub-id-type="jstor">10.2307/3176199</object-id>
               <fpage>712</fpage>
            </mixed-citation>
         </ref>
         <ref id="d35904e1145a1310">
            <mixed-citation id="d35904e1149" publication-type="journal">
Hess, Gregory D., and Athanasios Orphanides. 1995. "War Pol¬
itics: An Economic, Rational-Voter Framework." American
Economic Review85(4):828-46<object-id pub-id-type="jstor">10.2307/2118234</object-id>
               <fpage>828</fpage>
            </mixed-citation>
         </ref>
         <ref id="d35904e1169a1310">
            <mixed-citation id="d35904e1173" publication-type="other">
International Crisis Behavior Project. 2003. ICB Version 4
(1918-2001). Available at http://www.icbnet.org/</mixed-citation>
         </ref>
         <ref id="d35904e1183a1310">
            <mixed-citation id="d35904e1187" publication-type="journal">
Jagger, Keith, and Ted Robert Gurr. 1995. "Tracking Democ¬
racy's Third Wave with the Polity III Data." Journal of Peace
Research32(4):469-82<person-group>
                  <string-name>
                     <surname>Jagger</surname>
                  </string-name>
               </person-group>
               <issue>4</issue>
               <fpage>469</fpage>
               <volume>32</volume>
               <source>Journal of Peace Research</source>
               <year>1995</year>
            </mixed-citation>
         </ref>
         <ref id="d35904e1225a1310">
            <mixed-citation id="d35904e1229" publication-type="journal">
King, Gary, James Honaker, Anne Joseph, and Kenneth Scheve.
2001. "Analyzing Incomplete Political Science Data: An Al¬
ternative Algorithm for Multiple Imputation." American Po-
litical Science Review95(1):49-69<object-id pub-id-type="jstor">10.2307/3117628</object-id>
               <fpage>49</fpage>
            </mixed-citation>
         </ref>
         <ref id="d35904e1252a1310">
            <mixed-citation id="d35904e1256" publication-type="journal">
Leeds, Brett Ashley, and David R. Davis. 1997. "Domestic Po¬
litical Vulnerability and International Disputes." Journal of
Conflict Resolution41(6):814-34<object-id pub-id-type="jstor">10.2307/174432</object-id>
               <fpage>814</fpage>
            </mixed-citation>
         </ref>
         <ref id="d35904e1275a1310">
            <mixed-citation id="d35904e1279" publication-type="book">
Lentz, Harris M.1994. Heads of States and Governments: A
Worldwide Encyclopedia of Over 2,300 Leaders, 1945 through
1992. Jefferson, NC: McFarland<person-group>
                  <string-name>
                     <surname>Lentz</surname>
                  </string-name>
               </person-group>
               <source>Heads of States and Governments: A Worldwide Encyclopedia of Over 2,300 Leaders, 1945 through 1992</source>
               <year>1994</year>
            </mixed-citation>
         </ref>
         <ref id="d35904e1308a1310">
            <mixed-citation id="d35904e1312" publication-type="book">
Lentz, Harris M.1999. Encyclopedia of Heads of States and Gov-
ernments, 1900 through 1945. Jefferson, NC: McFarland<person-group>
                  <string-name>
                     <surname>Lentz</surname>
                  </string-name>
               </person-group>
               <source>Encyclopedia of Heads of States and Governments, 1900 through 1945</source>
               <year>1999</year>
            </mixed-citation>
         </ref>
         <ref id="d35904e1338a1310">
            <mixed-citation id="d35904e1342" publication-type="journal">
Li, Kim-Hung, Xiao-Li Meng, T. E. Raghunathan, and Donald
B. Rubin. 1991. "Significance Levels from Repeated p-Values
with Multiply-Imputed Data." Statistica Sinica1(1):65-
92<person-group>
                  <string-name>
                     <surname>Li</surname>
                  </string-name>
               </person-group>
               <issue>1</issue>
               <fpage>65</fpage>
               <volume>1</volume>
               <source>Statistica Sinica</source>
               <year>1991</year>
            </mixed-citation>
         </ref>
         <ref id="d35904e1383a1310">
            <mixed-citation id="d35904e1387" publication-type="book">
Linz, Juan J.1994. Presidential or Parliamentary Democracy:
Does It Make a Difference? In The Failure of Presidential
Democracy, ed. Juan J. Linz and Arturo Valenzuela. Balti-
more: Johns Hopkins University Press, pp. 3-87<person-group>
                  <string-name>
                     <surname>Linz</surname>
                  </string-name>
               </person-group>
               <comment content-type="section">Presidential or Parliamentary Democracy: Does It Make a Difference?</comment>
               <fpage>3</fpage>
               <source>The Failure of Presidential Democracy</source>
               <year>1994</year>
            </mixed-citation>
         </ref>
         <ref id="d35904e1425a1310">
            <mixed-citation id="d35904e1429" publication-type="book">
Mitchell, B. R. 1998a. International Historical Statistics: Africa,
Asia &amp; Oceania, 1750-1993. London: Macmillan<person-group>
                  <string-name>
                     <surname>Mitchell</surname>
                  </string-name>
               </person-group>
               <source>International Historical Statistics: Africa, Asia &amp; Oceania, 1750-1993</source>
               <year>1998</year>
            </mixed-citation>
         </ref>
         <ref id="d35904e1454a1310">
            <mixed-citation id="d35904e1458" publication-type="book">
Mitchell, B. R. 1998b. International Historical Statistics: The
Americas, 1750-1993. London: Macmillan<person-group>
                  <string-name>
                     <surname>Mitchell</surname>
                  </string-name>
               </person-group>
               <source>International Historical Statistics: The Americas, 1750-1993</source>
               <year>1998</year>
            </mixed-citation>
         </ref>
         <ref id="d35904e1483a1310">
            <mixed-citation id="d35904e1487" publication-type="book">
Mitchell, B. R. 1998c. International Historical Statistics: Europe,
1750-1993. London: Macmillan<person-group>
                  <string-name>
                     <surname>Mitchell</surname>
                  </string-name>
               </person-group>
               <source>International Historical Statistics: Europe, 1750-1993</source>
               <year>1998</year>
            </mixed-citation>
         </ref>
         <ref id="d35904e1512a1310">
            <mixed-citation id="d35904e1516" publication-type="journal">
Petersen,Trond. 1986. "Fitting Parametric Survival Models with
Time-Dependent Covariates." Applied Statistics35(3):281-
88<object-id pub-id-type="doi">10.2307/2348028</object-id>
               <fpage>281</fpage>
            </mixed-citation>
         </ref>
         <ref id="d35904e1536a1310">
            <mixed-citation id="d35904e1540" publication-type="journal">
Petersen, Trond. 1991. "The Statistical Analysis of Event Histo-
ries." Sociological Methods and Research19(3):270-323<person-group>
                  <string-name>
                     <surname>Petersen</surname>
                  </string-name>
               </person-group>
               <issue>3</issue>
               <fpage>270</fpage>
               <volume>19</volume>
               <source>Sociological Methods and Research</source>
               <year>1991</year>
            </mixed-citation>
         </ref>
         <ref id="d35904e1575a1310">
            <mixed-citation id="d35904e1579" publication-type="other">
Polity IV Project. 2000. Polity IV Dataset, version p4v2000.
College Park: Center for International Development and
Conflict Management, University of Maryland</mixed-citation>
         </ref>
         <ref id="d35904e1592a1310">
            <mixed-citation id="d35904e1596" publication-type="book">
Przeworski, Adam, Michael E. Alvarez, Jose Antonio Cheibub,
and Fernando Limongi. 2000. Democracy and Development:
Political Institutions and Well-Being in the World, 1950-1990.
Cambridge: Cambridge University Press<person-group>
                  <string-name>
                     <surname>Przeworski</surname>
                  </string-name>
               </person-group>
               <source>Democracy and Development: Political Institutions and Well-Being in the World, 1950-1990</source>
               <year>2000</year>
            </mixed-citation>
         </ref>
         <ref id="d35904e1628a1310">
            <mixed-citation id="d35904e1632" publication-type="book">
Reiter, Dan, and Allan C. Stam. 2002. Democracies at War.
Princeton: Princeton University Press<person-group>
                  <string-name>
                     <surname>Reiter</surname>
                  </string-name>
               </person-group>
               <source>Democracies at War</source>
               <year>2002</year>
            </mixed-citation>
         </ref>
         <ref id="d35904e1657a1310">
            <mixed-citation id="d35904e1661" publication-type="journal">
Rodrik, Dani. 1998. "Why Do More Open Economies Have Big¬
ger Governments?" Journal of Political Economy106(5):997-
1032<object-id pub-id-type="jstor">10.2307/2991492</object-id>
               <fpage>997</fpage>
            </mixed-citation>
         </ref>
         <ref id="d35904e1680a1310">
            <mixed-citation id="d35904e1684" publication-type="book">
Rubin, Donald B.1987. Multiple Imputation for Nonresponse in
Surveys. New York: Wiley<person-group>
                  <string-name>
                     <surname>Rubin</surname>
                  </string-name>
               </person-group>
               <source>Multiple Imputation for Nonresponse in Surveys</source>
               <year>1987</year>
            </mixed-citation>
         </ref>
         <ref id="d35904e1710a1310">
            <mixed-citation id="d35904e1714" publication-type="journal">
Rubin, Donald B., and Nathaniel Schenker. 1991. "Multiple Im¬
putation in Health-Care Databases: An Overview and Some
Applications." Statistics in Medicine10(4):585-98<person-group>
                  <string-name>
                     <surname>Rubin</surname>
                  </string-name>
               </person-group>
               <issue>4</issue>
               <fpage>585</fpage>
               <volume>10</volume>
               <source>Statistics in Medicine</source>
               <year>1991</year>
            </mixed-citation>
         </ref>
         <ref id="d35904e1752a1310">
            <mixed-citation id="d35904e1756" publication-type="journal">
Sarkees, Meredith Reid. 2000. "The Correlates of War Data on
War: An Update to 1997." Conflict Management and Peace
Science18(1):123-44<person-group>
                  <string-name>
                     <surname>Sarkees</surname>
                  </string-name>
               </person-group>
               <issue>1</issue>
               <fpage>123</fpage>
               <volume>18</volume>
               <source>Conflict Management and Peace Science</source>
               <year>2000</year>
            </mixed-citation>
         </ref>
         <ref id="d35904e1794a1310">
            <mixed-citation id="d35904e1798" publication-type="book">
Schafer, Joseph L.1997. Analysis of Incomplete Multivariate
Data. New York: Chapman 8c Hall<person-group>
                  <string-name>
                     <surname>Schafer</surname>
                  </string-name>
               </person-group>
               <source>Analysis of Incomplete Multivariate Data</source>
               <year>1997</year>
            </mixed-citation>
         </ref>
         <ref id="d35904e1823a1310">
            <mixed-citation id="d35904e1827" publication-type="journal">
Schultz, Kenneth A.2001. "Looking for Audience Costs." Jour-
nal of Conflict Resolution45(1):32-60<object-id pub-id-type="jstor">10.2307/3176282</object-id>
               <fpage>32</fpage>
            </mixed-citation>
         </ref>
         <ref id="d35904e1843a1310">
            <mixed-citation id="d35904e1847" publication-type="journal">
Smith, Alastair. 1998. "International Crises and Domestic Poli¬
tics." American Political Science Review92(3):623-38<object-id pub-id-type="doi">10.2307/2585485</object-id>
               <fpage>623</fpage>
            </mixed-citation>
         </ref>
         <ref id="d35904e1863a1310">
            <mixed-citation id="d35904e1867" publication-type="book">
Therneau, Terry M., and Patricia M. Grambsch. 2000. Modeling
Survival Data: Extending the Cox Model. New York: Springer-
Verlag<person-group>
                  <string-name>
                     <surname>Therneau</surname>
                  </string-name>
               </person-group>
               <source>Modeling Survival Data: Extending the Cox Model</source>
               <year>2000</year>
            </mixed-citation>
         </ref>
         <ref id="d35904e1897a1310">
            <mixed-citation id="d35904e1901" publication-type="book">
Tullock, Gordon. 1987. Autocracy. Boston: Kluwer<person-group>
                  <string-name>
                     <surname>Tullock</surname>
                  </string-name>
               </person-group>
               <source>Autocracy</source>
               <year>1987</year>
            </mixed-citation>
         </ref>
      </ref-list>
   </back>
</article>
