<article xmlns:xsi="http://www.w3.org/2001/XMLSchema-instance"
         xmlns:xlink="http://www.w3.org/1999/xlink"
         xmlns:mml="http://www.w3.org/1998/Math/MathML"
         dtd-version="1.0"
         article-type="research-article">
   <front>
      <journal-meta>
         <journal-id journal-id-type="jstor">amerjpoliscie</journal-id>
         <journal-id journal-id-type="jstor">j100487</journal-id>
         <journal-title-group>
            <journal-title>American Journal of Political Science</journal-title>
         </journal-title-group>
         <publisher>
            <publisher-name>Blackwell Publishing</publisher-name>
         </publisher>
         <issn pub-type="ppub">00925853</issn>
         <issn pub-type="epub">15405907</issn>
      </journal-meta>
      <article-meta>
         <article-id pub-id-type="doi">10.2307/1519894</article-id>
         <title-group>
            <article-title>Policing the Bargain: Coalition Government and Parliamentary Scrutiny</article-title>
         </title-group>
         <contrib-group>
            <contrib contrib-type="author">
               <string-name>
                  <given-names>Lanny W.</given-names>
                  <surname>Martin</surname>
               </string-name>
            </contrib>
            <contrib contrib-type="author">
               <string-name>
                  <given-names>Georg</given-names>
                  <surname>Vanberg</surname>
               </string-name>
            </contrib>
         </contrib-group>
         <pub-date>
            <day>1</day>
            <month>1</month>
            <year>2004</year>
         </pub-date>
         <volume>48</volume>
         <issue>1</issue>
         <issue-id>i267684</issue-id>
         <fpage>13</fpage>
         <lpage>27</lpage>
         <page-range>13-27</page-range>
         <permissions>
            <copyright-statement>Copyright 2004 The Midwest Political Science Association</copyright-statement>
         </permissions>
         <self-uri xlink:href="http://www.jstor.org/stable/1519894"/>
         <abstract>
            <p>Policymaking by coalition governments creates a classic principal-agent problem. Coalitions are comprised of parties with divergent preferences who are forced to delegate important policymaking powers to individual cabinet ministers, thus raising the possibility that ministers will attempt to pursue policies favored by their own party at the expense of their coalition partners. What is going to keep ministers from attempting to move policy in directions they favor rather than sticking to the "coalition deal"? We argue that parties will make use of parliamentary scrutiny of "hostile" ministerial proposals to overcome the potential problems of delegation and enforce the coalition bargain. Statistical analysis of original data on government bills in Germany and the Netherlands supports this argument. Our findings suggest that parliaments play a central role in allowing multiparty governments to solve intracoalition conflicts.</p>
         </abstract>
         <custom-meta-group>
            <custom-meta>
               <meta-name>lang</meta-name>
               <meta-value>eng</meta-value>
            </custom-meta>
         </custom-meta-group>
      </article-meta>
   </front>
   <back>
      <fn-group>
         <title>[Footnotes]</title>
         <fn id="d29497e132a1310">
            <label>1</label>
            <p>
               <mixed-citation id="d29497e139" publication-type="journal">
Huber (1996)  </mixed-citation>
            </p>
            <p>
               <mixed-citation id="d29497e147" publication-type="journal">
Baron (1998)  </mixed-citation>
            </p>
            <p>
               <mixed-citation id="d29497e155" publication-type="journal">
Thies (2001)  </mixed-citation>
            </p>
            <p>
               <mixed-citation id="d29497e164" publication-type="journal">
Heller (2001)  </mixed-citation>
            </p>
            <p>
               <mixed-citation id="d29497e172" publication-type="journal">
Huber and
McCarty(2001)  </mixed-citation>
            </p>
         </fn>
         <fn id="d29497e184a1310">
            <label>2</label>
            <p>
               <mixed-citation id="d29497e191" publication-type="journal">
Thies (2001)  </mixed-citation>
            </p>
            <p>
               <mixed-citation id="d29497e199" publication-type="book">
Muller and Strom (2000)  </mixed-citation>
            </p>
         </fn>
         <fn id="d29497e208a1310">
            <label>3</label>
            <p>
               <mixed-citation id="d29497e215" publication-type="book">
Bagehot [1872] 1978  </mixed-citation>
            </p>
            <p>
               <mixed-citation id="d29497e223" publication-type="book">
Bryce (1921)  </mixed-citation>
            </p>
            <p>
               <mixed-citation id="d29497e231" publication-type="book">
Wheare (1963)  </mixed-citation>
            </p>
         </fn>
         <fn id="d29497e240a1310">
            <label>4</label>
            <p>
               <mixed-citation id="d29497e247" publication-type="journal">
Huber and McCarty 2001, 345  <fpage>345</fpage>
               </mixed-citation>
            </p>
         </fn>
         <fn id="d29497e260a1310">
            <label>7</label>
            <p>
               <mixed-citation id="d29497e267" publication-type="journal">
Gilligan and Krehbiel (1990)  </mixed-citation>
            </p>
            <p>
               <mixed-citation id="d29497e275" publication-type="journal">
Krishna and Morgan (2001)  </mixed-citation>
            </p>
         </fn>
         <fn id="d29497e284a1310">
            <label>9</label>
            <p>
               <mixed-citation id="d29497e291" publication-type="journal">
Huber 1998  </mixed-citation>
            </p>
            <p>
               <mixed-citation id="d29497e299" publication-type="journal">
Saalfeld 2000  </mixed-citation>
            </p>
            <p>
               <mixed-citation id="d29497e307" publication-type="journal">
Alter
2002  </mixed-citation>
            </p>
            <p>
               <mixed-citation id="d29497e319" publication-type="journal">
Bawn 1995  </mixed-citation>
            </p>
            <p>
               <mixed-citation id="d29497e327" publication-type="book">
Epstein and O'Halloran 1999  </mixed-citation>
            </p>
            <p>
               <mixed-citation id="d29497e335" publication-type="book">
Huber and
Shipan 2002  </mixed-citation>
            </p>
            <p>
               <mixed-citation id="d29497e346" publication-type="book">
Kiewiet and McCubbins 1991  </mixed-citation>
            </p>
         </fn>
         <fn id="d29497e355a1310">
            <label>11</label>
            <p>
               <mixed-citation id="d29497e362" publication-type="journal">
Thies (2001)  </mixed-citation>
            </p>
            <p>
               <mixed-citation id="d29497e370" publication-type="book">
Miiller and
Strom 2000  </mixed-citation>
            </p>
            <p>
               <mixed-citation id="d29497e381" publication-type="journal">
Thies 2001,
589  <fpage>589</fpage>
               </mixed-citation>
            </p>
         </fn>
         <fn id="d29497e396a1310">
            <label>12</label>
            <p>
               <mixed-citation id="d29497e403" publication-type="book">
Powell (2000, 34)  <fpage>34</fpage>
               </mixed-citation>
            </p>
         </fn>
         <fn id="d29497e415a1310">
            <label>13</label>
            <p>
               <mixed-citation id="d29497e422" publication-type="journal">
Saalfeld (2000)  </mixed-citation>
            </p>
         </fn>
         <fn id="d29497e431a1310">
            <label>15</label>
            <p>
               <mixed-citation id="d29497e438" publication-type="other">
Martin (2002)  </mixed-citation>
            </p>
         </fn>
         <fn id="d29497e448a1310">
            <label>16</label>
            <p>
               <mixed-citation id="d29497e455" publication-type="book">
Doring 1995  </mixed-citation>
            </p>
         </fn>
         <fn id="d29497e464a1310">
            <label>17</label>
            <p>
               <mixed-citation id="d29497e471" publication-type="partial">
CDA and WD (1982-86</mixed-citation>
            </p>
            <p>
               <mixed-citation id="d29497e477" publication-type="partial">
1986-89</mixed-citation>
            </p>
            <p>
               <mixed-citation id="d29497e483" publication-type="partial">
CDA and PvdA
(1989-94)</mixed-citation>
            </p>
            <p>
               <mixed-citation id="d29497e493" publication-type="partial">
CDU/CSU and FDP (1983-87</mixed-citation>
            </p>
            <p>
               <mixed-citation id="d29497e499" publication-type="partial">
1987-90</mixed-citation>
            </p>
            <p>
               <mixed-citation id="d29497e505" publication-type="partial">
1990-94</mixed-citation>
            </p>
         </fn>
         <fn id="d29497e512a1310">
            <label>18</label>
            <p>
               <mixed-citation id="d29497e519" publication-type="book">
Laver and Shepsle 1996  </mixed-citation>
            </p>
            <p>
               <mixed-citation id="d29497e527" publication-type="journal">
Warwick 1996  </mixed-citation>
            </p>
         </fn>
         <fn id="d29497e536a1310">
            <label>23</label>
            <p>
               <mixed-citation id="d29497e543" publication-type="book">
Mackie
and Rose (1991)  </mixed-citation>
            </p>
            <p>
               <mixed-citation id="d29497e554" publication-type="book">
Lijphart (1994)  </mixed-citation>
            </p>
         </fn>
         <fn id="d29497e563a1310">
            <label>27</label>
            <p>
               <mixed-citation id="d29497e570" publication-type="journal">
Royston 2001  </mixed-citation>
            </p>
            <p>
               <mixed-citation id="d29497e578" publication-type="journal">
Box-Steffensmeier
and Jones 1997  </mixed-citation>
            </p>
            <p>
               <mixed-citation id="d29497e589" publication-type="book">
Collett 1994  </mixed-citation>
            </p>
         </fn>
         <fn id="d29497e598a1310">
            <label>28</label>
            <p>
               <mixed-citation id="d29497e605" publication-type="journal">
Friedrich
1982  </mixed-citation>
            </p>
         </fn>
         <fn id="d29497e618a1310">
            <label>29</label>
            <p>
               <mixed-citation id="d29497e627" publication-type="other">
Box-Steffensmeier and Zorn 1999  </mixed-citation>
            </p>
            <p>
               <mixed-citation id="d29497e635" publication-type="journal">
Box-Steffensmeier and Zorn 2001  </mixed-citation>
            </p>
         </fn>
         <fn id="d29497e644a1310">
            <label>30</label>
            <p>
               <mixed-citation id="d29497e651" publication-type="journal">
Bartels (1996)  </mixed-citation>
            </p>
         </fn>
         <fn id="d29497e660a1310">
            <label>31</label>
            <p>
               <mixed-citation id="d29497e667" publication-type="other">
Tomz, Wittenberg, and King 2003  </mixed-citation>
            </p>
         </fn>
      </fn-group>
      <ref-list>
         <title>References</title>
         <ref id="d29497e685a1310">
            <mixed-citation id="d29497e689" publication-type="journal">
Alter, Alison B.2002. "Minimizingthe Risks of Delegation: Mul-
tiple Referral in the German Bundesrat." American Journal
of Political Science46(2):299-315<object-id pub-id-type="doi">10.2307/3088378</object-id>
               <fpage>299</fpage>
            </mixed-citation>
         </ref>
         <ref id="d29497e708a1310">
            <mixed-citation id="d29497e712" publication-type="book">
Andeweg, Rudy B., and Lia Nijzink. 1995. "Beyond the Two-
Body Image: Relations between Ministers and MPs." In Par-
liaments and Majority Rule in Western Europe, ed. Herbert
Doring. New York: St. Martin's Press, pp. 152-78<person-group>
                  <string-name>
                     <surname>Andeweg</surname>
                  </string-name>
               </person-group>
               <comment content-type="section">Beyond the Two-Body Image: Relations between Ministers and MPs</comment>
               <fpage>152</fpage>
               <source>Parliaments and Majority Rule in Western Europe</source>
               <year>1995</year>
            </mixed-citation>
         </ref>
         <ref id="d29497e750a1310">
            <mixed-citation id="d29497e754" publication-type="book">
Bagehot, Walter. [1872] 1978. The English Constitution. Reprint.
New York: Garland<person-group>
                  <string-name>
                     <surname>Bagehot</surname>
                  </string-name>
               </person-group>
               <source>The English Constitution</source>
               <year>1872</year>
            </mixed-citation>
         </ref>
         <ref id="d29497e779a1310">
            <mixed-citation id="d29497e783" publication-type="journal">
Baron, David P.1998. "Comparative Dynamics of Parliamentary
Governments." American Political Science Review92(3):593-
609<object-id pub-id-type="doi">10.2307/2585483</object-id>
               <fpage>593</fpage>
            </mixed-citation>
         </ref>
         <ref id="d29497e803a1310">
            <mixed-citation id="d29497e807" publication-type="journal">
Bartels, Larry M.1996. "Pooling Disparate Observations."
American Journal of Political Science40(3):905-42<object-id pub-id-type="doi">10.2307/2111800</object-id>
               <fpage>905</fpage>
            </mixed-citation>
         </ref>
         <ref id="d29497e823a1310">
            <mixed-citation id="d29497e827" publication-type="journal">
Bawn, Kathleen. 1995. "Political Control Versus Expertise: Con¬
gressional Choices about Administrative Procedures." Amer-
ican Political Science Review89(1):62-73<object-id pub-id-type="doi">10.2307/2083075</object-id>
               <fpage>62</fpage>
            </mixed-citation>
         </ref>
         <ref id="d29497e846a1310">
            <mixed-citation id="d29497e850" publication-type="journal">
Box-Steffensmeier, JanetM., andBradfordS. Jones. 1997. "Time
Is of the Essence: Event History Models in Political Science."
American Journal of Political Science41 (4): 1414-61<object-id pub-id-type="doi">10.2307/2960496</object-id>
               <fpage>1414</fpage>
            </mixed-citation>
         </ref>
         <ref id="d29497e869a1310">
            <mixed-citation id="d29497e873" publication-type="other">
Box-Steffensmeier, Janet M., and Christopher Zorn. 1999.
"Modeling Heterogeneity in Duration Models." Ohio State
University. Typescript</mixed-citation>
         </ref>
         <ref id="d29497e886a1310">
            <mixed-citation id="d29497e890" publication-type="journal">
Box-Steffensmeier, Janet M., and Christopher J. W. Zorn. 2001.
"Duration Models and Proportional Hazards in Political Sci¬
ence." American Journal of Political Science45(4):972-88<object-id pub-id-type="doi">10.2307/2669335</object-id>
               <fpage>972</fpage>
            </mixed-citation>
         </ref>
         <ref id="d29497e909a1310">
            <mixed-citation id="d29497e913" publication-type="journal">
Box-Steffensmeier, Janet M., Laura W. Arnold, and Christopher
J. W. Zorn. 1997. "The Strategic Timingof Position Takingin
Congress: A Study of the North American Free Trade Agree-
ment." American Political Science Review91(2):324-38<object-id pub-id-type="doi">10.2307/2952359</object-id>
               <fpage>324</fpage>
            </mixed-citation>
         </ref>
         <ref id="d29497e937a1310">
            <mixed-citation id="d29497e941" publication-type="book">
Bryce, Lord James. 1921. Modern Democracies. New York:
Macmillan<person-group>
                  <string-name>
                     <surname>Bryce</surname>
                  </string-name>
               </person-group>
               <source>Modern Democracies</source>
               <year>1921</year>
            </mixed-citation>
         </ref>
         <ref id="d29497e966a1310">
            <mixed-citation id="d29497e970" publication-type="book">
Collett, Dave. 1994. Modelling Survival Data in Medical Research.
London: Chapman &amp; Hall<person-group>
                  <string-name>
                     <surname>Collett</surname>
                  </string-name>
               </person-group>
               <source>Modelling Survival Data in Medical Research</source>
               <year>1994</year>
            </mixed-citation>
         </ref>
         <ref id="d29497e995a1310">
            <mixed-citation id="d29497e999" publication-type="book">
Dahl, Robert. 1971. Polyarchy. New Haven: Yale University Press<person-group>
                  <string-name>
                     <surname>Dahl</surname>
                  </string-name>
               </person-group>
               <source>Polyarchy</source>
               <year>1971</year>
            </mixed-citation>
         </ref>
         <ref id="d29497e1021a1310">
            <mixed-citation id="d29497e1025" publication-type="book">
Döring, Herbert, ed. 1995. Parliaments and Majority Rule in
Western Europe. New York: St. Martin's Press<person-group>
                  <string-name>
                     <surname>Döring</surname>
                  </string-name>
               </person-group>
               <source>Parliaments and Majority Rule in Western Europe</source>
               <year>1995</year>
            </mixed-citation>
         </ref>
         <ref id="d29497e1050a1310">
            <mixed-citation id="d29497e1054" publication-type="book">
Epstein, David, and Sharyn O'Halloran. 1999. Delegating Pow-
ers: A Transaction Cost Politics Approach to Policy Making
Under Separate Powers. Cambridge: Cambridge University
Press<person-group>
                  <string-name>
                     <surname>Epstein</surname>
                  </string-name>
               </person-group>
               <source>Delegating Powers: A Transaction Cost Politics Approach to Policy Making Under Separate Powers</source>
               <year>1999</year>
            </mixed-citation>
         </ref>
         <ref id="d29497e1086a1310">
            <mixed-citation id="d29497e1090" publication-type="journal">
Frierich, Robert J.1982. "In Defense of Multiplicative Terms in
Multiple Regression Equations." American Journal of Political
Science26(4):797-833<person-group>
                  <string-name>
                     <surname>Frierich</surname>
                  </string-name>
               </person-group>
               <issue>4</issue>
               <fpage>797</fpage>
               <volume>26</volume>
               <source>American Journal of Political Science</source>
               <year>1982</year>
            </mixed-citation>
         </ref>
         <ref id="d29497e1129a1310">
            <mixed-citation id="d29497e1133" publication-type="book">
Gallagher, Michael, Michael Laver, and Peter Mair. 2001. Rep-
resentative Government in Modern Europe. 3rd ed. Boston:
McGraw-Hill<person-group>
                  <string-name>
                     <surname>Gallagher</surname>
                  </string-name>
               </person-group>
               <edition>3</edition>
               <source>Representative Government in Modern Europe</source>
               <year>2001</year>
            </mixed-citation>
         </ref>
         <ref id="d29497e1165a1310">
            <mixed-citation id="d29497e1169" publication-type="journal">
Gilligan, Thomas W, and Keith Krehbiel. 1990. "Organization
of Informative Committees by a Rational Legislature." Amer-
ican Journal of Political Science34(2):531-64<object-id pub-id-type="doi">10.2307/2111460</object-id>
               <fpage>531</fpage>
            </mixed-citation>
         </ref>
         <ref id="d29497e1188a1310">
            <mixed-citation id="d29497e1192" publication-type="journal">
Heller, William B.2001. "Making Policy Stick: Why the Gov¬
ernment Gets What It Wants in Multiparty Parliaments."
American Journal of Political Science45(4):780-98<object-id pub-id-type="doi">10.2307/2669324</object-id>
               <fpage>780</fpage>
            </mixed-citation>
         </ref>
         <ref id="d29497e1211a1310">
            <mixed-citation id="d29497e1215" publication-type="journal">
Huber, John D.1996. "The Vote of Confidence in Parliamentary
Democracies." American Political Science Review90(2):269-
82<object-id pub-id-type="doi">10.2307/2082884</object-id>
               <fpage>269</fpage>
            </mixed-citation>
         </ref>
         <ref id="d29497e1234a1310">
            <mixed-citation id="d29497e1238" publication-type="journal">
Huber, John D.1998. "How Does Cabinet Instability Affect Po¬
litical Performance? Portfolio Volatility and Health Care Cost
Containment in Parliamentary Democracies." American Po-
litical Science Review92(3):577-92<object-id pub-id-type="doi">10.2307/2585482</object-id>
               <fpage>577</fpage>
            </mixed-citation>
         </ref>
         <ref id="d29497e1261a1310">
            <mixed-citation id="d29497e1265" publication-type="journal">
Huber, John D., and Arthur Lupia. 2001. "Cabinet Instability
and Delegation in Parliamentary Democracies." American
Journal of Political Science45(1): 18-32<object-id pub-id-type="doi">10.2307/2669357</object-id>
               <fpage>18</fpage>
            </mixed-citation>
         </ref>
         <ref id="d29497e1285a1310">
            <mixed-citation id="d29497e1289" publication-type="journal">
Huber, John D., and Nolan McCarty. 2001. "Cabinet De-
cision Rules and Political Uncertainty in Parliamentary
Bargaining." American Political Science Review95(2):345-
60<object-id pub-id-type="jstor">10.2307/3118125</object-id>
               <fpage>345</fpage>
            </mixed-citation>
         </ref>
         <ref id="d29497e1312a1310">
            <mixed-citation id="d29497e1316" publication-type="book">
Huber, John D., and Charles R. Shipan. 2002. Deliberate Discre-
tion: The Institutional Foundations of Bureaucratic Autonomy.
Cambridge: Cambridge University Press<person-group>
                  <string-name>
                     <surname>Huber</surname>
                  </string-name>
               </person-group>
               <source>Deliberate Discretion: The Institutional Foundations of Bureaucratic Autonomy</source>
               <year>2002</year>
            </mixed-citation>
         </ref>
         <ref id="d29497e1345a1310">
            <mixed-citation id="d29497e1349" publication-type="book">
Inter-Parliamentary Union. 1986. Parliaments of the World. 2nd
ed. New York: Facts-on-File Publications<person-group>
                  <string-name>
                     <surname>Inter-Parliamentary Union</surname>
                  </string-name>
               </person-group>
               <edition>2</edition>
               <source>Parliaments of the World</source>
               <year>1986</year>
            </mixed-citation>
         </ref>
         <ref id="d29497e1378a1310">
            <mixed-citation id="d29497e1382" publication-type="book">
Kiewiet, D. Roderick, and Mathew D. McCubbins. 1991. The
Logic of Delegation: Congressional Parties and the Appropria-
tions Process. Chicago: University of Chicago Press<person-group>
                  <string-name>
                     <surname>Kiewiet</surname>
                  </string-name>
               </person-group>
               <source>The Logic of Delegation: Congressional Parties and the Appropriations Process</source>
               <year>1991</year>
            </mixed-citation>
         </ref>
         <ref id="d29497e1411a1310">
            <mixed-citation id="d29497e1415" publication-type="journal">
King, Gary, James E. Alt, Nancy Elizabeth Burns, and Michael
Laver. 1990. "A Unified Model of Cabinet Dissolution in
Parliamentary Democracies." American Journal of Political
Science34(3):846-71<object-id pub-id-type="doi">10.2307/2111401</object-id>
               <fpage>846</fpage>
            </mixed-citation>
         </ref>
         <ref id="d29497e1438a1310">
            <mixed-citation id="d29497e1442" publication-type="journal">
Krishna, Vijay, and John Morgan. 2001. "Asymmetric Informa¬
tion and Legislative Rules: Some Amendments." American
Political Science Review95(2):435-52<object-id pub-id-type="jstor">10.2307/3118130</object-id>
               <fpage>435</fpage>
            </mixed-citation>
         </ref>
         <ref id="d29497e1462a1310">
            <mixed-citation id="d29497e1466" publication-type="book">
Laver, Michael, and W. Ben Hunt. 1992. Policy and Party Com-
petition. New York: Routledge<person-group>
                  <string-name>
                     <surname>Laver</surname>
                  </string-name>
               </person-group>
               <source>Policy and Party Competition</source>
               <year>1992</year>
            </mixed-citation>
         </ref>
         <ref id="d29497e1491a1310">
            <mixed-citation id="d29497e1495" publication-type="book">
Laver, Michael, and Norman Schofield. 1998. Multiparty Gov-
ernment: The Politics of Coalition in Europe. Ann Arbor: Uni¬
versity of Michigan Press<person-group>
                  <string-name>
                     <surname>Laver</surname>
                  </string-name>
               </person-group>
               <source>Multiparty Government: The Politics of Coalition in Europe</source>
               <year>1998</year>
            </mixed-citation>
         </ref>
         <ref id="d29497e1524a1310">
            <mixed-citation id="d29497e1528" publication-type="book">
Laver, Michael, and Kenneth A. Shepsle, eds. 1994. Cabinet
Ministers and Parliamentary Government. Cambridge: Cam¬
bridge University Press<person-group>
                  <string-name>
                     <surname>Laver</surname>
                  </string-name>
               </person-group>
               <source>Cabinet Ministers and Parliamentary Government</source>
               <year>1994</year>
            </mixed-citation>
         </ref>
         <ref id="d29497e1557a1310">
            <mixed-citation id="d29497e1561" publication-type="book">
Laver, Michael, and Kenneth A. Shepsle. 1996. Making and
Breaking Governments. Cambridge: Cambridge University
Press<person-group>
                  <string-name>
                     <surname>Laver</surname>
                  </string-name>
               </person-group>
               <source>Making and Breaking Governments</source>
               <year>1996</year>
            </mixed-citation>
         </ref>
         <ref id="d29497e1590a1310">
            <mixed-citation id="d29497e1594" publication-type="book">
Lijphart, Arend. 1994. Electoral Systems and Party Systems. New
York: Oxford<person-group>
                  <string-name>
                     <surname>Lijphart</surname>
                  </string-name>
               </person-group>
               <source>Electoral Systems and Party Systems</source>
               <year>1994</year>
            </mixed-citation>
         </ref>
         <ref id="d29497e1619a1310">
            <mixed-citation id="d29497e1623" publication-type="book">
Lijphart, Arend. 1999. Patterns of Democracy. New Haven: Yale
University Press<person-group>
                  <string-name>
                     <surname>Lijphart</surname>
                  </string-name>
               </person-group>
               <source>Patterns of Democracy</source>
               <year>1999</year>
            </mixed-citation>
         </ref>
         <ref id="d29497e1649a1310">
            <mixed-citation id="d29497e1653" publication-type="book">
Mackie, Thomas A., and Richard Rose. 1991. The International
Almanac of Electoral History. 3 rd ed. Washington: Congres¬
sional Quarterly, Inc<person-group>
                  <string-name>
                     <surname>Mackie</surname>
                  </string-name>
               </person-group>
               <edition>3</edition>
               <source>The International Almanac of Electoral History</source>
               <year>1991</year>
            </mixed-citation>
         </ref>
         <ref id="d29497e1685a1310">
            <mixed-citation id="d29497e1689" publication-type="other">
Martin, Lanny W. 2002. "The Government Agenda in Parlia¬
mentary Democracies." Florida State University. Typescript</mixed-citation>
         </ref>
         <ref id="d29497e1699a1310">
            <mixed-citation id="d29497e1703" publication-type="book">
Meny, Yves, and Andrew Knapp. 1998. Government and Politics
in Western Europe. Oxford: Oxford University Press<person-group>
                  <string-name>
                     <surname>Meny</surname>
                  </string-name>
               </person-group>
               <source>Government and Politics in Western Europe</source>
               <year>1998</year>
            </mixed-citation>
         </ref>
         <ref id="d29497e1728a1310">
            <mixed-citation id="d29497e1732" publication-type="book">
Müller, Wolfgang C, and Kaare Strom, eds. 2000. Coalition
Governments in Western Europe. Oxford: Oxford University
Press<person-group>
                  <string-name>
                     <surname>Müller</surname>
                  </string-name>
               </person-group>
               <source>Coalition Governments in Western Europe</source>
               <year>2000</year>
            </mixed-citation>
         </ref>
         <ref id="d29497e1761a1310">
            <mixed-citation id="d29497e1765" publication-type="book">
Paterson, William E., and David Southern. 1991. Governing
Germany. New York: Norton<person-group>
                  <string-name>
                     <surname>Paterson</surname>
                  </string-name>
               </person-group>
               <source>Governing Germany</source>
               <year>1991</year>
            </mixed-citation>
         </ref>
         <ref id="d29497e1790a1310">
            <mixed-citation id="d29497e1794" publication-type="book">
Powell, G. Bingham. 2000. Elections as Instruments of Democ-
racy: Majoritarian and Proportional Visions. New Haven: Yale
University Press<person-group>
                  <string-name>
                     <surname>Powell</surname>
                  </string-name>
               </person-group>
               <source>Elections as Instruments of Democracy: Majoritarian and Proportional Visions</source>
               <year>2000</year>
            </mixed-citation>
         </ref>
         <ref id="d29497e1824a1310">
            <mixed-citation id="d29497e1828" publication-type="book">
Riker, William H.1962. The Theory of Political Coalitions. New
Haven: Yale University Press<person-group>
                  <string-name>
                     <surname>Riker</surname>
                  </string-name>
               </person-group>
               <source>The Theory of Political Coalitions</source>
               <year>1962</year>
            </mixed-citation>
         </ref>
         <ref id="d29497e1853a1310">
            <mixed-citation id="d29497e1857" publication-type="journal">
Royston, Patrick. 2001. "Flexible Alternatives to the Cox Model,
and More." Stata Journal (1):1-28<person-group>
                  <string-name>
                     <surname>Royston</surname>
                  </string-name>
               </person-group>
               <issue>1</issue>
               <fpage>1</fpage>
               <source>Stata Journal</source>
               <year>2001</year>
            </mixed-citation>
         </ref>
         <ref id="d29497e1889a1310">
            <mixed-citation id="d29497e1893" publication-type="journal">
Saalfeld, Thomas. 2000. "Members of Parliament and Govern¬
ments in Western Europe: Agency Relations and Problems of
Oversight." European Journal of Political Research37(3):353-
76<person-group>
                  <string-name>
                     <surname>Saalfeld</surname>
                  </string-name>
               </person-group>
               <issue>3</issue>
               <fpage>353</fpage>
               <volume>37</volume>
               <source>European Journal of Political Research</source>
               <year>2000</year>
            </mixed-citation>
         </ref>
         <ref id="d29497e1934a1310">
            <mixed-citation id="d29497e1938" publication-type="book">
Strøm, Kaare. 1990. Minority Governments and Majority Rule.
Cambridge: Cambridge University Press<person-group>
                  <string-name>
                     <surname>Strøm</surname>
                  </string-name>
               </person-group>
               <source>Minority Governments and Majority Rule</source>
               <year>1990</year>
            </mixed-citation>
         </ref>
         <ref id="d29497e1963a1310">
            <mixed-citation id="d29497e1967" publication-type="journal">
Strøm, Kaare. 2000. "Delegation and Accountability in Par¬
liamentary Democracies." European Journal of Political Re-
search37'(3):261-89<person-group>
                  <string-name>
                     <surname>Strøm</surname>
                  </string-name>
               </person-group>
               <issue>3</issue>
               <fpage>261</fpage>
               <volume>37</volume>
               <source>European Journal of Political Research</source>
               <year>2000</year>
            </mixed-citation>
         </ref>
         <ref id="d29497e2005a1310">
            <mixed-citation id="d29497e2011" publication-type="journal">
Thies, Michael F.2001. "Keeping Tabs on Partners: The Logic
of Delegation in Coalition Governments." American Journal
of Political Science45(3):580-98<object-id pub-id-type="doi">10.2307/2669240</object-id>
               <fpage>580</fpage>
            </mixed-citation>
         </ref>
         <ref id="d29497e2031a1310">
            <mixed-citation id="d29497e2035" publication-type="other">
Tomz, Michael, Jason Wittenberg, and Gary King. 2003. "Clar-
ify: Software for Interpreting and Presenting Statistical Re¬
sults." Stanford University. Typescript</mixed-citation>
         </ref>
         <ref id="d29497e2048a1310">
            <mixed-citation id="d29497e2052" publication-type="book">
Warwick, Paul V.1994. Government Survival in Parlia-
mentary Democracies. Cambridge: Cambridge University
Press<person-group>
                  <string-name>
                     <surname>Warwick</surname>
                  </string-name>
               </person-group>
               <source>Government Survival in Parliamentary Democracies</source>
               <year>1994</year>
            </mixed-citation>
         </ref>
         <ref id="d29497e2081a1310">
            <mixed-citation id="d29497e2085" publication-type="journal">
Warwick, Paul V.1996. "Coalition Government Membership in
West European Parliamentary Democracies." British Journal
of Political Science26(4):471-99<object-id pub-id-type="jstor">10.2307/194093</object-id>
               <fpage>471</fpage>
            </mixed-citation>
         </ref>
         <ref id="d29497e2104a1310">
            <mixed-citation id="d29497e2108" publication-type="book">
Wheare, K. C. 1963. Legislatures. London: Oxford<person-group>
                  <string-name>
                     <surname>Wheare</surname>
                  </string-name>
               </person-group>
               <source>Legislatures</source>
               <year>1963</year>
            </mixed-citation>
         </ref>
      </ref-list>
   </back>
</article>
