<article dtd-version="1.0" article-type="research-article">
   <front>
      <journal-meta>
         <journal-id xmlns:xlink="http://www.w3.org/1999/xlink" journal-id-type="jstor">amerjpoliscie</journal-id>
         <journal-id xmlns:xlink="http://www.w3.org/1999/xlink" journal-id-type="jstor">j100487</journal-id>
         <journal-title-group xmlns:xlink="http://www.w3.org/1999/xlink">
            <journal-title>American Journal of Political Science</journal-title>
         </journal-title-group>
         <publisher>
            <publisher-name>Wiley Subscription Services</publisher-name>
         </publisher>
         <issn xmlns:xlink="http://www.w3.org/1999/xlink" pub-type="ppub">00925853</issn>
         <issn xmlns:xlink="http://www.w3.org/1999/xlink" pub-type="epub">15405907</issn>
      </journal-meta>
      <article-meta>
         <article-id xmlns:xlink="http://www.w3.org/1999/xlink" pub-id-type="jstor">20647957</article-id>
         <title-group>
            <article-title>Lobbying and Taxes</article-title>
         </title-group>
         <contrib-group>
            <contrib>
               <string-name xmlns:xlink="http://www.w3.org/1999/xlink">
                  <given-names>Brian Kelleher</given-names>
                  <surname>Richter</surname>
               </string-name>
            </contrib>
            <contrib>
               <string-name xmlns:xlink="http://www.w3.org/1999/xlink">
                  <given-names>Krislert</given-names>
                  <surname>Samphantharak</surname>
               </string-name>
            </contrib>
            <contrib>
               <string-name xmlns:xlink="http://www.w3.org/1999/xlink">
                  <given-names>Jeffrey F.</given-names>
                  <surname>Timmons</surname>
               </string-name>
            </contrib>
         </contrib-group>
         <pub-date xmlns:xlink="http://www.w3.org/1999/xlink">
            <day>1</day>
            <month>10</month>
            <year>2009</year>
         </pub-date>
         <volume>53</volume>
         <issue>4</issue>
         <issue-id xmlns:xlink="http://www.w3.org/1999/xlink">i20647947</issue-id>
         <fpage>893</fpage>
         <lpage>909</lpage>
         <permissions>
            <copyright-statement>Copyright 2009 Midwest Political Science Association</copyright-statement>
         </permissions>
         <self-uri xmlns:xlink="http://www.w3.org/1999/xlink"
                   xlink:href="http://www.jstor.org/stable/20647957"/>
         <abstract>
            <p>Lobbying dominates corporate political spending, but comprehensive studies of the benefits accrued are scarce. Using a dataset of all U.S. firms with publicly available financial statements, we delve into the tax benefits obtained from lobbying. Firms that spend more on lobbying in a given year pay lower effective tax rates in the next year. Increasing registered lobbying expenditures by 1% appears to lower effective tax rates by somewhere in the range of 0.5 to 1.6 percentage points for the average firm that lobbies. While individual firms amass considerable benefits, the costs of lobbying-induced tax breaks appear modest for the government.</p>
         </abstract>
         <custom-meta-group xmlns:xlink="http://www.w3.org/1999/xlink">
            <custom-meta>
               <meta-name>lang</meta-name>
               <meta-value>eng</meta-value>
            </custom-meta>
         </custom-meta-group>
      </article-meta>
   </front>
   <back>
      <fn-group xmlns:xlink="http://www.w3.org/1999/xlink">
         <title>[Footnotes]</title>
         <fn id="d21164e193a1310">
            <p>
               <mixed-citation id="d21164e197" publication-type="other">
UCLA Cross Disciplinary Political Economy Workshop, the UCLA Political
Economy Reading Group, the 2008 MPSA Conference</mixed-citation>
            </p>
            <p>
               <mixed-citation id="d21164e206" publication-type="other">
2008 APSA Conference.</mixed-citation>
            </p>
            <p>
               <mixed-citation id="d21164e212" publication-type="other">
http://ssrn.com/abstract=1082146</mixed-citation>
            </p>
         </fn>
         <fn id="d21164e219a1310">
            <label>1</label>
            <p>
               <mixed-citation id="d21164e226" publication-type="other">
Stern (1988</mixed-citation>
            </p>
            <p>
               <mixed-citation id="d21164e232" publication-type="other">
1992)</mixed-citation>
            </p>
            <p>
               <mixed-citation id="d21164e238" publication-type="other">
Greider (1993)</mixed-citation>
            </p>
            <p>
               <mixed-citation id="d21164e245" publication-type="other">
Drew (1999)</mixed-citation>
            </p>
            <p>
               <mixed-citation id="d21164e251" publication-type="other">
Green (2004).</mixed-citation>
            </p>
         </fn>
         <fn id="d21164e258a1310">
            <label>2</label>
            <p>
               <mixed-citation id="d21164e265" publication-type="other">
Ansolabehere, de Figueiredo, and Snyder (2003)</mixed-citation>
            </p>
            <p>
               <mixed-citation id="d21164e271" publication-type="other">
Bronars and Lott (1997)</mixed-citation>
            </p>
            <p>
               <mixed-citation id="d21164e277" publication-type="other">
Chappell (1982)</mixed-citation>
            </p>
            <p>
               <mixed-citation id="d21164e284" publication-type="other">
Grenzke
(1989)</mixed-citation>
            </p>
            <p>
               <mixed-citation id="d21164e293" publication-type="other">
Levitt (1995)</mixed-citation>
            </p>
            <p>
               <mixed-citation id="d21164e299" publication-type="other">
Milyo, Primo, and Groseclose (2000)</mixed-citation>
            </p>
            <p>
               <mixed-citation id="d21164e305" publication-type="other">
Wright (1985).</mixed-citation>
            </p>
         </fn>
         <fn id="d21164e312a1310">
            <label>3</label>
            <p>
               <mixed-citation id="d21164e319" publication-type="other">
de Figueiredo and Silverman (2006)</mixed-citation>
            </p>
         </fn>
         <fn id="d21164e327a1310">
            <label>6</label>
            <p>
               <mixed-citation id="d21164e334" publication-type="other">
Ansolabehere, de Figueiredo, and Snyder (2003)</mixed-citation>
            </p>
            <p>
               <mixed-citation id="d21164e340" publication-type="other">
Hillman, Keim,
and Schuler (2004)</mixed-citation>
            </p>
            <p>
               <mixed-citation id="d21164e349" publication-type="other">
Brasher and Lowery (2006).</mixed-citation>
            </p>
         </fn>
         <fn id="d21164e356a1310">
            <label>8</label>
            <p>
               <mixed-citation id="d21164e363" publication-type="other">
Ansolabehere, de Figueiredo, and Snyder (2003)</mixed-citation>
            </p>
         </fn>
         <fn id="d21164e370a1310">
            <label>11</label>
            <p>
               <mixed-citation id="d21164e377" publication-type="other">
Salamon and Siegfried (1977)</mixed-citation>
            </p>
         </fn>
         <fn id="d21164e384a1310">
            <label>15</label>
            <p>
               <mixed-citation id="d21164e391" publication-type="other">
http://www.williamsandjensen.com/practiceareas.asp?id-14
[Accessed 2 January 2008].</mixed-citation>
            </p>
         </fn>
         <fn id="d21164e401a1310">
            <label>16</label>
            <p>
               <mixed-citation id="d21164e408" publication-type="other">
Shackelford and Shevlin (2001).</mixed-citation>
            </p>
         </fn>
         <fn id="d21164e415a1310">
            <label>19</label>
            <p>
               <mixed-citation id="d21164e424" publication-type="other">
http://www.opensecrets.org/lobbyists/methodology.asp.</mixed-citation>
            </p>
            <p>
               <mixed-citation id="d21164e430" publication-type="other">
Ansolabehere, Snyder,
and Tripathi (2002)</mixed-citation>
            </p>
            <p>
               <mixed-citation id="d21164e440" publication-type="other">
de Figueiredo and Silverman (2006).</mixed-citation>
            </p>
         </fn>
         <fn id="d21164e448a1310">
            <label>25</label>
            <p>
               <mixed-citation id="d21164e455" publication-type="other">
Oliver 2003</mixed-citation>
            </p>
         </fn>
         <fn id="d21164e462a1310">
            <label>28</label>
            <p>
               <mixed-citation id="d21164e469" publication-type="other">
Alt et al. (1999)</mixed-citation>
            </p>
            <p>
               <mixed-citation id="d21164e475" publication-type="other">
Sadrieh
and Annavarjula (2005).</mixed-citation>
            </p>
         </fn>
         <fn id="d21164e485a1310">
            <label>33</label>
            <p>
               <mixed-citation id="d21164e492" publication-type="other">
Desai (2003).</mixed-citation>
            </p>
         </fn>
      </fn-group>
      <ref-list>
         <title>References</title>
         <ref id="d21164e508a1310">
            <mixed-citation id="d21164e512" publication-type="other">
Alt, James E., Fredrik Carlsen, Per Heum, and Kare Johansen.
1999. "Asset Specificity and the Political Behavior of Firms:
Lobbying for Subsidies in Norway." International Organiza-
tion 53(1): 99-116.</mixed-citation>
         </ref>
         <ref id="d21164e528a1310">
            <mixed-citation id="d21164e532" publication-type="other">
Ansolabehere, Stephen D, John M. de Figueiredo, and James
M. Snyder. 2003. "Why Is There So Little Money in
U.S. Politics?" Journal of Economic Perspectives 17(1): 105-
30.</mixed-citation>
         </ref>
         <ref id="d21164e548a1310">
            <mixed-citation id="d21164e552" publication-type="other">
Ansolabehere, Stephen, James M. Snyder Jr., and Micky
Tripathi. 2002. "Are PAC Contributions and Lobbying
Linked? New Evidence from the 1995 Lobby Disclosure Act."
Business and Politics 4(2): 131-55.</mixed-citation>
         </ref>
         <ref id="d21164e568a1310">
            <mixed-citation id="d21164e572" publication-type="other">
Austen-Smith, David, and John R. Wright. 1994. "Counterac-
tive Lobbying." American Journal of Political Science 38(1):
25-44.</mixed-citation>
         </ref>
         <ref id="d21164e586a1310">
            <mixed-citation id="d21164e590" publication-type="other">
Bartlett, Donald L., and James B. Steele. 1988. "The Great
Tax Give-away." Special section of the Philadelphia Inquirer,
April 10-16 and September 25-26.</mixed-citation>
         </ref>
         <ref id="d21164e603a1310">
            <mixed-citation id="d21164e607" publication-type="other">
Brasher, Holly, and David Lowery. 2006. "The Corporate Con-
text of Lobbying Activity." Business and Politics 8(1): Article
1.</mixed-citation>
         </ref>
         <ref id="d21164e620a1310">
            <mixed-citation id="d21164e624" publication-type="other">
Bronars, Stephen G., and John R. Lott Jr. 1997. "Do Campaign
Donations Alter How a Politician Votes? Or, Do Donors
Support Candidates Who Value the Same Things That They
Do?" Journal of Law and Economics 40(2): 317-50.</mixed-citation>
         </ref>
         <ref id="d21164e640a1310">
            <mixed-citation id="d21164e644" publication-type="other">
Chappell, Henry W. Jr. 1982. "Campaign Contributions and
Congressional Voting: A Simultaneous Probit-Tobit Model."
Review of Economics and Statistics 62(1): 77- 83.</mixed-citation>
         </ref>
         <ref id="d21164e657a1310">
            <mixed-citation id="d21164e661" publication-type="other">
Clawson, Dan, Alan Neustadtl, and Denise Scott. 1992. Money
Talks: Corporate PACs and Political Influence. New York: Basic
Books.</mixed-citation>
         </ref>
         <ref id="d21164e674a1310">
            <mixed-citation id="d21164e678" publication-type="other">
de Figueiredo, John, and Brian Silverman. 2006. "Academic
Earmarks and the Returns to Lobbying." Journal of Law and
Economics 49(2): 597-625.</mixed-citation>
         </ref>
         <ref id="d21164e692a1310">
            <mixed-citation id="d21164e696" publication-type="other">
Desai, Mihir. 2003. "The Divergence between Book and Tax In-
come." In Tax Policy and the Economy 17, ed. James Poterba.
Cambridge, MA: MIT Press, 169-206.</mixed-citation>
         </ref>
         <ref id="d21164e709a1310">
            <mixed-citation id="d21164e713" publication-type="other">
Dover Motorsports Inc. 2004. Annual Report. http://www
.dovermotorsports.com/investor/reports.php (January 2,
2008).</mixed-citation>
         </ref>
         <ref id="d21164e726a1310">
            <mixed-citation id="d21164e730" publication-type="other">
Drew, Elizabeth. 1999. The Corruption of American Politics:
What Went Wrong and Why. New York: Birch Lane Press.</mixed-citation>
         </ref>
         <ref id="d21164e740a1310">
            <mixed-citation id="d21164e744" publication-type="other">
Ducker, Jesse, and Sarah Lueck. 2007 "Politics and Economics:
Bill to Expand R&amp;amp;D Tax Break Divides Supporters—Simpler
Formula Hurts Some Firms." Wall Street Journal. 30 May
2007. Page A6.</mixed-citation>
         </ref>
         <ref id="d21164e760a1310">
            <mixed-citation id="d21164e764" publication-type="other">
Esty, Daniel C., and Richard E. Caves. 1983. "Market Structure
and Political Influence: New Data on Political Expenditures,
Activity, and Success." Economic Inquiry 21 (January): 24-38.</mixed-citation>
         </ref>
         <ref id="d21164e777a1310">
            <mixed-citation id="d21164e781" publication-type="other">
Green, Mark. 2004. Selling Out: How Big Corporate Money Buys
Elections, Rams Through Legislation, and Betrays Our Democ-
racy. New York: HarperCollins.</mixed-citation>
         </ref>
         <ref id="d21164e795a1310">
            <mixed-citation id="d21164e799" publication-type="other">
Greider, William. 1993. Who Will Tell the People: The Betrayal
of American Democracy. New York: Simon and Schuster.</mixed-citation>
         </ref>
         <ref id="d21164e809a1310">
            <mixed-citation id="d21164e813" publication-type="other">
Grenzke, Janet M. 1989. "PACs and the Congressional Super-
market: The Currency Is Complex." American Journal of
Political Science 33(1): 1-24.</mixed-citation>
         </ref>
         <ref id="d21164e826a1310">
            <mixed-citation id="d21164e830" publication-type="other">
Grier, Kevin B., Michael C. Munger, and Brian E. Roberts.
1994. "The Determinants of Industry Political Activ-
ity, 1978-1986." American Political Science Review 88(4):
911-26.</mixed-citation>
         </ref>
         <ref id="d21164e846a1310">
            <mixed-citation id="d21164e852" publication-type="other">
Gupta, Sanjay, and Kaye Newberry. 1997. "Determinants of the
Variability in Corporate Effective Tax Rates: Evidence from
Longitudinal Data." Journal of Accounting and Public Policy
16(1): 1-34.</mixed-citation>
         </ref>
         <ref id="d21164e868a1310">
            <mixed-citation id="d21164e872" publication-type="other">
Hall, Richard L., and Frank W. Wayman. 1990. "Buying Time:
Moneyed Interests and the Mobilization of Bias in Congres-
sional Committees." American Political Science Review 84(3):
797-820.</mixed-citation>
         </ref>
         <ref id="d21164e888a1310">
            <mixed-citation id="d21164e892" publication-type="other">
The Hill "Business &amp;amp; Lobby: 'Most Precious resource ... is
time.'" November 16, 2004. http://thehill.com/business-
lobby/most-precious-resource-...-is-time-2004-11-16.html
(January 2, 2008).</mixed-citation>
         </ref>
         <ref id="d21164e909a1310">
            <mixed-citation id="d21164e913" publication-type="other">
Hillman, Amy J., Gerald D. Keim, and Douglas Schüler.
2004. "Corporate Political Activity: A Review and Research
Agenda." Journal of Management 30(6): 837-57.</mixed-citation>
         </ref>
         <ref id="d21164e926a1310">
            <mixed-citation id="d21164e930" publication-type="other">
Heckman, James. 1979. "Sample Selection as Specification Er-
ror." Econometrica 47(January): 153-62.</mixed-citation>
         </ref>
         <ref id="d21164e940a1310">
            <mixed-citation id="d21164e944" publication-type="other">
Hojnacki, Marie, and David C. Kimbell. 1998. "Organized In-
terests and the Decision of Whom to Lobby in Congress."
American Political Science Review 92(4): 775-90.</mixed-citation>
         </ref>
         <ref id="d21164e957a1310">
            <mixed-citation id="d21164e961" publication-type="other">
International Speedway Corporation. 2004. Annual Statement.
http://ir.iscmotorsports.com/phoenix.zhtml?c=1139838tp=
irol-reports (January 2, 2008).</mixed-citation>
         </ref>
         <ref id="d21164e974a1310">
            <mixed-citation id="d21164e978" publication-type="other">
International Speedway Corporation. 2006. Annual Statement.
http://ir.iscmotorsports.com/phoenix.zhtml?c=1139838cp=
irol-reports (January 2, 2008).</mixed-citation>
         </ref>
         <ref id="d21164e991a1310">
            <mixed-citation id="d21164e995" publication-type="other">
Levitt, Steven D. 1995. "Policy Watch: Congressional Campaign
Finance Reform." The Journal of Economic Perspectives 9(1):
183-93.</mixed-citation>
         </ref>
         <ref id="d21164e1009a1310">
            <mixed-citation id="d21164e1013" publication-type="other">
Milyo, Jeffrey, David M. Primo, and Timothy J. Groseclose.
2000. "Corporate PAC Contributions in Perspective." Busi-
ness and Politics 2(1): 75-88.</mixed-citation>
         </ref>
         <ref id="d21164e1026a1310">
            <mixed-citation id="d21164e1030" publication-type="other">
McIntyre, Robert S., and T. D. Coo Nguyen. 2000. Corporate
Income Taxes in the 1990s. Washington, DC: Institute on
Taxation and Economic Policy.</mixed-citation>
         </ref>
         <ref id="d21164e1043a1310">
            <mixed-citation id="d21164e1047" publication-type="other">
McIntyre, Robert S., and T. D. Coo Nguyen. 2004. Corporate
Income Taxes in the Bush Years. Washington, DC: Citizens
for Tax Justice and the Institute on Taxation and Economic
Policy.</mixed-citation>
         </ref>
         <ref id="d21164e1063a1310">
            <mixed-citation id="d21164e1067" publication-type="other">
Oliver, Joseph R. 2003. "Accounting and Tax Treatment of R&amp;amp;D:
An Update." The CPA Journal 73(7): 46-49.</mixed-citation>
         </ref>
         <ref id="d21164e1077a1310">
            <mixed-citation id="d21164e1081" publication-type="other">
Plesko, George A. 2003. "An Evaluation of Alternative Measures
of Corporate Tax Rates." Journal of Accounting and Economics
35(2): 201-26.</mixed-citation>
         </ref>
         <ref id="d21164e1094a1310">
            <mixed-citation id="d21164e1098" publication-type="other">
Porcano, Thomas M. 1986. "Corporate Tax Rates: Progressive,
Proportional, or Regressive." Journal of the American Taxa-
tion Association 7 (Spring): 17-31.</mixed-citation>
         </ref>
         <ref id="d21164e1112a1310">
            <mixed-citation id="d21164e1116" publication-type="other">
Quinn, Dennis P., and Robert Y. Shapiro. 1991. "Business Po-
litical Power: The Case of Taxation." The American Political
Science Review 85(3): 851-74.</mixed-citation>
         </ref>
         <ref id="d21164e1129a1310">
            <mixed-citation id="d21164e1133" publication-type="other">
Sadrieh, Farid, and Annavarjula Madan. 2005. "Firm-Specific
Determinants of Corporate Lobbying Participation and In-
tensity." International Journal of Public Administration 28(1):
179-202.</mixed-citation>
         </ref>
         <ref id="d21164e1149a1310">
            <mixed-citation id="d21164e1153" publication-type="other">
Salamon, Lester M., and John J. Siegfried. 1977. "Economic
Power and Political Influence: The Impact of Industry Struc-
ture on Public Policy." American Political Science Review
71(4): 1026-43.</mixed-citation>
         </ref>
         <ref id="d21164e1169a1310">
            <mixed-citation id="d21164e1173" publication-type="other">
Shackelford, Douglas A., and Terry Shevlin. 2001. "Empirical
Tax Research in Accounting." Journal of Accounting and Eco-
nomics 31(1-3): 321-87.</mixed-citation>
         </ref>
         <ref id="d21164e1186a1310">
            <mixed-citation id="d21164e1190" publication-type="other">
Shevlin, Terry, and Sue Porter. 1992. "The Corporate Tax Come-
back in 1987: Some Further Evidence." The Journal of the
American Taxation Association 14(1): 58-79.</mixed-citation>
         </ref>
         <ref id="d21164e1203a1310">
            <mixed-citation id="d21164e1207" publication-type="other">
Siegfried, John. 1974. "Effective Average US Corporation
Income Tax Rates." National Tax Journal 27(2): 245-
59.</mixed-citation>
         </ref>
         <ref id="d21164e1221a1310">
            <mixed-citation id="d21164e1225" publication-type="other">
Sorauf, Frank J. 1992. Inside Campaign Finance: Myths and Re-
alities. New Haven, CT: Yale University Press.</mixed-citation>
         </ref>
         <ref id="d21164e1235a1310">
            <mixed-citation id="d21164e1239" publication-type="other">
Speedway Motorsports Inc. 2004. Annual Report, http://
phx.corporate-ir.net/phoenix.zhtml?c=997588q)=irol-
reports (January 2, 2008).</mixed-citation>
         </ref>
         <ref id="d21164e1252a1310">
            <mixed-citation id="d21164e1256" publication-type="other">
Stern, Phillip M. 1988. Best Congress Money Can Buy. New York:
Pantheon Books.</mixed-citation>
         </ref>
         <ref id="d21164e1266a1310">
            <mixed-citation id="d21164e1270" publication-type="other">
Stern, Phillip M. 1992. Still the Best Congress Money Can Buy.
Washington, DC: Regnery Gateway.</mixed-citation>
         </ref>
         <ref id="d21164e1280a1310">
            <mixed-citation id="d21164e1284" publication-type="other">
Stickney, Clyde, and Victor McGee. 1982. "Effective Corporate
Tax Rates: The Effect of Size, Capital Intensity, Leverage, and
Other Factors." Journal of Accounting and Public Policy 1 (2):
125-52.</mixed-citation>
         </ref>
         <ref id="d21164e1300a1310">
            <mixed-citation id="d21164e1304" publication-type="other">
Surrey, Stanley S. 1957. "The Congress and the Tax Lobbyist:
How Special Tax Provisions Get Enacted." Harvard Law Re-
view 70(7): 1145-1182.</mixed-citation>
         </ref>
         <ref id="d21164e1318a1310">
            <mixed-citation id="d21164e1322" publication-type="other">
U.S. Congress. 2004. "Jobs Creation Act of 2004." http://
waysandmeans.house.gov/media/pdf/hr4520/hr4520
confreptlegtext.pdf (January 2, 2008).</mixed-citation>
         </ref>
         <ref id="d21164e1335a1310">
            <mixed-citation id="d21164e1339" publication-type="other">
Watts, Ross, and Jerold Zimmerman. 1986. Towards a Positive
Theory of Accounting. Englewood Cliffs, NJ: Prentice-Hall.</mixed-citation>
         </ref>
         <ref id="d21164e1349a1310">
            <mixed-citation id="d21164e1353" publication-type="other">
Ways and Means Committee. 2007. Subcommittee on Over-
sight. "Hearing on Internal Revenue Service Operation
and the Tax Gap, March 20, 2007." http://waysandmeans
.house.gov/hearings.asp?formmode=view8ud=6533 (Jan-
uary 2, 2008).</mixed-citation>
         </ref>
         <ref id="d21164e1372a1310">
            <mixed-citation id="d21164e1376" publication-type="other">
Williams, John T., and Brian C. Collins. 1997. "The Political
Economy of Corporate Taxation." American Journal of Po-
litical Science 41(1): 208-44.</mixed-citation>
         </ref>
         <ref id="d21164e1389a1310">
            <mixed-citation id="d21164e1393" publication-type="other">
Wright, John R. 1985. "PACs, Contributions, and Roll Calls:
An Organizational Perspective." American Political Science
Review 79(2): 400-414.</mixed-citation>
         </ref>
      </ref-list>
   </back>
</article>
