<article dtd-version="1.0" article-type="research-article">
   <front>
      <journal-meta>
         <journal-id xmlns:xlink="http://www.w3.org/1999/xlink" journal-id-type="jstor">amerjpoliscie</journal-id>
         <journal-id xmlns:xlink="http://www.w3.org/1999/xlink" journal-id-type="jstor">j100487</journal-id>
         <journal-title-group xmlns:xlink="http://www.w3.org/1999/xlink">
            <journal-title>American Journal of Political Science</journal-title>
         </journal-title-group>
         <publisher>
            <publisher-name>Wiley Subscription Services</publisher-name>
         </publisher>
         <issn xmlns:xlink="http://www.w3.org/1999/xlink" pub-type="ppub">00925853</issn>
         <issn xmlns:xlink="http://www.w3.org/1999/xlink" pub-type="epub">15405907</issn>
      </journal-meta>
      <article-meta>
         <article-id xmlns:xlink="http://www.w3.org/1999/xlink" pub-id-type="jstor">20647963</article-id>
         <title-group>
            <article-title>The Participatory Effects of Redistricting</article-title>
         </title-group>
         <contrib-group>
            <contrib>
               <string-name xmlns:xlink="http://www.w3.org/1999/xlink">
                  <given-names>Danny</given-names>
                  <surname>Hayes</surname>
               </string-name>
            </contrib>
            <contrib>
               <string-name xmlns:xlink="http://www.w3.org/1999/xlink">
                  <given-names>Seth C.</given-names>
                  <surname>McKee</surname>
               </string-name>
            </contrib>
         </contrib-group>
         <pub-date xmlns:xlink="http://www.w3.org/1999/xlink">
            <day>1</day>
            <month>10</month>
            <year>2009</year>
         </pub-date>
         <volume>53</volume>
         <issue>4</issue>
         <issue-id xmlns:xlink="http://www.w3.org/1999/xlink">i20647947</issue-id>
         <fpage>1006</fpage>
         <lpage>1023</lpage>
         <permissions>
            <copyright-statement>Copyright 2009 Midwest Political Science Association</copyright-statement>
         </permissions>
         <self-uri xmlns:xlink="http://www.w3.org/1999/xlink"
                   xlink:href="http://www.jstor.org/stable/20647963"/>
         <abstract>
            <p>While the effects of legal and institutional arrangements on political participation are well documented, little attention has been given to the potential participatory effects of one of the United States' most important electoral laws: constitutionally mandated reapportionment. By severing the ties between constituents and their incumbents, we argue, redistricting raises information costs, leading to increased levels of nonvoting in U.S. House contests. Survey data from the 1992 American National Election Studies show that redrawn citizens are half as likely to know their incumbent's name as citizens who remain in a familiar incumbent's district and, consequently, significantly more likely to roll off, or abstain from voting in the House election after having cast a presidential vote. We also show that participation rates in the 2002-2006 House elections in Texas—each of which followed a redistricting—match these patterns, with roll-off increasing 3% to 8% in portions of the state that were redrawn, controlling for other factors. The findings demonstrate that scholars and policy makers ought to be concerned with the extent to which the redrawing of congressional lines affects citizens' exercise of political voice.</p>
         </abstract>
         <custom-meta-group xmlns:xlink="http://www.w3.org/1999/xlink">
            <custom-meta>
               <meta-name>lang</meta-name>
               <meta-value>eng</meta-value>
            </custom-meta>
         </custom-meta-group>
      </article-meta>
   </front>
   <back>
      <fn-group xmlns:xlink="http://www.w3.org/1999/xlink">
         <title>[Footnotes]</title>
         <fn id="d21178e126a1310">
            <p>
               <mixed-citation id="d21178e130" publication-type="other">
A previous version of this article was presented at the 2007 Conference on State Politics and Policy.</mixed-citation>
            </p>
         </fn>
         <fn id="d21178e137a1310">
            <label>1</label>
            <p>
               <mixed-citation id="d21178e144" publication-type="other">
Ansolabehere, Snyder, and Stewart (2000)</mixed-citation>
            </p>
            <p>
               <mixed-citation id="d21178e150" publication-type="other">
Cameron, Epstein, and O'Halloran (1996)</mixed-citation>
            </p>
            <p>
               <mixed-citation id="d21178e156" publication-type="other">
Canon (1999)</mixed-citation>
            </p>
            <p>
               <mixed-citation id="d21178e163" publication-type="other">
Carson,
Engstrom, and Roberts (2006)</mixed-citation>
            </p>
            <p>
               <mixed-citation id="d21178e172" publication-type="other">
Cox and Katz (2002)</mixed-citation>
            </p>
            <p>
               <mixed-citation id="d21178e178" publication-type="other">
Desposato
and Petrocik (2003)</mixed-citation>
            </p>
            <p>
               <mixed-citation id="d21178e187" publication-type="other">
Engstrom (2006)</mixed-citation>
            </p>
            <p>
               <mixed-citation id="d21178e193" publication-type="other">
Epstein and O'Halloran
(1999</mixed-citation>
            </p>
            <p>
               <mixed-citation id="d21178e202" publication-type="other">
2000)</mixed-citation>
            </p>
            <p>
               <mixed-citation id="d21178e209" publication-type="other">
Gelman and King (1994)</mixed-citation>
            </p>
            <p>
               <mixed-citation id="d21178e215" publication-type="other">
Hetherington, Larson, and
Globetti (2003)</mixed-citation>
            </p>
            <p>
               <mixed-citation id="d21178e224" publication-type="other">
Hill (1995)</mixed-citation>
            </p>
            <p>
               <mixed-citation id="d21178e230" publication-type="other">
Lublin (1997)</mixed-citation>
            </p>
            <p>
               <mixed-citation id="d21178e236" publication-type="other">
McKee (2008)</mixed-citation>
            </p>
            <p>
               <mixed-citation id="d21178e242" publication-type="other">
Petrocik
and Desposato (1998)</mixed-citation>
            </p>
            <p>
               <mixed-citation id="d21178e252" publication-type="other">
Rush (1993).</mixed-citation>
            </p>
            <p>
               <mixed-citation id="d21178e258" publication-type="other">
Congressional Quarterly 1998</mixed-citation>
            </p>
            <p>
               <mixed-citation id="d21178e264" publication-type="other">
McDonald 2004</mixed-citation>
            </p>
            <p>
               <mixed-citation id="d21178e270" publication-type="other">
Butler and Cain 1992</mixed-citation>
            </p>
            <p>
               <mixed-citation id="d21178e276" publication-type="other">
McDonald 2007</mixed-citation>
            </p>
            <p>
               <mixed-citation id="d21178e282" publication-type="other">
Congres-
sional Quarterly 1998</mixed-citation>
            </p>
            <p>
               <mixed-citation id="d21178e292" publication-type="other">
Carson, Engstrom, and Roberts 2006</mixed-citation>
            </p>
            <p>
               <mixed-citation id="d21178e298" publication-type="other">
Engstrom 2006</mixed-citation>
            </p>
         </fn>
         <fn id="d21178e305a1310">
            <label>2</label>
            <p>
               <mixed-citation id="d21178e312" publication-type="other">
http://mcdc2.missouri.edu/websas/geocorr90.shtml</mixed-citation>
            </p>
            <p>
               <mixed-citation id="d21178e318" publication-type="other">
http://mcdc2.missouri.edu/websas/geocorr2k.html</mixed-citation>
            </p>
         </fn>
         <fn id="d21178e325a1310">
            <label>3</label>
            <p>
               <mixed-citation id="d21178e332" publication-type="other">
McDermott (2005)</mixed-citation>
            </p>
            <p>
               <mixed-citation id="d21178e338" publication-type="other">
Wattenberg,
McAllister, and Salvanto (2000)</mixed-citation>
            </p>
         </fn>
         <fn id="d21178e349a1310">
            <label>8</label>
            <p>
               <mixed-citation id="d21178e356" publication-type="other">
Tomz, Wittenberg, and King 2003</mixed-citation>
            </p>
         </fn>
         <fn id="d21178e363a1310">
            <label>23</label>
            <p>
               <mixed-citation id="d21178e370" publication-type="other">
Darcy
and Schneider 1989</mixed-citation>
            </p>
            <p>
               <mixed-citation id="d21178e379" publication-type="other">
Wattenberg, McAllister, and Salvanto (2000).</mixed-citation>
            </p>
         </fn>
         <fn id="d21178e386a1310">
            <label>24</label>
            <p>
               <mixed-citation id="d21178e393" publication-type="other">
http://www.ncsl.org/programs/legismgt/elect/
straight_ticket.htm</mixed-citation>
            </p>
         </fn>
      </fn-group>
      <ref-list>
         <title>References</title>
         <ref id="d21178e412a1310">
            <mixed-citation id="d21178e416" publication-type="other">
Abramowitz, Alan I., Brad Alexander, and Matthew Gunning.
2006. "Incumbency, Redistricting, and the Decline of Com-
petition in U.S. House Elections." Journal of Politics 68(1):
75-88.</mixed-citation>
         </ref>
         <ref id="d21178e432a1310">
            <mixed-citation id="d21178e436" publication-type="other">
Aldrich, John H. 1993. "Rational Choice and Turnout." Ameri-
can Journal of Political Science 37(1): 256-78.</mixed-citation>
         </ref>
         <ref id="d21178e446a1310">
            <mixed-citation id="d21178e450" publication-type="other">
Ansolabehere, Stephen, James M. Snyder, Jr., and Charles Stew-
art, III. 2000. "Old Voters, New Voters, and the Personal Vote:
Using Redistricting to Measure the Incumbency Advantage."
American Journal of Political Science 44(1): 17-34.</mixed-citation>
         </ref>
         <ref id="d21178e466a1310">
            <mixed-citation id="d21178e470" publication-type="other">
Blais, Andre. 2006. "What Affects Voter Turnout?" Annual Re-
view of Political Science 9:111-25.</mixed-citation>
         </ref>
         <ref id="d21178e481a1310">
            <mixed-citation id="d21178e485" publication-type="other">
Bowler, Shaun, Todd Donovan, and Trudi Happ. 1992. "Bal-
lot Propositions and Information Costs: Direct Democracy
and the Fatigued Voter." Western Political Quarterly 45(2):
559-68.</mixed-citation>
         </ref>
         <ref id="d21178e501a1310">
            <mixed-citation id="d21178e505" publication-type="other">
Bruneil, Thomas L. 2008. Redistricting and Representation:
Why Competitive Elections Are Bad for America. New York:
Routledge.</mixed-citation>
         </ref>
         <ref id="d21178e518a1310">
            <mixed-citation id="d21178e522" publication-type="other">
Butler, David, and Bruce E. Cain. 1992. Congressional Redis-
tricting: Comparative and Theoretical Perspectives. New York:
MacMillan.</mixed-citation>
         </ref>
         <ref id="d21178e535a1310">
            <mixed-citation id="d21178e539" publication-type="other">
Cain, Bruce E., John Ferejohn, and Morris P. Fiorina. 1987.
The Personal Vote: Constituency Service and Electoral Inde-
pendence. Cambridge, MA: Harvard University Press.</mixed-citation>
         </ref>
         <ref id="d21178e552a1310">
            <mixed-citation id="d21178e556" publication-type="other">
Cameron, Charles, David Epstein, and Sharyn O'Halloran.
1996. "Do Majority-Minority Districts Maximize Substan-
tive Black Representation in Congress?" American Political
Science Review 90(4): 794-812.</mixed-citation>
         </ref>
         <ref id="d21178e572a1310">
            <mixed-citation id="d21178e576" publication-type="other">
Canon, David T. 1999. Race, Redistricting, and Representation:
The Unintended Consequences of Black Majority Districts.
Chicago: University of Chicago Press.</mixed-citation>
         </ref>
         <ref id="d21178e590a1310">
            <mixed-citation id="d21178e594" publication-type="other">
Carson, Jamie L., Erik J. Engstrom, and Jason M. Roberts.
2006. "Redistricting, Candidate Entry, and the Politics of
Nineteenth-Century U.S. House Elections." American Jour-
nal of Political Science 50(2): 283-93.</mixed-citation>
         </ref>
         <ref id="d21178e610a1310">
            <mixed-citation id="d21178e614" publication-type="other">
Congressional Quarterly. 1998. Congressional Elections:
1946-1996. Washington, DC: Congressional Quarterly.</mixed-citation>
         </ref>
         <ref id="d21178e624a1310">
            <mixed-citation id="d21178e628" publication-type="other">
Coupe, Tom, and Abdul G. Noury. 2004. "Choosing Not to
Choose: On the Link between Information and Abstention."
Economics Letters 84: 261-65.</mixed-citation>
         </ref>
         <ref id="d21178e641a1310">
            <mixed-citation id="d21178e645" publication-type="other">
Cox, Gary W., and Jonathan N. Katz. 2002. Elhridge Gerry's Sala-
mander: The Electoral Consequences of the Reapportionment
Revolution. Cambridge: Cambridge University Press.</mixed-citation>
         </ref>
         <ref id="d21178e658a1310">
            <mixed-citation id="d21178e662" publication-type="other">
Cox, Gary W., and Michael C. Munger. 1989. "Closeness, Ex-
penditures, and Turnout in the 1982 U.S. House Elections."
American Political Science Review 83(1): 217-31.</mixed-citation>
         </ref>
         <ref id="d21178e675a1310">
            <mixed-citation id="d21178e679" publication-type="other">
Darcy, R., and Anne Schneider. 1989. "Confusing Ballots, Roll-
Off, and the Black Vote." Western Political Quarterly 42(3):
347-64.</mixed-citation>
         </ref>
         <ref id="d21178e693a1310">
            <mixed-citation id="d21178e697" publication-type="other">
Desposato, Scott W., and John R. Petrocik. 2003. "The Variable
Incumbency Advantage: New Voters, Redistricting, and the
Personal Vote." American Journal of Political Science 47(1):
18-32.</mixed-citation>
         </ref>
         <ref id="d21178e713a1310">
            <mixed-citation id="d21178e717" publication-type="other">
Downs, Anthony. 1957. An Economic Theory of Democracy. New
York: Harper and Brothers.</mixed-citation>
         </ref>
         <ref id="d21178e727a1310">
            <mixed-citation id="d21178e731" publication-type="other">
Engstrom, Erik J. 2006. "Stacking the States, Stacking the House:
The Partisan Consequences of Congressional Redistrict-
ing in the 19th Century." American Political Science Review
100(3): 419-27.</mixed-citation>
         </ref>
         <ref id="d21178e747a1310">
            <mixed-citation id="d21178e751" publication-type="other">
Epstein, David, and Sharyn O'Halloran. 1999. "A Social Sci-
ence Approach to Race, Redistricting, and Representation."
American Political Science Review 93: 187-91.</mixed-citation>
         </ref>
         <ref id="d21178e764a1310">
            <mixed-citation id="d21178e768" publication-type="other">
Epstein, David, and Sharyn O'Halloran. 2000. "Majority-
Minority Districts and the New Politics of Congressional
Elections." In Continuity and Change in House Elections, ed.
David W. Brady, John F. Cogan, and Morris P. Fiorina. Stan-
ford, CA: Stanford University Press, 87-109.</mixed-citation>
         </ref>
         <ref id="d21178e787a1310">
            <mixed-citation id="d21178e791" publication-type="other">
Feddersen, Timothy J., and Wolfgang Pessendorfer. 1996. "The
Swing Voter's Curse." American Economic Review 86(3):
408-24.</mixed-citation>
         </ref>
         <ref id="d21178e805a1310">
            <mixed-citation id="d21178e809" publication-type="other">
Feddersen, Timothy J., and Wolfgang Pessendorfer. 1999. "Ab-
stention in Elections with Asymmetric Information and Di-
verse Preferences." American Political Science Review 93(2):
381-98.</mixed-citation>
         </ref>
         <ref id="d21178e825a1310">
            <mixed-citation id="d21178e829" publication-type="other">
Feig, Douglas G. 2007. "Race, Roll-Off, and the Straight-Ticket
Option." Politics &amp;amp; Policy 35(3): 548-68.</mixed-citation>
         </ref>
         <ref id="d21178e839a1310">
            <mixed-citation id="d21178e843" publication-type="other">
Fiorina, Morris P. 1977. Congress: Keystone of the Washington
Establishment. New Haven, CT: Yale University Press.</mixed-citation>
         </ref>
         <ref id="d21178e853a1310">
            <mixed-citation id="d21178e857" publication-type="other">
Fornos, Carolina A., Timothy J. Power, and James C.
Garand. 2004. "Explaining Voter Turnout in Latin America,
1980-2000." Comparative Political Studies 37(8): 909-40.</mixed-citation>
         </ref>
         <ref id="d21178e870a1310">
            <mixed-citation id="d21178e874" publication-type="other">
Franklin, Mark N. 1999. "Electoral Engineering and Cross-
National Turnout Differences: What Role for Compulsory
Voting?" British Journal of Political Science 29(1): 205-16.</mixed-citation>
         </ref>
         <ref id="d21178e887a1310">
            <mixed-citation id="d21178e891" publication-type="other">
Franklin, Mark N. 2001. "How Structural Factors Cause
Turnout Variations at European Parliament Elections." Eu-
ropean Union Politics 2(3): 309-28.</mixed-citation>
         </ref>
         <ref id="d21178e905a1310">
            <mixed-citation id="d21178e909" publication-type="other">
Franklin, Mark N. 2004. Voter Turnout and the Dynamics of
Electoral Competition in Established Democracies since 1945.
New York: Cambridge University Press.</mixed-citation>
         </ref>
         <ref id="d21178e922a1310">
            <mixed-citation id="d21178e926" publication-type="other">
Galderisi, Peter F., ed. 2005. Redistricting in the New Millennium.
Lanham, MD: Lexington Books.</mixed-citation>
         </ref>
         <ref id="d21178e936a1310">
            <mixed-citation id="d21178e940" publication-type="other">
Gelman, Andrew, and Gary King. 1994. "Enhancing Democracy
through Legislative Redistricting." American Political Science
Review 88(3): 541-59.</mixed-citation>
         </ref>
         <ref id="d21178e953a1310">
            <mixed-citation id="d21178e957" publication-type="other">
Ghirardato, Paolo, and Jonathan N. Katz. 2006. "Indecision
Theory: Weight of Evidence and Voting Behavior." Journal
of Public Economic Theory 8(3): 379-99.</mixed-citation>
         </ref>
         <ref id="d21178e970a1310">
            <mixed-citation id="d21178e974" publication-type="other">
Gilliam, Franklin. 1985. "Influences on Voter Turnout for U.S.
House Elections in Non-Presidential Years." Legislative Stud-
ies Quarterly 10(3): 339-51.</mixed-citation>
         </ref>
         <ref id="d21178e987a1310">
            <mixed-citation id="d21178e991" publication-type="other">
Hetherington, Marc J., Bruce Larson, and Suzanne Globetti.
2003. "The Redistricting Cycle and Strategic Candidate
Decisions in U.S. House Races." Journal of Politics 65(4):
1221-34.</mixed-citation>
         </ref>
         <ref id="d21178e1008a1310">
            <mixed-citation id="d21178e1012" publication-type="other">
Highton, Benjamin, and Raymond E. Wolfinger. 1998. "Esti-
mating the Effects of the National Voter Registration Act of
1993." Political Behavior 20(2): 79-104.</mixed-citation>
         </ref>
         <ref id="d21178e1025a1310">
            <mixed-citation id="d21178e1029" publication-type="other">
Hill, Kevin A. 1995. "Does the Creation of Majority Black Dis-
tricts Aid Republicans? An Analysis of the 1992 Congres-
sional Elections in Eight Southern States." Journal of Politics
57(2): 384-401.</mixed-citation>
         </ref>
         <ref id="d21178e1045a1310">
            <mixed-citation id="d21178e1049" publication-type="other">
Jackman, Robert W. 1987. "Political Institutions and Voter
Turnout in the Industrial Democracies." American Political
Science Review 81(2): 405-24.</mixed-citation>
         </ref>
         <ref id="d21178e1062a1310">
            <mixed-citation id="d21178e1066" publication-type="other">
Jackson, Robert A. 1996. "The Mobilization of Congressional
Electorates." Legislative Studies Quarterly 21(3): 425-45.</mixed-citation>
         </ref>
         <ref id="d21178e1076a1310">
            <mixed-citation id="d21178e1080" publication-type="other">
Jacobson, Gary C. 2004. The Politics of Congressional Elections.
6th ed. New York: Longman.</mixed-citation>
         </ref>
         <ref id="d21178e1090a1310">
            <mixed-citation id="d21178e1094" publication-type="other">
King, Gary. 1997. A Solution to the Ecological Inference Problem.
Princeton, NJ: Princeton University Press.</mixed-citation>
         </ref>
         <ref id="d21178e1105a1310">
            <mixed-citation id="d21178e1109" publication-type="other">
Lassen, David Dreyer. 2005. "The Effect of Information on Voter
Turnout: Evidence from a Natural Experiment." American
Journal of Political Science 49(1): 103-18.</mixed-citation>
         </ref>
         <ref id="d21178e1122a1310">
            <mixed-citation id="d21178e1126" publication-type="other">
Lau, Richard R., and David P. Redlawsk. 2001. "Advantages
and Disadvantages of Cognitive Heuristics in Political De-
cision Making." American Journal of Political Science 45(4):
951-71.</mixed-citation>
         </ref>
         <ref id="d21178e1142a1310">
            <mixed-citation id="d21178e1146" publication-type="other">
Levitt, Justin, and Michael P. McDonald. 2007. "Taking the
'Re' out of Redistricting: State Constitutional Provisions
on Redistricting Timing." Georgetown Law Review 95(4):
1247-86.</mixed-citation>
         </ref>
         <ref id="d21178e1162a1310">
            <mixed-citation id="d21178e1166" publication-type="other">
Lijphart, Arend. 1997. "Unequal Participation: Democracy's
Unresolved Dilemma." American Political Science Review
91(1): 1-14.</mixed-citation>
         </ref>
         <ref id="d21178e1179a1310">
            <mixed-citation id="d21178e1183" publication-type="other">
Lublin, David. 1997. The Paradox of Representation: Racial Ger-
rymandering and Minority Interests in Congress. Princeton,
NJ: Princeton University Press.</mixed-citation>
         </ref>
         <ref id="d21178e1196a1310">
            <mixed-citation id="d21178e1200" publication-type="other">
Lupia, Arthur. 1992. "Busy Voters, Agenda Control, and the
Power of Information." American Political Science Review
86(2): 390-403.</mixed-citation>
         </ref>
         <ref id="d21178e1214a1310">
            <mixed-citation id="d21178e1218" publication-type="other">
Lupia, Arthur. 1994. "Shortcuts Versus Encyclopedias: Infor-
mation and Voting Behavior in California Insurance Re-
form Elections." American Political Science Review 88(1):
63-76.</mixed-citation>
         </ref>
         <ref id="d21178e1234a1310">
            <mixed-citation id="d21178e1238" publication-type="other">
Mann, Thomas E., and Bruce E. Cain. 2005. Party Lines: Com-
petition, Partisanship, and Congressional Redistricting. Wash-
ington, DC: Brookings Institution Press.</mixed-citation>
         </ref>
         <ref id="d21178e1251a1310">
            <mixed-citation id="d21178e1255" publication-type="other">
Mayhew, David R. 1974. Congress: The Electoral Connection.
New Haven, CT: Yale University Press.</mixed-citation>
         </ref>
         <ref id="d21178e1265a1310">
            <mixed-citation id="d21178e1269" publication-type="other">
McDermott, Monika L. 2005. "Candidate Occupations and
Voter Information Shortcuts." Journal of Politics 67(1):
201-19.</mixed-citation>
         </ref>
         <ref id="d21178e1282a1310">
            <mixed-citation id="d21178e1286" publication-type="other">
McDonald, Michael P. 2004. "A Comparative Analysis of U.S.
State Redistricting Institutions." State Politics and Policy
Quarterly 4(4): 371-96.</mixed-citation>
         </ref>
         <ref id="d21178e1299a1310">
            <mixed-citation id="d21178e1303" publication-type="other">
McDonald, Michael P. 2007. "Regulating Redistricting." PS: Po-
litical Science &amp;amp; Politics 40(4): 675-79.</mixed-citation>
         </ref>
         <ref id="d21178e1314a1310">
            <mixed-citation id="d21178e1318" publication-type="other">
McKee, Seth C. 2008. "The Effects of Redistricting on Voting
Behavior in Incumbent U.S. House Elections, 1992-1994."
Political Research Quarterly 61(1): 122-33.</mixed-citation>
         </ref>
         <ref id="d21178e1331a1310">
            <mixed-citation id="d21178e1335" publication-type="other">
McKee, Seth C., and Daron R. Shaw. 2005. "Redistricting in
Texas: Institutionalizing Republican Ascendancy." In Redis-
tricting in the New Millennium, ed. Peter F. Galderisi. Lan-
ham, MD: Lexington Books, 275-311.</mixed-citation>
         </ref>
         <ref id="d21178e1351a1310">
            <mixed-citation id="d21178e1355" publication-type="other">
Nicholson, Stephen P., and Ross A. Miller. 1997. "Prior Be-
liefs and Voter Turnout in the 1986 and 1988 Congressional
Elections." Political Research Quarterly 50(1): 199-213.</mixed-citation>
         </ref>
         <ref id="d21178e1368a1310">
            <mixed-citation id="d21178e1372" publication-type="other">
Niemi, Richard G., and Paul S. Herrnson. 2003. "Beyond the
Butterfly: The Complexity of U.S. Ballots." Perspectives on
Politics 1(2): 317-26.</mixed-citation>
         </ref>
         <ref id="d21178e1385a1310">
            <mixed-citation id="d21178e1389" publication-type="other">
Niemi, Richard G., and Herbert F. Weisberg. 2001. Contro-
versies in Voting Behavior 4th ed. Washington, DC: CQ
Press.</mixed-citation>
         </ref>
         <ref id="d21178e1402a1310">
            <mixed-citation id="d21178e1406" publication-type="other">
Oppenheimer, Bruce I. 2005. "Deep Red and Blue Congres-
sional Districts: The Causes and Consequences of Declin-
ing Party Competitiveness." In Congress Reconsidered, ed.
Lawrence C. Dodd and Bruce I. Oppenheimer. Washington,
DC: CQ Press, 135-57.</mixed-citation>
         </ref>
         <ref id="d21178e1426a1310">
            <mixed-citation id="d21178e1430" publication-type="other">
Patterson, Thomas E. 2002. The Vanishing Voter: Public Involve-
ment in an Age of Uncertainty. New York: Vintage.</mixed-citation>
         </ref>
         <ref id="d21178e1440a1310">
            <mixed-citation id="d21178e1444" publication-type="other">
Petrocik, John R., and Scott W. Desposato. 1998. "The Par-
tisan Consequences of Majority-Minority Redistricting in
the South, 1992 and 1994." Journal of Politics 60(3):
613-33.</mixed-citation>
         </ref>
         <ref id="d21178e1460a1310">
            <mixed-citation id="d21178e1464" publication-type="other">
Popkin, Samuel L. 1994. The Reasoning Voter: Communication
and Persuasion in Presidential Campaigns. 2nd ed. Chicago:
University of Chicago Press.</mixed-citation>
         </ref>
         <ref id="d21178e1477a1310">
            <mixed-citation id="d21178e1481" publication-type="other">
Powell, G. Bingham, Jr. 1986. "American Voter Turnout in
Comparative Perspective." American Political Science Review
80(1): 17-43.</mixed-citation>
         </ref>
         <ref id="d21178e1494a1310">
            <mixed-citation id="d21178e1498" publication-type="other">
Rush, Mark E. 1993. Does Redistricting Make a Difference? Parti-
san Representation and Electoral Behavior. Baltimore: Johns
Hopkins University Press.</mixed-citation>
         </ref>
         <ref id="d21178e1511a1310">
            <mixed-citation id="d21178e1515" publication-type="other">
Southwell, Patricia L., and Justin I. Burchett. 2000. "The Effect
of All-Mail Elections on Voter Turnout." American Politics
Quarterly 28: 72-79.</mixed-citation>
         </ref>
         <ref id="d21178e1529a1310">
            <mixed-citation id="d21178e1533" publication-type="other">
Stein, Robert M. 1988. "Early Voting." Public Opinion Quarterly
62: 57-69.</mixed-citation>
         </ref>
         <ref id="d21178e1543a1310">
            <mixed-citation id="d21178e1547" publication-type="other">
Tomz, Michael, Jason Wittenberg, and Gary King. 2003.
CLARIFY: Software for Interpreting and Presenting Sta-
tistical Results, version 2.1. Stanford University, Univer-
sity of Wisconsin, and Harvard University. Available at
http://gking.harvard.edu/.</mixed-citation>
         </ref>
         <ref id="d21178e1566a1310">
            <mixed-citation id="d21178e1570" publication-type="other">
Vanderleeuw, James M., and Richard L. Engstrom. 1987.
"Race, Referendums, and Roll-Off." Journal of Politics 49(4):
1081-92.</mixed-citation>
         </ref>
         <ref id="d21178e1583a1310">
            <mixed-citation id="d21178e1587" publication-type="other">
Vanderleeuw, James M., and Baodong Liu. 2002. "Political Em-
powerment, Mobilization, and Black Voter Roll-Off." Urban
Affairs Review 37(3): 380-96.</mixed-citation>
         </ref>
         <ref id="d21178e1600a1310">
            <mixed-citation id="d21178e1604" publication-type="other">
Vanderleeuw, James M., and Glenn H. Utter. 1993. "Voter Roll-
Off and the Electoral Context: A Test of Two Theses." Social
Science Quarterly 74(3): 664-73.</mixed-citation>
         </ref>
         <ref id="d21178e1617a1310">
            <mixed-citation id="d21178e1621" publication-type="other">
Walker, Jack L. 1966. "Ballot Forms and Voter Fatigue: An Anal-
ysis of the Office Block and Party Column Ballots." Midwest
Journal of Political Science 10(4): 448-63.</mixed-citation>
         </ref>
         <ref id="d21178e1635a1310">
            <mixed-citation id="d21178e1639" publication-type="other">
Wattenberg, Martin P. 2002. Where Have All the Voters Gone?
Cambridge, MA: Harvard University Press.</mixed-citation>
         </ref>
         <ref id="d21178e1649a1310">
            <mixed-citation id="d21178e1653" publication-type="other">
Wattenberg, Martin P., Ian McAllister, and Anthony Salvanto.
2000. "How Voting Is Like Taking an SAT Test: An Analysis of
American Voter Rolloff." American Politics Quarterly 28(2):
234-50.</mixed-citation>
         </ref>
         <ref id="d21178e1669a1310">
            <mixed-citation id="d21178e1673" publication-type="other">
Winburn, Jonathan, and Michael W. Wagner. Forthcoming.
"Carving Voters Out: Redistricting's Influence on Political
Information, Turnout, and Voting Behavior." Political Re-
search Quarterly.</mixed-citation>
         </ref>
         <ref id="d21178e1689a1310">
            <mixed-citation id="d21178e1693" publication-type="other">
Wolfinger, Raymond E., and Steven J. Rosenstone. 1980. Who
Votes? New Haven, CT: Yale University Press.</mixed-citation>
         </ref>
      </ref-list>
   </back>
</article>
