<article dtd-version="1.0" article-type="research-article">
   <front>
      <journal-meta>
         <journal-id xmlns:xlink="http://www.w3.org/1999/xlink" journal-id-type="jstor">amerjpoliscie</journal-id>
         <journal-id xmlns:xlink="http://www.w3.org/1999/xlink" journal-id-type="jstor">j100487</journal-id>
         <journal-title-group xmlns:xlink="http://www.w3.org/1999/xlink">
            <journal-title>American Journal of Political Science</journal-title>
         </journal-title-group>
         <publisher>
            <publisher-name>Wiley Subscription Services</publisher-name>
         </publisher>
         <issn xmlns:xlink="http://www.w3.org/1999/xlink" pub-type="ppub">00925853</issn>
         <issn xmlns:xlink="http://www.w3.org/1999/xlink" pub-type="epub">15405907</issn>
      </journal-meta>
      <article-meta>
         <article-id xmlns:xlink="http://www.w3.org/1999/xlink" pub-id-type="jstor">20647979</article-id>
         <article-categories>
            <subj-group>
               <subject>AJPS Workshops</subject>
            </subj-group>
         </article-categories>
         <title-group>
            <article-title>A Global Model for Forecasting Political Instability</article-title>
         </title-group>
         <contrib-group>
            <contrib>
               <string-name xmlns:xlink="http://www.w3.org/1999/xlink">
                  <given-names>Jack A.</given-names>
                  <surname>Goldstone</surname>
               </string-name>
            </contrib>
            <contrib>
               <string-name xmlns:xlink="http://www.w3.org/1999/xlink">
                  <given-names>Robert H.</given-names>
                  <surname>Bates</surname>
               </string-name>
            </contrib>
            <contrib>
               <string-name xmlns:xlink="http://www.w3.org/1999/xlink">
                  <given-names>David L.</given-names>
                  <surname>Epstein</surname>
               </string-name>
            </contrib>
            <contrib>
               <string-name xmlns:xlink="http://www.w3.org/1999/xlink">
                  <given-names>Ted Robert</given-names>
                  <surname>Gurr</surname>
               </string-name>
            </contrib>
            <contrib>
               <string-name xmlns:xlink="http://www.w3.org/1999/xlink">
                  <given-names>Michael B.</given-names>
                  <surname>Lustik</surname>
               </string-name>
            </contrib>
            <contrib>
               <string-name xmlns:xlink="http://www.w3.org/1999/xlink">
                  <given-names>Monty G.</given-names>
                  <surname>Marshall</surname>
               </string-name>
            </contrib>
            <contrib>
               <string-name xmlns:xlink="http://www.w3.org/1999/xlink">
                  <given-names>Jay</given-names>
                  <surname>Ulfelder</surname>
               </string-name>
            </contrib>
            <contrib>
               <string-name xmlns:xlink="http://www.w3.org/1999/xlink">
                  <given-names>Mark</given-names>
                  <surname>Woodward</surname>
               </string-name>
            </contrib>
         </contrib-group>
         <pub-date xmlns:xlink="http://www.w3.org/1999/xlink">
            <day>1</day>
            <month>1</month>
            <year>2010</year>
         </pub-date>
         <volume>54</volume>
         <issue>1</issue>
         <issue-id xmlns:xlink="http://www.w3.org/1999/xlink">i20647965</issue-id>
         <fpage>190</fpage>
         <lpage>208</lpage>
         <permissions>
            <copyright-statement>Copyright 2010 Midwest Political Science Association</copyright-statement>
         </permissions>
         <self-uri xmlns:xlink="http://www.w3.org/1999/xlink"
                   xlink:href="http://www.jstor.org/stable/20647979"/>
         <abstract>
            <p>Examining onsets of political instability in countries worldwide from 1955 to 2003, we develop a model that distinguishes countries that experienced instability from those that remained stable with a two-year lead time and over 80% accuracy. Intriguingly, the model uses few variables and a simple specification. The model is accurate in forecasting the onsets of both violent civil wars and nonviolent democratic reversals, suggesting common factors in both types of change. Whereas regime type is typically measured using linear or binary indicators of democracy/autocracy derived from the 21-point Polity scale, the model uses a nonlinear five-category measure of regime type based on the Polity components. This new measure of regime type emerges as the most powerful predictor of instability onsets, leading us to conclude that political institutions, properly specified, and not economic conditions, demography, or geography, are the most important predictors of the onset of political instability.</p>
         </abstract>
         <custom-meta-group xmlns:xlink="http://www.w3.org/1999/xlink">
            <custom-meta>
               <meta-name>lang</meta-name>
               <meta-value>eng</meta-value>
            </custom-meta>
         </custom-meta-group>
      </article-meta>
   </front>
   <back>
      <fn-group xmlns:xlink="http://www.w3.org/1999/xlink">
         <title>[Footnotes]</title>
         <fn id="d20183e235a1310">
            <p>
               <mixed-citation id="d20183e239" publication-type="other">
An earlier version of this article was presented at the 2006 annual meeting of the American Political Science Association, Washington, DC.</mixed-citation>
            </p>
         </fn>
         <fn id="d20183e246a1310">
            <label>1</label>
            <p>
               <mixed-citation id="d20183e253" publication-type="other">
Gurr (2000)</mixed-citation>
            </p>
            <p>
               <mixed-citation id="d20183e259" publication-type="other">
Marshall and Gurr (2001/2003/2005)</mixed-citation>
            </p>
            <p>
               <mixed-citation id="d20183e265" publication-type="other">
Human
Security Centre (2005).</mixed-citation>
            </p>
         </fn>
         <fn id="d20183e275a1310">
            <label>4</label>
            <p>
               <mixed-citation id="d20183e282" publication-type="other">
King and Zeng (2001a)</mixed-citation>
            </p>
         </fn>
         <fn id="d20183e289a1310">
            <label>5</label>
            <p>
               <mixed-citation id="d20183e296" publication-type="other">
King and
Zeng (2001a)</mixed-citation>
            </p>
         </fn>
         <fn id="d20183e307a1310">
            <label>6</label>
            <p>
               <mixed-citation id="d20183e314" publication-type="other">
Beck, Katz, and Tucker (1998)</mixed-citation>
            </p>
            <p>
               <mixed-citation id="d20183e320" publication-type="other">
Beck (2001)</mixed-citation>
            </p>
            <p>
               <mixed-citation id="d20183e326" publication-type="other">
Beck and Katz (2001)</mixed-citation>
            </p>
            <p>
               <mixed-citation id="d20183e333" publication-type="other">
Green, Kim, and Yoon (2001)</mixed-citation>
            </p>
            <p>
               <mixed-citation id="d20183e339" publication-type="other">
King and
Zeng (2001a</mixed-citation>
            </p>
            <p>
               <mixed-citation id="d20183e348" publication-type="other">
2001b).</mixed-citation>
            </p>
         </fn>
         <fn id="d20183e355a1310">
            <label>7</label>
            <p>
               <mixed-citation id="d20183e362" publication-type="other">
King and Zeng
2001a</mixed-citation>
            </p>
            <p>
               <mixed-citation id="d20183e371" publication-type="other">
2001b).</mixed-citation>
            </p>
         </fn>
         <fn id="d20183e378a1310">
            <label>8</label>
            <p>
               <mixed-citation id="d20183e385" publication-type="other">
www.systemicpeace.org/inscr/inscr.htm</mixed-citation>
            </p>
            <p>
               <mixed-citation id="d20183e391" publication-type="other">
www.cidcm.umd.edu/mar/
data.asp</mixed-citation>
            </p>
         </fn>
         <fn id="d20183e401a1310">
            <label>9</label>
            <p>
               <mixed-citation id="d20183e408" publication-type="other">
Coppedge, Alvarez, and Maldonado (2008)</mixed-citation>
            </p>
         </fn>
         <fn id="d20183e415a1310">
            <label>11</label>
            <p>
               <mixed-citation id="d20183e422" publication-type="other">
http://globalpolicy.gmu.edu/pitf/.</mixed-citation>
            </p>
            <p>
               <mixed-citation id="d20183e428" publication-type="other">
Harff (2003).</mixed-citation>
            </p>
         </fn>
         <fn id="d20183e435a1310">
            <label>13</label>
            <p>
               <mixed-citation id="d20183e442" publication-type="other">
Ulfelder and Lustik (2007)</mixed-citation>
            </p>
            <p>
               <mixed-citation id="d20183e448" publication-type="other">
Marshall and Cole (2008).</mixed-citation>
            </p>
         </fn>
         <fn id="d20183e456a1310">
            <label>18</label>
            <p>
               <mixed-citation id="d20183e463" publication-type="other">
Ward and Bakke (2005, 16)</mixed-citation>
            </p>
         </fn>
      </fn-group>
      <ref-list>
         <title>References</title>
         <ref id="d20183e479a1310">
            <mixed-citation id="d20183e483" publication-type="other">
Acemoglu, D., S. Johnson, and J. Robinson. 2006. "Institutions
as the Fundamental Cause of Long Run Growth." In Hand-
book of Economic Growth, ed. R Aghion and S. Durlauf.
Oxford: Oxford University Press, 385-472.</mixed-citation>
         </ref>
         <ref id="d20183e499a1310">
            <mixed-citation id="d20183e503" publication-type="other">
Alesina, Alberto, and Robert Perotti. 1996. "Income Distribu-
tion, Political Instability, and Investment." European Eco-
nomic Review 40{June): 1203-28.</mixed-citation>
         </ref>
         <ref id="d20183e516a1310">
            <mixed-citation id="d20183e520" publication-type="other">
Bates, Robert. 2008. When Things Fall Apart. Cambridge: Cam-
bridge University Press.</mixed-citation>
         </ref>
         <ref id="d20183e530a1310">
            <mixed-citation id="d20183e534" publication-type="other">
Beck, Nathaniel. 2001. "Time-Series Cross-Section Data: What
Have We Learned in the Past Few Years?" Annual Review of
Political Science 4: 271-93.</mixed-citation>
         </ref>
         <ref id="d20183e548a1310">
            <mixed-citation id="d20183e552" publication-type="other">
Beck, Nathaniel, and Jonathan N. Katz. 2001. "Throwing Out
the Baby with the Bath Water: A Comment on Green, Kim,
and Yoon." International Organization 55(Spring): 487-95.</mixed-citation>
         </ref>
         <ref id="d20183e565a1310">
            <mixed-citation id="d20183e569" publication-type="other">
Beck, Nathaniel, Jonathan N. Katz, and Richard Tucker. 1998.
"Taking Time Seriously: Time-Series Cross-Section Analy-
sis with a Binary Dependent Variable." American Journal of
Political Science 42(October): 1260-88.</mixed-citation>
         </ref>
         <ref id="d20183e585a1310">
            <mixed-citation id="d20183e589" publication-type="other">
Beck, Nathaniel, Gary King, and Langche Zeng. 2000. "Im-
proving Quantitative Studies of International Conflict: A
Conjecture." American Political Science Review 94(March):
21-35.</mixed-citation>
         </ref>
         <ref id="d20183e605a1310">
            <mixed-citation id="d20183e609" publication-type="other">
CIDCM (Center for International Development and Con-
flict Management). 2006. Minorities at Risk Project, http:
//www.cidcm.umd.edu/inscr/mar/.</mixed-citation>
         </ref>
         <ref id="d20183e622a1310">
            <mixed-citation id="d20183e626" publication-type="other">
Cincotta, Richard P., Robert Engelman, and Daniele Anastasion.
2003. The Security Demographic. Washington, DC: Popula-
tion Action International.</mixed-citation>
         </ref>
         <ref id="d20183e639a1310">
            <mixed-citation id="d20183e643" publication-type="other">
Collier, Paul, Lani Elliott, Havard Hegre, Anke Hoeffler, Maria
Reynal-Querol, and Nicholas Sambanis. 2003. Breaking the
Conflict Trap. Oxford: Oxford University Press.</mixed-citation>
         </ref>
         <ref id="d20183e657a1310">
            <mixed-citation id="d20183e661" publication-type="other">
Collier, Paul, and Anke Hoeffler. 2002. "On the Incidence of
Civil War in Africa." Journal of Conflict Resolution 46(Febru-
ary): 13-28.</mixed-citation>
         </ref>
         <ref id="d20183e674a1310">
            <mixed-citation id="d20183e678" publication-type="other">
Collier, Paul, and Anke Hoeffler. 2004. "Greed and Grievance
in Civil Wars." Oxford Economic Papers New Series 56(4):
563-95.</mixed-citation>
         </ref>
         <ref id="d20183e691a1310">
            <mixed-citation id="d20183e695" publication-type="other">
Coppedge, Michael, Angel Alvarez, and Claudia Maldonado.
2008. "Two Persistent Dimensions of Democracy: Contesta-
tion and Inclusiveness." Journal of Politics 70 (July): 632-47.</mixed-citation>
         </ref>
         <ref id="d20183e708a1310">
            <mixed-citation id="d20183e712" publication-type="other">
Dahl, Robert. 1971. Polyarchy. New Haven, CT: Yale University
Press.</mixed-citation>
         </ref>
         <ref id="d20183e722a1310">
            <mixed-citation id="d20183e726" publication-type="other">
Deutsch, K. W. 1961. "Social Mobilization and Political Devel-
opment." American Political Science Review 55(September):
493-514.</mixed-citation>
         </ref>
         <ref id="d20183e739a1310">
            <mixed-citation id="d20183e743" publication-type="other">
Dunning, Thad. 2005. "Resource Dependence, Economic Per-
formance, and Political Stability." Journal of Conflict Resolu-
tion 49(August): 451-82.</mixed-citation>
         </ref>
         <ref id="d20183e757a1310">
            <mixed-citation id="d20183e761" publication-type="other">
Elbadawi, Ibrahim, and Nicholas Sambanis. 2000. "Why Are
There So Many Civil Wars in Africa? Understanding and
Preventing Violent Conflict." Journal of African Economies
9(October): 244-69.</mixed-citation>
         </ref>
         <ref id="d20183e777a1310">
            <mixed-citation id="d20183e781" publication-type="other">
Elbadawi, Ibrahim, and Nicholas Sambanis. 2002. "How Much
War Will We See? Explaining the Prevalence of Civil War."
Journal of Conflict Resolution 46(June): 307-44.</mixed-citation>
         </ref>
         <ref id="d20183e794a1310">
            <mixed-citation id="d20183e798" publication-type="other">
Elkins, Zachary. 2000. "Gradations of Democracy? Empirical
Tests of Alternative Conceptualizations." American Journal
of Political Science 44( April): 293-300.</mixed-citation>
         </ref>
         <ref id="d20183e811a1310">
            <mixed-citation id="d20183e815" publication-type="other">
Epstein, David, Robert Bates, Jack A. Goldstone, Ida Kristensen,
and Sharyn O'Halloran. 2006. "Democratic Transitions."
American Journal of Political Science 50(July): 551-69.</mixed-citation>
         </ref>
         <ref id="d20183e828a1310">
            <mixed-citation id="d20183e832" publication-type="other">
Fearon, James, and David Laitin. 2003. "Ethnicity, Insurgency,
and Civil War." American Political Science Review 97(Febru-
ary): 75-90.</mixed-citation>
         </ref>
         <ref id="d20183e845a1310">
            <mixed-citation id="d20183e849" publication-type="other">
Franke, Volker. 2007. In Control of Natural Wealth? Bonn, Ger-
many: Bonn International Center for Conversion.</mixed-citation>
         </ref>
         <ref id="d20183e860a1310">
            <mixed-citation id="d20183e864" publication-type="other">
Freedom House. 1972-2006. Freedom in the World. Lanham,
MD: Rowman &amp;amp; Littlefield.</mixed-citation>
         </ref>
         <ref id="d20183e874a1310">
            <mixed-citation id="d20183e878" publication-type="other">
Gates, Scott, Havard Hegre, Mark R Jones, and Havard Strand.
2006. "Institutional Inconsistency and Political Instability:
Polity Duration, 1800-2000." American Journal of Political
Science 50(October): 893-908.</mixed-citation>
         </ref>
         <ref id="d20183e894a1310">
            <mixed-citation id="d20183e898" publication-type="other">
Goldstone, Jack A. 1991. Revolution and Rebellion in the Early
Modern World. Berkeley: University of California Press.</mixed-citation>
         </ref>
         <ref id="d20183e908a1310">
            <mixed-citation id="d20183e912" publication-type="other">
Goldstone, Jack A. 2001. "Toward a Fourth Generation of Rev-
olutionary Theory." Annual Review of Political Science 4:
139-87.</mixed-citation>
         </ref>
         <ref id="d20183e925a1310">
            <mixed-citation id="d20183e929" publication-type="other">
Goodwin, Jeff. 2001. No Other Way Out: States and Revolution-
ary Movements 1945-1991. Cambridge: Cambridge Univer-
sity Press.</mixed-citation>
         </ref>
         <ref id="d20183e942a1310">
            <mixed-citation id="d20183e946" publication-type="other">
Green, Donald, Soo Yeon Kim, and David Yoon. 2001. "Dirty
Pool." International Organization 55(Spring): 441-68.</mixed-citation>
         </ref>
         <ref id="d20183e957a1310">
            <mixed-citation id="d20183e961" publication-type="other">
Gurr, Ted Robert. 1993. Minorities at Risk. Washington, DC:
U.S. Institute of Peace.</mixed-citation>
         </ref>
         <ref id="d20183e971a1310">
            <mixed-citation id="d20183e975" publication-type="other">
Gurr, Ted Robert. 2000. "Ethnic Warfare on the Wane." Foreign
Affairs 79(May/June): 52-64.</mixed-citation>
         </ref>
         <ref id="d20183e985a1310">
            <mixed-citation id="d20183e989" publication-type="other">
Harff, Barbara. 2003. "No Lessons Learned from the Holo-
caust? Assessing Risks of Genocide and Political Mass Mur-
der since 1955." American Political Science Review 97(Febru-
ary): 57-73.</mixed-citation>
         </ref>
         <ref id="d20183e1005a1310">
            <mixed-citation id="d20183e1009" publication-type="other">
Hegre, Havard. 2004. "The Duration and Termination of Civil
War." Journal of Peace Research 41 (May): 243-52.</mixed-citation>
         </ref>
         <ref id="d20183e1019a1310">
            <mixed-citation id="d20183e1023" publication-type="other">
Hegre, Havard, Tanja Ellingson, Scott Gates, and Nils Petter
Gleditsch. 2001. "Toward a Democratic Civil Peace? Democ-
racy, Political Change, and Civil War, 1916-1992." American
Political Science Review 95(March): 33-48.</mixed-citation>
         </ref>
         <ref id="d20183e1039a1310">
            <mixed-citation id="d20183e1043" publication-type="other">
Hegre, Havard, and Nicholas Sambanis. 2006. "Sensitivity Anal-
ysis of Empirical Results on Civil War Onset." Journal of
Conflict Resolution 50(August): 508-35.</mixed-citation>
         </ref>
         <ref id="d20183e1057a1310">
            <mixed-citation id="d20183e1061" publication-type="other">
Human Security Centre. 2005. Human Security Report 2005:
War and Peace in the 21st Century. New York: Oxford Uni-
versity Press.</mixed-citation>
         </ref>
         <ref id="d20183e1074a1310">
            <mixed-citation id="d20183e1078" publication-type="other">
Huntington, S. P. 1968. Political Order in Changing Societies.
New Haven, CT: Yale University Press.</mixed-citation>
         </ref>
         <ref id="d20183e1088a1310">
            <mixed-citation id="d20183e1092" publication-type="other">
King, Gary, and Langche Zeng. 2001a. "Logistic Regression in
Rare Events Data." Political Analysis 9(Spring): 137-63.</mixed-citation>
         </ref>
         <ref id="d20183e1102a1310">
            <mixed-citation id="d20183e1106" publication-type="other">
King, Gary, and Langche Zeng. 2001b. "Improving Forecasts of
State Failure." World Politics 53(July): 623-58.</mixed-citation>
         </ref>
         <ref id="d20183e1116a1310">
            <mixed-citation id="d20183e1120" publication-type="other">
Marshall, Monty G., and Benjamin R. Cole. 2008. "A Macro-
Comparative Analysis of the Problem of Factionalism in
Emerging Democracies." Paper presented at the 2008 annual
meeting of the American Political Science Association.</mixed-citation>
         </ref>
         <ref id="d20183e1136a1310">
            <mixed-citation id="d20183e1142" publication-type="other">
Marshall, Monty G., and Ted Robert Gurr. 2001/2003/2005.
Peace and Conflict: A Global Survey of Armed Conflicts, Self-
Determination Movements, and Democracy. College Park,
MD: Center for International Development and Conflict
Management.</mixed-citation>
         </ref>
         <ref id="d20183e1162a1310">
            <mixed-citation id="d20183e1166" publication-type="other">
Marshall, Monty G., and Keith Jaggers. 2003. Polity IV Project:
Political Regime Characteristics and Transitions 1800-2008.
www.systemicpeace.org/polity/polity4.htm.</mixed-citation>
         </ref>
         <ref id="d20183e1179a1310">
            <mixed-citation id="d20183e1183" publication-type="other">
Muller, Edward N., and Mitchell A. Seligson. 1987. "Inequality
and Insurgency." American Political Science Review 81 (June):
425-52.</mixed-citation>
         </ref>
         <ref id="d20183e1196a1310">
            <mixed-citation id="d20183e1200" publication-type="other">
Munck, Gerardo L., and Jay Verkuilen. 2002. "Conceptualizing
and Measuring Democracy: Evaluating Alternative Indices."
Comparative Political Studies 35(February): 5-34.</mixed-citation>
         </ref>
         <ref id="d20183e1213a1310">
            <mixed-citation id="d20183e1217" publication-type="other">
Przeworski, Adam, Michael E. Alvarez, Jose Antonio Cheibub,
and Fernando Limongi. 2000. Democracy and Development.
Cambridge: Cambridge University Press.</mixed-citation>
         </ref>
         <ref id="d20183e1230a1310">
            <mixed-citation id="d20183e1234" publication-type="other">
Regan, Patrick. 2000. Civil Wars and Foreign Powers: Outside
Intervention in Intrastate Conflict. Ann Arbor: University of
Michigan Press.</mixed-citation>
         </ref>
         <ref id="d20183e1247a1310">
            <mixed-citation id="d20183e1251" publication-type="other">
Regan, Patrick, and Daniel Norton. 2005. "Greed, Grievance,
and Mobilization in Civil Wars." Journal of Conflict Resolu-
tion 49(June): 319-36.</mixed-citation>
         </ref>
         <ref id="d20183e1265a1310">
            <mixed-citation id="d20183e1269" publication-type="other">
Ross, M. L. 2004. "What Do We Know about Natural Resources
and Civil War?" Journal of Peace Research 41 (May): 337-
56.</mixed-citation>
         </ref>
         <ref id="d20183e1282a1310">
            <mixed-citation id="d20183e1286" publication-type="other">
Rothman, Kenneth. 2002. Epidemiology: An Introduction. New
York: Oxford University Press.</mixed-citation>
         </ref>
         <ref id="d20183e1296a1310">
            <mixed-citation id="d20183e1300" publication-type="other">
Sambanis, Nicholas. 2001. "Do Ethnic and Nonethnic Civil
Wars Have the Same Causes?" Journal of Conflict Resolution
45(June): 259-82.</mixed-citation>
         </ref>
         <ref id="d20183e1313a1310">
            <mixed-citation id="d20183e1317" publication-type="other">
Skocpol, T. 1979. States and Social Revolutions. Cambridge:
Cambridge University Press.</mixed-citation>
         </ref>
         <ref id="d20183e1327a1310">
            <mixed-citation id="d20183e1331" publication-type="other">
Snyder, R., and R. Bhavani. 2005. "Diamonds, Blood and Taxes:
A Revenue-Centered Framework for Explaining Political Or-
der." Journal of Conflict Resolution 49(August): 563-97.</mixed-citation>
         </ref>
         <ref id="d20183e1344a1310">
            <mixed-citation id="d20183e1348" publication-type="other">
Snyder, Richard, and James Mahoney. 1999. "The Missing Vari-
able: Institutions and the Study of Regime Change." Com-
parative Politics 32(October): 103-22.</mixed-citation>
         </ref>
         <ref id="d20183e1362a1310">
            <mixed-citation id="d20183e1366" publication-type="other">
Tilly, Charles. 1978. From Mobilization to Revolution. Reading,
MA: Addison-Wesley.</mixed-citation>
         </ref>
         <ref id="d20183e1376a1310">
            <mixed-citation id="d20183e1380" publication-type="other">
Trier, Shawn, and Simon Jackman. 2008. "Democracy as a La-
tent Variable." American Journal of Political Science 52(Jan-
uary): 201-17.</mixed-citation>
         </ref>
         <ref id="d20183e1393a1310">
            <mixed-citation id="d20183e1397" publication-type="other">
Ulfelder, Jay, and Michael Lustik. 2007. "Modeling Transi-
tions to and from Democracy." Democratization 14(April):
351-87.</mixed-citation>
         </ref>
         <ref id="d20183e1410a1310">
            <mixed-citation id="d20183e1414" publication-type="other">
Vreeland, James. 2008. "The Effect of Political Regime on Civil
War: Unpacking Anocracy." Journal of Conflict Resolution
52(June): 401-24.</mixed-citation>
         </ref>
         <ref id="d20183e1427a1310">
            <mixed-citation id="d20183e1431" publication-type="other">
Walter, Barbara F. 2004. "Does Conflict Beget Conflict? Explain-
ing Recurring Civil War." Journal of Peace Research 41 (May):
371-88.</mixed-citation>
         </ref>
         <ref id="d20183e1444a1310">
            <mixed-citation id="d20183e1448" publication-type="other">
Ward, Michael D, and Kristin Bakke. 2005. "Predicting Civil
Conflicts: On the Utility of Empirical Research." Paper pre-
sented at the Conference on Disaggregating the Study of
Civil War and Transnational Violence, University of Cal-
ifornia Institute of Global Conflict and Cooperation, San
Diego.</mixed-citation>
         </ref>
         <ref id="d20183e1472a1310">
            <mixed-citation id="d20183e1476" publication-type="other">
Ziliak, Stephen T, and Deidre McCloskey. 2008. The Cult of
Statistical Significance. Ann Arbor: University of Michigan
Press.</mixed-citation>
         </ref>
      </ref-list>
   </back>
</article>
