<article dtd-version="1.0" article-type="research-article">
   <front>
      <journal-meta>
         <journal-id xmlns:xlink="http://www.w3.org/1999/xlink" journal-id-type="jstor">amerjpoliscie</journal-id>
         <journal-id xmlns:xlink="http://www.w3.org/1999/xlink" journal-id-type="jstor">j100487</journal-id>
         <journal-title-group xmlns:xlink="http://www.w3.org/1999/xlink">
            <journal-title>American Journal of Political Science</journal-title>
         </journal-title-group>
         <publisher>
            <publisher-name>Wiley Subscription Services</publisher-name>
         </publisher>
         <issn xmlns:xlink="http://www.w3.org/1999/xlink" pub-type="ppub">00925853</issn>
         <issn xmlns:xlink="http://www.w3.org/1999/xlink" pub-type="epub">15405907</issn>
      </journal-meta>
      <article-meta>
         <article-id xmlns:xlink="http://www.w3.org/1999/xlink" pub-id-type="jstor">20647971</article-id>
         <title-group>
            <article-title>Decomposing the Relationship between Contiguity and Militarized Conflict</article-title>
         </title-group>
         <contrib-group>
            <contrib>
               <string-name xmlns:xlink="http://www.w3.org/1999/xlink">
                  <given-names>William</given-names>
                  <surname>Reed</surname>
               </string-name>
            </contrib>
            <contrib>
               <string-name xmlns:xlink="http://www.w3.org/1999/xlink">
                  <given-names>Daina</given-names>
                  <surname>Chiba</surname>
               </string-name>
            </contrib>
         </contrib-group>
         <pub-date xmlns:xlink="http://www.w3.org/1999/xlink">
            <day>1</day>
            <month>1</month>
            <year>2010</year>
         </pub-date>
         <volume>54</volume>
         <issue>1</issue>
         <issue-id xmlns:xlink="http://www.w3.org/1999/xlink">i20647965</issue-id>
         <fpage>61</fpage>
         <lpage>73</lpage>
         <permissions>
            <copyright-statement>Copyright 2010 Midwest Political Science Association</copyright-statement>
         </permissions>
         <self-uri xmlns:xlink="http://www.w3.org/1999/xlink"
                   xlink:href="http://www.jstor.org/stable/20647971"/>
         <abstract>
            <p>It is well known that the majority of militarized conflicts and wars have been fought by neighbors. Yet, much remains to be learned about the relationship between shared borders and militarized conflict. This article decomposes the effects of territorial contiguity into ex ante "observable" and "behavioral" effects. It provides powerful empirical evidence for the claim that although neighbors are more likely to experience conflict because of ex ante differences in observable variables such as economic interdependence, alliance membership, joint democracy, and the balance of military capabilities, most conflicts between neighbors occur because of differences in how neighbors and nonneighbors respond to the observable variables.</p>
         </abstract>
         <custom-meta-group xmlns:xlink="http://www.w3.org/1999/xlink">
            <custom-meta>
               <meta-name>lang</meta-name>
               <meta-value>eng</meta-value>
            </custom-meta>
         </custom-meta-group>
      </article-meta>
   </front>
   <back>
      <fn-group xmlns:xlink="http://www.w3.org/1999/xlink">
         <title>[Footnotes]</title>
         <fn id="d20288e171a1310">
            <label>1</label>
            <p>
               <mixed-citation id="d20288e178" publication-type="other">
Buhaug and Gates 2002</mixed-citation>
            </p>
            <p>
               <mixed-citation id="d20288e184" publication-type="other">
Fearon (2004)</mixed-citation>
            </p>
            <p>
               <mixed-citation id="d20288e190" publication-type="other">
Lujala, Gleditsch,
and Gilmore (2005)</mixed-citation>
            </p>
         </fn>
         <fn id="d20288e200a1310">
            <label>2</label>
            <p>
               <mixed-citation id="d20288e207" publication-type="other">
Fairlie (2005).</mixed-citation>
            </p>
         </fn>
      </fn-group>
      <ref-list>
         <title>References</title>
         <ref id="d20288e223a1310">
            <mixed-citation id="d20288e227" publication-type="other">
Beck, Nathaniel, Jonathan N. Katz, and Richard Tucker. 1998.
"Taking Time Seriously: Time-Series-Cross-Section Analy-
sis with a Binary Dependent Variable." American Journal of
Political Science 42: 1260-88.</mixed-citation>
         </ref>
         <ref id="d20288e243a1310">
            <mixed-citation id="d20288e247" publication-type="other">
Blinder, Alan S. 1973. "Wage Discrimination: Reduced Form
and Structural Estimates." Journal of Human Resources 8(4):
436-55.</mixed-citation>
         </ref>
         <ref id="d20288e260a1310">
            <mixed-citation id="d20288e264" publication-type="other">
Bueno de Mesquita, Bruce. 1981. The War Trap. New Haven,
CT: Yale University Press.</mixed-citation>
         </ref>
         <ref id="d20288e274a1310">
            <mixed-citation id="d20288e278" publication-type="other">
Buhaug, Halvard, and Scott Gates. 2002. "The Geography of
Civil War." Journal of Peace Research 39(4): 417-33.</mixed-citation>
         </ref>
         <ref id="d20288e289a1310">
            <mixed-citation id="d20288e293" publication-type="other">
Diehl, Paul F. 1985. "Contiguity and Military Escalation in Ma-
jor Power Rivalries, 1816-1980." The Journal of Politics 47(4):
1203-11.</mixed-citation>
         </ref>
         <ref id="d20288e306a1310">
            <mixed-citation id="d20288e310" publication-type="other">
DiNardo, John, Nicole M. Fortin, and Thomas Lemieux. 1996.
"Labor Market Institutions and the Distribution of Wages,
1973-1992: A Semiparametric Approach." Econometrica
64(5): 1001-44.</mixed-citation>
         </ref>
         <ref id="d20288e326a1310">
            <mixed-citation id="d20288e330" publication-type="other">
Fairlie, Robert W. 2005. "An Extension of the Blinder-Oaxaca
Decomposition Technique to Logit and Probit Models."
Journal of Economic and Social Measurement 30(4): 305-16.</mixed-citation>
         </ref>
         <ref id="d20288e343a1310">
            <mixed-citation id="d20288e347" publication-type="other">
Fearon, James D. 1995. "Rationalist Explanations for War." In-
ternational Organization 49(3): 379-414.</mixed-citation>
         </ref>
         <ref id="d20288e357a1310">
            <mixed-citation id="d20288e361" publication-type="other">
Fearon, James D. 2004. "Why Do Some Civil Wars Last So
Much Longer Than Others?" Journal of Peace Research 41(3):
275-30.</mixed-citation>
         </ref>
         <ref id="d20288e374a1310">
            <mixed-citation id="d20288e378" publication-type="other">
Gibler, Douglas M., Toby J. Rider, and Marc L. Hutchison. 2005.
"Taking Arms Against a Sea of Troubles: Conventional Arms
Races During Periods of Rivalry." Journal of Peace Research
42(2): 131-47.</mixed-citation>
         </ref>
         <ref id="d20288e395a1310">
            <mixed-citation id="d20288e399" publication-type="other">
Gibler, Douglas M., and John A. Vasquez. 1998. "Uncovering
the Dangerous Alliances, 1495-1980." International Studies
Quarterly 42(4): 785-807.</mixed-citation>
         </ref>
         <ref id="d20288e412a1310">
            <mixed-citation id="d20288e416" publication-type="other">
Hensel, Paul R. 2000. "Territory: Theory and Evidence on Ge-
ography and Conflict". In What Do We Know about War,
ed. John A. Vasquez. Lanham, MD: Rowman 8c Littlefield,
57-84.</mixed-citation>
         </ref>
         <ref id="d20288e432a1310">
            <mixed-citation id="d20288e436" publication-type="other">
Holland, Paul W. 1986. "Statistics and Causal Inference (with
Discussion)." Journal of the American Statistical Association
81(396): 945-70.</mixed-citation>
         </ref>
         <ref id="d20288e449a1310">
            <mixed-citation id="d20288e453" publication-type="other">
Huth, Paul K. 1996. Standing Your Ground: Territorial Disputes
and International Conflict. Ann Arbor: University of Michi-
gan Press.</mixed-citation>
         </ref>
         <ref id="d20288e466a1310">
            <mixed-citation id="d20288e470" publication-type="other">
Huth, Paul K., and Todd L. Allee. 2003. The Democratic Peace
and Territorial Conflict in the Twentieth Century. Cambridge:
Cambridge University Press.</mixed-citation>
         </ref>
         <ref id="d20288e483a1310">
            <mixed-citation id="d20288e487" publication-type="other">
Jann, Ben. 2006. "Fairlie: Stata Module to Generate Nonlinear
Decomposition of Binary Outcome Differentials." Statistical
Software Components, Boston College Department of Eco-
nomics. http://ideas.repec.Org/c/boc/bocode/s456727.html.</mixed-citation>
         </ref>
         <ref id="d20288e504a1310">
            <mixed-citation id="d20288e508" publication-type="other">
Jones, Daniel M., Stuart A. Bremer, and J. David Singer. 1996.
"Militarized Interstate Disputes, 1816-1992: Rationale, Cod-
ing Rules and Empirical Patterns." Conflict Management and
Peace Science 15(2): 163-213.</mixed-citation>
         </ref>
         <ref id="d20288e524a1310">
            <mixed-citation id="d20288e528" publication-type="other">
King, Gary, Michael Tomz, and Jason Wittenberg. 2000. "Mak-
ing the Most of Statistical Analyses: Improving Interpreta-
tion and Presentation." American Journal of Political Science
44(2): 347-61.</mixed-citation>
         </ref>
         <ref id="d20288e544a1310">
            <mixed-citation id="d20288e548" publication-type="other">
Kocs, Stephen A. 1995. "Territorial Disputes and Interstate War,
1945-1987." Journal of Politics 57(1): 159-75.</mixed-citation>
         </ref>
         <ref id="d20288e558a1310">
            <mixed-citation id="d20288e562" publication-type="other">
Lujala, Päivi, Nils Petter Gleditsch, and Elisabeth Gilmore. 2005.
"A Diamond Curse? Civil War and a Lootable Resource."
Journal of Conflict Resolution 49(4): 538-62.</mixed-citation>
         </ref>
         <ref id="d20288e575a1310">
            <mixed-citation id="d20288e579" publication-type="other">
Machado, Jose A. F., and Jose Mata. 2005. "Counterfactual
Decomposition of Changes in Wage Distributions Using
Quantile Regression." Journal of Applied Econometrics 20(4):
445-65.</mixed-citation>
         </ref>
         <ref id="d20288e595a1310">
            <mixed-citation id="d20288e599" publication-type="other">
Most, Benjamin A., and Harvey Starr. 1980. "Diffusion, Rein-
forcement, Geopolitics and the Spread of War." American
Political Science Review 74(4): 932-46.</mixed-citation>
         </ref>
         <ref id="d20288e613a1310">
            <mixed-citation id="d20288e617" publication-type="other">
Oaxaca, Ronald L. 1971. Male-Female Wage Differentials in Ur-
ban Labor Markets. PhD dissertation, Princeton University.</mixed-citation>
         </ref>
         <ref id="d20288e627a1310">
            <mixed-citation id="d20288e631" publication-type="other">
Oaxaca, Ronald L. 1973. "Male-Female Differentials in Ur-
ban Labor Markets." International Economic Review 14(3):
693-709.</mixed-citation>
         </ref>
         <ref id="d20288e644a1310">
            <mixed-citation id="d20288e648" publication-type="other">
Oaxaca, Ronald L., and Michael R. Ransom. 1998. "Calculation
of Approximate Variances for Wage Decomposition Differ-
entials." lournal of Economic and Social Measurement 24(1):
55-61.</mixed-citation>
         </ref>
         <ref id="d20288e664a1310">
            <mixed-citation id="d20288e668" publication-type="other">
Oneal, John R., and Bruce M. Russett. 1997. "The Classi-
cal Liberals Were Right: Democracy, Interdependence, and
Conflict, 1950-1985." International Studies Quarterly 41(2):
267-94.</mixed-citation>
         </ref>
         <ref id="d20288e684a1310">
            <mixed-citation id="d20288e690" publication-type="other">
Oneal, John R., and Bruce M. Russett. 2005. "Rule of Three, Let
It Be? When More Really Is Better." Conflict Management
and Peace Science 22(4): 293-310.</mixed-citation>
         </ref>
         <ref id="d20288e703a1310">
            <mixed-citation id="d20288e707" publication-type="other">
Powell, Robert. 1999. In the Shadow of Power: States and Strate-
gies in International Politics. Princeton, NJ: Princeton Uni-
versity Press.</mixed-citation>
         </ref>
         <ref id="d20288e721a1310">
            <mixed-citation id="d20288e725" publication-type="other">
Reed, William. 2000. "A Unified Statistical Model of Conflict
Onset and Escalation." American Journal of Political Science
44(1): 84-93.</mixed-citation>
         </ref>
         <ref id="d20288e738a1310">
            <mixed-citation id="d20288e742" publication-type="other">
Rubin, Donald B. 1974. "Estimating Causal Effects of Treat-
ments in Randomized and Nonrandomized Studies." Jour-
nal of Educational Psychology 66(5): 688-701.</mixed-citation>
         </ref>
         <ref id="d20288e755a1310">
            <mixed-citation id="d20288e759" publication-type="other">
Sample, Susan G. 1998. "Military Buildups, War and Realpolitik:
A Multivariate Model." The Journal of Conflict Resolution
42(2): 156-75.</mixed-citation>
         </ref>
         <ref id="d20288e772a1310">
            <mixed-citation id="d20288e776" publication-type="other">
Sample, Susan G. 2002. "The Outcomes of Military Buildups:
Minor States vs. Major Powers." Journal of Peace Research
39(6): 669-91.</mixed-citation>
         </ref>
         <ref id="d20288e789a1310">
            <mixed-citation id="d20288e793" publication-type="other">
Senese, Paul D. 2005. "Territory, Contiguity and International
Conflict: Assessing a New Joint Explanation." American Jour-
nal of Political Science 49(4): 769-79.</mixed-citation>
         </ref>
         <ref id="d20288e806a1310">
            <mixed-citation id="d20288e810" publication-type="other">
Senese, Paul D., and John A. Vasquez. 2003. "A Unified Ex-
planation of Territorial Conflict: Testing the Impact of
Sampling Bias, 1919-1992." International Studies Quarterly
47(2): 275-98.</mixed-citation>
         </ref>
         <ref id="d20288e827a1310">
            <mixed-citation id="d20288e831" publication-type="other">
Senese, Paul D., and John A. Vasquez. 2005. "Assessing the Steps
to War." British Journal of Political Science 35(4): 607-33.</mixed-citation>
         </ref>
         <ref id="d20288e841a1310">
            <mixed-citation id="d20288e845" publication-type="other">
Siverson, Randolph M., and Harvey Starr. 1990. "Opportunity,
Willingness and the Diffusion of War." American Political
Science Review 84(1): 47-67.</mixed-citation>
         </ref>
         <ref id="d20288e858a1310">
            <mixed-citation id="d20288e862" publication-type="other">
Splawa-Neyman, Jerzy. 1923. "On the Application of Probabil-
ity Theory to Agricultural Experiments. Essay on Principles.
Section 9." Statistical Science 5(4): 465-72.</mixed-citation>
         </ref>
         <ref id="d20288e875a1310">
            <mixed-citation id="d20288e879" publication-type="other">
Vasquez, John A. 1987. "The Steps to War: Toward a Scientific
Explanation of Correlates of War Findings." World Politics
40(1): 108-45.</mixed-citation>
         </ref>
         <ref id="d20288e892a1310">
            <mixed-citation id="d20288e896" publication-type="other">
Vasquez, John A. 1993. The War Puzzle. Cambridge: Cambridge
University Press.</mixed-citation>
         </ref>
         <ref id="d20288e906a1310">
            <mixed-citation id="d20288e910" publication-type="other">
Vasquez, John A. 1995. "Why Do Neighbors Fight? Proxim-
ity, Interaction, or Territoriality." Journal of Peace Research
32(3): 277-93.</mixed-citation>
         </ref>
         <ref id="d20288e924a1310">
            <mixed-citation id="d20288e928" publication-type="other">
Vasquez, John A. 2001. "Mapping the Probability of War and
Analyzing the Probability of Peace: The Role of Territorial Is-
sues." Conflict Management and Peace Science 18(2): 145-74.</mixed-citation>
         </ref>
         <ref id="d20288e941a1310">
            <mixed-citation id="d20288e945" publication-type="other">
Zorn, Christopher J. W. 2001. "Generalized Estimating Equa-
tion Models for Correlated Data: A Review with Appli-
cations." American Journal of Political Science 45(2): 470-
90.</mixed-citation>
         </ref>
      </ref-list>
   </back>
</article>
