<article dtd-version="1.0" article-type="research-article">
   <front>
      <journal-meta>
         <journal-id xmlns:xlink="http://www.w3.org/1999/xlink" journal-id-type="jstor">amerjpoliscie</journal-id>
         <journal-id xmlns:xlink="http://www.w3.org/1999/xlink" journal-id-type="jstor">j100487</journal-id>
         <journal-title-group xmlns:xlink="http://www.w3.org/1999/xlink">
            <journal-title>American Journal of Political Science</journal-title>
         </journal-title-group>
         <publisher>
            <publisher-name>Wiley Subscription Services</publisher-name>
         </publisher>
         <issn xmlns:xlink="http://www.w3.org/1999/xlink" pub-type="ppub">00925853</issn>
         <issn xmlns:xlink="http://www.w3.org/1999/xlink" pub-type="epub">15405907</issn>
      </journal-meta>
      <article-meta>
         <article-id xmlns:xlink="http://www.w3.org/1999/xlink" pub-id-type="jstor">20647949</article-id>
         <title-group>
            <article-title>Educating the Least Informed: Group Endorsements in a Grassroots Campaign</article-title>
         </title-group>
         <contrib-group>
            <contrib>
               <string-name xmlns:xlink="http://www.w3.org/1999/xlink">
                  <given-names>Kevin</given-names>
                  <surname>Arceneaux</surname>
               </string-name>
            </contrib>
            <contrib>
               <string-name xmlns:xlink="http://www.w3.org/1999/xlink">
                  <given-names>Robin</given-names>
                  <surname>Kolodny</surname>
               </string-name>
            </contrib>
         </contrib-group>
         <pub-date xmlns:xlink="http://www.w3.org/1999/xlink">
            <day>1</day>
            <month>10</month>
            <year>2009</year>
         </pub-date>
         <volume>53</volume>
         <issue>4</issue>
         <issue-id xmlns:xlink="http://www.w3.org/1999/xlink">i20647947</issue-id>
         <fpage>755</fpage>
         <lpage>770</lpage>
         <permissions>
            <copyright-statement>Copyright 2009 Midwest Political Science Association</copyright-statement>
         </permissions>
         <self-uri xmlns:xlink="http://www.w3.org/1999/xlink"
                   xlink:href="http://www.jstor.org/stable/20647949"/>
         <abstract>
            <p>Theories of low-information rationality claim that uninformed voters can compensate for their lack of political knowledge by employing heuristics, such as interest group endorsements, to make voting decisions as if they were fully informed. Critics of low-information rationality contend that politically unaware voters are unlikely to use group endorsements effectively as a heuristic since they are unlikely to know the political relevance of interest groups. We address this debate by entertaining the possibility that contextual information coupled with a source cue may enhance the effectiveness of group endorsements as a heuristic. We test competing expectations with a field experiment conducted during the 2006 election in two highly competitive Pennsylvania statehouse races where a well-known liberal interest group endorsed Democratic candidates and canvassed both core supporters and Republicans believed to be likeminded. Our results reveal that Republicans used the endorsement as a negative voting cue and that the group's endorsement helped some Republicans compensate for their lack of awareness about politics.</p>
         </abstract>
         <custom-meta-group xmlns:xlink="http://www.w3.org/1999/xlink">
            <custom-meta>
               <meta-name>lang</meta-name>
               <meta-value>eng</meta-value>
            </custom-meta>
         </custom-meta-group>
      </article-meta>
   </front>
   <back>
      <fn-group xmlns:xlink="http://www.w3.org/1999/xlink">
         <title>[Footnotes]</title>
         <fn id="d21192e144a1310">
            <p>
               <mixed-citation id="d21192e148" publication-type="other">
An earlier version of the article circulated under the title "The Messenger or
the Message? Group Endorsements, Heuristics, and Grassroots Campaigning" and was presented at the 2007 State Politics and Policy
Conference, Austin, TX</mixed-citation>
            </p>
            <p>
               <mixed-citation id="d21192e160" publication-type="other">
2007 American Political Science Association, Chicago.</mixed-citation>
            </p>
         </fn>
         <fn id="d21192e167a1310">
            <label>1</label>
            <p>
               <mixed-citation id="d21192e174" publication-type="other">
Gerber and
Green 2000</mixed-citation>
            </p>
            <p>
               <mixed-citation id="d21192e183" publication-type="other">
Green and Gerber 2004</mixed-citation>
            </p>
            <p>
               <mixed-citation id="d21192e189" publication-type="other">
Green, Gerber, and Nickerson 2003</mixed-citation>
            </p>
         </fn>
         <fn id="d21192e196a1310">
            <label>4</label>
            <p>
               <mixed-citation id="d21192e203" publication-type="other">
Zaller 1992, 42</mixed-citation>
            </p>
         </fn>
         <fn id="d21192e210a1310">
            <label>5</label>
            <p>
               <mixed-citation id="d21192e219" publication-type="other">
Carroll
et al. 2008</mixed-citation>
            </p>
         </fn>
         <fn id="d21192e230a1310">
            <label>6</label>
            <p>
               <mixed-citation id="d21192e237" publication-type="other">
Arceneaux and
Kolodny forthcoming</mixed-citation>
            </p>
         </fn>
         <fn id="d21192e247a1310">
            <label>10</label>
            <p>
               <mixed-citation id="d21192e254" publication-type="other">
AAPOR 2006</mixed-citation>
            </p>
         </fn>
         <fn id="d21192e261a1310">
            <label>18</label>
            <p>
               <mixed-citation id="d21192e268" publication-type="other">
Tomz, Wittenberg, and King 2003</mixed-citation>
            </p>
         </fn>
         <fn id="d21192e275a1310">
            <label>21</label>
            <p>
               <mixed-citation id="d21192e282" publication-type="other">
Tomz, Wittenberg, and King 2003</mixed-citation>
            </p>
         </fn>
      </fn-group>
      <ref-list>
         <title>References</title>
         <ref id="d21192e298a1310">
            <mixed-citation id="d21192e302" publication-type="other">
Adams, Greg D. 1997. "Abortion: Evidence of an Issue Evo-
lution." American Journal of Political Science 41(3): 718-
37.</mixed-citation>
         </ref>
         <ref id="d21192e315a1310">
            <mixed-citation id="d21192e321" publication-type="other">
An, Sonntae, Hyun Seung Jin, and Michael Pfau. 2006. "The
Effects of Issue Advocacy Advertising on Voters' Candidate
Issue Knowledge and Turnout." Journalism and Mass Com-
munication Quarterly 83(1): 7-24.</mixed-citation>
         </ref>
         <ref id="d21192e337a1310">
            <mixed-citation id="d21192e341" publication-type="other">
Arceneaux, Kevin. 2007. 'Tm Asking for Your Support: The
Effects of Personally Delivered Campaign Messages on Vot-
ing Decisions and Opinion Formation." Quarterly Journal of
Political Science 2(1): 43-65.</mixed-citation>
         </ref>
         <ref id="d21192e357a1310">
            <mixed-citation id="d21192e361" publication-type="other">
Arceneaux, Kevin, and Robin Kolodny. Forthcoming. "The Ef-
fect of Grassroots Campaigning on Issue Preferences and
Issue Salience." Journal of Elections, Public Opinion, and Par-
ties 19(3).</mixed-citation>
         </ref>
         <ref id="d21192e378a1310">
            <mixed-citation id="d21192e382" publication-type="other">
Barakso, Maryann, and Brian F. Schaffner. 2006. "Winning
Coverage: News Media Portrayals of the Women's Move-
ment, 1969-2004." The Harvard International Journal of
Press/Politics 11(4): 22-44.</mixed-citation>
         </ref>
         <ref id="d21192e398a1310">
            <mixed-citation id="d21192e402" publication-type="other">
Berelson, Bernard R., Paul F. Lazarsfeld, and William N.
McPhee. 1954. Voting: A Study of Opinion Formation in a
Presidential Campaign. Chicago: University of Chicago Press.</mixed-citation>
         </ref>
         <ref id="d21192e415a1310">
            <mixed-citation id="d21192e419" publication-type="other">
Bergan, Daniel E., Alan S. Gerber, Donald P. Green, and Costas
Panagopoulos. 2005. "Grassroots Mobilization and Voter
Turnout in 2004." Public Opinion Quarterly 69(5): 760-77.</mixed-citation>
         </ref>
         <ref id="d21192e432a1310">
            <mixed-citation id="d21192e436" publication-type="other">
Brady, Henry E., and Paul M. Sniderman. 1985. "Attitude At-
tribution: A Group Basis for Political Reasoning." American
Political Science Review 79: 1061-78.</mixed-citation>
         </ref>
         <ref id="d21192e449a1310">
            <mixed-citation id="d21192e453" publication-type="other">
Campbell, Angus, Philip E. Converse, Warren E. Miller, and
Donald E. Stokes. 1960. The American Voter. Chicago: Uni-
versity of Chicago Press.</mixed-citation>
         </ref>
         <ref id="d21192e466a1310">
            <mixed-citation id="d21192e470" publication-type="other">
Carmines, Edward G., and James A. Stimson. 1980. "The Two
Faces of Issue Voting." American Political Science Review
74(1): 78-91.</mixed-citation>
         </ref>
         <ref id="d21192e484a1310">
            <mixed-citation id="d21192e488" publication-type="other">
Carroll, Royce, Jeff Lewis, James Lo, Nolan McCarty, Keith
Poole, and Howard Rosenthal. 2008. "'Common Space'
DW-Nominate Scores with Bootstrapped Standard
Errors (Joint House and Senate Scaling)." Accessed via
http://voteview.ucsd.edu/dwnomin_joint_house_and_senate
.htm September 28, 2008.</mixed-citation>
         </ref>
         <ref id="d21192e511a1310">
            <mixed-citation id="d21192e515" publication-type="other">
Chaiken, Shelly, Akiva Liberman, and Alice H. Eagly. 1989.
"Heuristic and Systematic Information Processing Within
and Beyond the Persuasion Context." In Unintended
Thought, ed. James S. Uleman and John A. Bargh. New York:
Guilford Press, 212-52.</mixed-citation>
         </ref>
         <ref id="d21192e534a1310">
            <mixed-citation id="d21192e538" publication-type="other">
Converse, Philip E. 1964. "The Nature of Belief Systems in Mass
Publics." In Ideology and Discontent, ed. David E. Apter. New
York: Free Press, 206-61.</mixed-citation>
         </ref>
         <ref id="d21192e551a1310">
            <mixed-citation id="d21192e555" publication-type="other">
Cooper, Christopher A., and Anthony J. Nownes. 2004. "Money
Well Spent? An Experimental Investigation of the Effects of
Advertorials on Citizen Opinion." American Politics Research
32(5): 546-69.</mixed-citation>
         </ref>
         <ref id="d21192e571a1310">
            <mixed-citation id="d21192e575" publication-type="other">
Cornfield, Michael. 2007. "Maximizing Microtargeting." Cam-
paigns &amp;amp; Elections 249(January): 54.</mixed-citation>
         </ref>
         <ref id="d21192e585a1310">
            <mixed-citation id="d21192e589" publication-type="other">
Delli Carpini, Michael, and Scott Keeter. 1996. What Americans
Know about Politics and Why It Matters. New Haven, CT:
Yale University Press.</mixed-citation>
         </ref>
         <ref id="d21192e603a1310">
            <mixed-citation id="d21192e607" publication-type="other">
Druckman, James N. 2001. "Using Credible Advice to Overcome
Framing Effects." Journal of Law, Economics, and Organiza-
tion 17: 62-82.</mixed-citation>
         </ref>
         <ref id="d21192e620a1310">
            <mixed-citation id="d21192e624" publication-type="other">
Gerber, Alan. 2004. "Does Campaign Spending Work? Field
Experiments Provide Evidence and Suggest New Theory."
American Behavioral Scientist 47(5): 541-74.</mixed-citation>
         </ref>
         <ref id="d21192e637a1310">
            <mixed-citation id="d21192e643" publication-type="other">
Gerber, Alan S., and Donald P. Green. 2000. "The Effects of Per-
sonal Canvassing, Telephone Calls, and Direct Mail on Voter
Turnout: A Field Experiment." American Political Science
Review 94(September): 653-64.</mixed-citation>
         </ref>
         <ref id="d21192e659a1310">
            <mixed-citation id="d21192e663" publication-type="other">
Green, Donald P., and Alan S. Gerber. 2004. Get Out the Vote!
How to Increase Voter Turnout. Washington, DC: Brookings
Institution Press.</mixed-citation>
         </ref>
         <ref id="d21192e676a1310">
            <mixed-citation id="d21192e680" publication-type="other">
Green, Donald P., Alan S. Gerber, and David W. Nickerson.
2003. "Getting Out the Vote in Local Elections: Results from
Six Door-to-Door Canvassing Experiments." Journal of Pol-
itics 65(November): 1083-96.</mixed-citation>
         </ref>
         <ref id="d21192e696a1310">
            <mixed-citation id="d21192e700" publication-type="other">
Jacobson, Louis. 2006. "Incumbent Wipeout in Pennsylvania
Has Big Implications for Fall." Roll Call, May 24. Accessed
via Lexis-Nexis February 2, 2007.</mixed-citation>
         </ref>
         <ref id="d21192e714a1310">
            <mixed-citation id="d21192e718" publication-type="other">
Kahneman, Daniel, Paul Slovic, and Amos Tversky, eds. 1982.
Judgment Under Uncertainty: Heuristics and Biases. New
York: Cambridge University Press.</mixed-citation>
         </ref>
         <ref id="d21192e731a1310">
            <mixed-citation id="d21192e735" publication-type="other">
Kuklinski, James H., and Norman L. Hurley. 1994. "On Hear-
ing and Interpreting Political Messages: A Cautionary Tale
of Citizen Cue-Taking." Journal of Politics 56(3): 729-
51.</mixed-citation>
         </ref>
         <ref id="d21192e751a1310">
            <mixed-citation id="d21192e755" publication-type="other">
Kuklinski, James H., and Paul J. Quirk. 2000. "Reconsidering the
Rational Public: Cognition, Heuristics, and Mass Opinion."
In Elements of Reason: Cognition, Choice, and the Bounds of
Rationality, ed. Arthur Lupia, Mathew D. McCubbins, and
Samuel L. Popkin. Cambridge: Cambridge University Press,
153-82.</mixed-citation>
         </ref>
         <ref id="d21192e778a1310">
            <mixed-citation id="d21192e782" publication-type="other">
Lau, Richard R., and David P. Redlawsk. 1997. "Voting Cor-
rectly." American Political Science Review 91(3): 585-98.</mixed-citation>
         </ref>
         <ref id="d21192e792a1310">
            <mixed-citation id="d21192e796" publication-type="other">
Lau, Richard R., and David P. Redlawsk. 2001. "Advantages and
Disadvantages of Cognitive Heuristics in Political Decision
Making." American Journal of Political Science 45(4): 951-71.</mixed-citation>
         </ref>
         <ref id="d21192e809a1310">
            <mixed-citation id="d21192e813" publication-type="other">
Lupia, Arthur. 1994. "Shortcuts versus Encyclopedias: Informa-
tion and Voting Behavior in California Insurance Reform
Elections." American Political Science Review 88(1): 63-76.</mixed-citation>
         </ref>
         <ref id="d21192e827a1310">
            <mixed-citation id="d21192e831" publication-type="other">
Lupia, Arthur, and Mathew D. McCubbins. 1998. The Demo-
cratic Dilemma: Can Citizens Learn What They Need to Know?
Cambridge: Cambridge University Press.</mixed-citation>
         </ref>
         <ref id="d21192e844a1310">
            <mixed-citation id="d21192e848" publication-type="other">
McDermott, Monika L. 2006. "Not for Members Only: Group
Endorsements as Electoral Information Cues." Political Re-
search Quarterly 59(2): 249-57.</mixed-citation>
         </ref>
         <ref id="d21192e861a1310">
            <mixed-citation id="d21192e865" publication-type="other">
Nickerson, David. 2005. "Partisan Mobilization Using Vol-
unteer Phone Banks and Door Hangers." The Annals
of the American Academy of Political and Social Science
601 (September): 10-27.</mixed-citation>
         </ref>
         <ref id="d21192e881a1310">
            <mixed-citation id="d21192e885" publication-type="other">
Nickerson, David. 2007. "Don't Talk to Strangers: Experimental
Evidence of the Need for Targeting." Presented at the annual
meeting of the Midwestern Political Science Association.</mixed-citation>
         </ref>
         <ref id="d21192e898a1310">
            <mixed-citation id="d21192e902" publication-type="other">
Nickerson, David, Ryan Friedrich, and David King. 2006. "Par-
tisan Mobilization Campaigns in the Field: Results from a
Statewide Turnout Experiment in Michigan." Political Re-
search Quarterly 59(1): 85-98.</mixed-citation>
         </ref>
         <ref id="d21192e918a1310">
            <mixed-citation id="d21192e922" publication-type="other">
Nisbett, Richard, and Lee Ross (1980). Human Inference: Strate-
gies and Shortcomings of Social Judgment. Englewood Cliffs,
NJ: Prentice-Hall.</mixed-citation>
         </ref>
         <ref id="d21192e936a1310">
            <mixed-citation id="d21192e940" publication-type="other">
Petersen, Nancy. 2006. "Chesco Senate Election Surprise Demo-
cratic Candidate Andrew Dinniman Trounced Carol Aichele
in a Special Election." The Philadelphia Inquirer. May 18. Ac-
cessed via Lexis-Nexis February 2, 2007.</mixed-citation>
         </ref>
         <ref id="d21192e956a1310">
            <mixed-citation id="d21192e960" publication-type="other">
Petty, Richard E., and John T. Cacioppo. 1986. "The Elaboration
Likelihood Model of Persuasion." Advances in Experimental
Social Psychology 19: 124-205.</mixed-citation>
         </ref>
         <ref id="d21192e973a1310">
            <mixed-citation id="d21192e977" publication-type="other">
Popkin, Samuel. 1991. The Reasoning Voter: Communication and
Persuasion in Presidential Campaigns. Chicago: University of
Chicago Press.</mixed-citation>
         </ref>
         <ref id="d21192e990a1310">
            <mixed-citation id="d21192e994" publication-type="other">
Price, Jeff. 2006. "156th Candidates Agree on Differences: GOP
Rep. Shannon Royer Says Democrat Barbara M. Smith Is Too
Radical. She Says He's Tart of the Problem.'" The Philadel-
phia Inquirer. October 31. Accessed via Lexis-Nexis February
2, 2007.</mixed-citation>
         </ref>
         <ref id="d21192e1013a1310">
            <mixed-citation id="d21192e1017" publication-type="other">
Price, Vincent, and John Zaller. 1993. "Who Gets the News?
Alternative Measures of News Reception and Their Implica-
tions for Research." Public Opinion Quarterly 57(2): 133-64.</mixed-citation>
         </ref>
         <ref id="d21192e1030a1310">
            <mixed-citation id="d21192e1034" publication-type="other">
Rahn, Wendy M. 1993. "The Role of Partisan Stereotypes in In-
formation Processing about Political Candidates." American
Journal of Political Science 37(2): 472-96.</mixed-citation>
         </ref>
         <ref id="d21192e1048a1310">
            <mixed-citation id="d21192e1054" publication-type="other">
Schaeffer, Mari A. 2006. "Political Ad 'Despicable,' Lentz Says:
The TV Commercial, Supporting Thomas Gannon, Says
Lentz Helped a Child Predator." The Philadelphia Inquirer.
September 22. Accessed via www.philly.com February 4,
2007.</mixed-citation>
         </ref>
         <ref id="d21192e1073a1310">
            <mixed-citation id="d21192e1077" publication-type="other">
Simon, Herbert A. 1957. Models of Man: Social and Rational.
New York: Wiley.</mixed-citation>
         </ref>
         <ref id="d21192e1087a1310">
            <mixed-citation id="d21192e1091" publication-type="other">
Tomz, Michael, Jason Wittenberg, and Gary King. 2003. CLAR-
IFY: Software for Interpreting and Presenting Statistical Re-
sults. Version 2.1. Stanford University, University of Wis-
consin, and Harvard University. January 5. Available at
http://gking.harvard.edu/.</mixed-citation>
         </ref>
         <ref id="d21192e1110a1310">
            <mixed-citation id="d21192e1114" publication-type="other">
Vavreck, Lynn, Constantine J. Spiliotes, and Linda L. Fowler.
2002. "The Effects of Retail Politics in the New Hamp-
shire Primary." American Journal of Political Science 46(3):
595-610.</mixed-citation>
         </ref>
         <ref id="d21192e1130a1310">
            <mixed-citation id="d21192e1134" publication-type="other">
Zaller, John. 1992. The Nature and Origin of Mass Public Opin-
ion. Cambridge: Cambridge University Press.</mixed-citation>
         </ref>
      </ref-list>
   </back>
</article>
