<article dtd-version="1.0" article-type="research-article">
   <front>
      <journal-meta>
         <journal-id xmlns:xlink="http://www.w3.org/1999/xlink" journal-id-type="jstor">amerjpoliscie</journal-id>
         <journal-id xmlns:xlink="http://www.w3.org/1999/xlink" journal-id-type="jstor">j100487</journal-id>
         <journal-title-group xmlns:xlink="http://www.w3.org/1999/xlink">
            <journal-title>American Journal of Political Science</journal-title>
         </journal-title-group>
         <publisher>
            <publisher-name>Wiley Subscription Services</publisher-name>
         </publisher>
         <issn xmlns:xlink="http://www.w3.org/1999/xlink" pub-type="ppub">00925853</issn>
         <issn xmlns:xlink="http://www.w3.org/1999/xlink" pub-type="epub">15405907</issn>
      </journal-meta>
      <article-meta>
         <article-id xmlns:xlink="http://www.w3.org/1999/xlink" pub-id-type="jstor">20647960</article-id>
         <title-group>
            <article-title>Partisan Waves: International Business Cycles and Electoral Choice</article-title>
         </title-group>
         <contrib-group>
            <contrib>
               <string-name xmlns:xlink="http://www.w3.org/1999/xlink">
                  <given-names>Mark Andreas</given-names>
                  <surname>Kayser</surname>
               </string-name>
            </contrib>
         </contrib-group>
         <pub-date xmlns:xlink="http://www.w3.org/1999/xlink">
            <day>1</day>
            <month>10</month>
            <year>2009</year>
         </pub-date>
         <volume>53</volume>
         <issue>4</issue>
         <issue-id xmlns:xlink="http://www.w3.org/1999/xlink">i20647947</issue-id>
         <fpage>950</fpage>
         <lpage>970</lpage>
         <permissions>
            <copyright-statement>Copyright 2009 Midwest Political Science Association</copyright-statement>
         </permissions>
         <self-uri xmlns:xlink="http://www.w3.org/1999/xlink"
                   xlink:href="http://www.jstor.org/stable/20647960"/>
         <abstract>
            <p>Pundits have often claimed, but scholars have never found, that partisan swings in the vote abroad predict electoral fortunes at home. Employing semiannual Eurobarometer data on vote intention in eight European countries, this article provides statistical evidence of international comovement in partisan vote intention and its provenance in international business cycles. Electoral support for "luxury parties," those parties associated with higher spending and taxation, covaries across countries together with the business cycle. Both the domestic and international components of at least one economic aggregate—unemployment—prove a strong predictor of shifts in domestic vote intention. Globalization, by driving business cycle integration, is also synchronizing partisan cycles.</p>
         </abstract>
         <custom-meta-group xmlns:xlink="http://www.w3.org/1999/xlink">
            <custom-meta>
               <meta-name>lang</meta-name>
               <meta-value>eng</meta-value>
            </custom-meta>
         </custom-meta-group>
      </article-meta>
   </front>
   <back>
      <fn-group xmlns:xlink="http://www.w3.org/1999/xlink">
         <title>[Footnotes]</title>
         <fn id="d21185e132a1310">
            <p>
               <mixed-citation id="d21185e136" publication-type="other">
Previous versions have been presented at Oxford, Rochester, and Princeton as well as at the 2007 annual meetings
of the Midwest Political Science Association, the American Political Science Association, and the International Political Economy Society.</mixed-citation>
            </p>
         </fn>
         <fn id="d21185e146a1310">
            <label>1</label>
            <p>
               <mixed-citation id="d21185e153" publication-type="other">
Kim and Fording 2001</mixed-citation>
            </p>
            <p>
               <mixed-citation id="d21185e159" publication-type="other">
Brinks and Coppedge 2006</mixed-citation>
            </p>
         </fn>
         <fn id="d21185e166a1310">
            <label>2</label>
            <p>
               <mixed-citation id="d21185e173" publication-type="other">
Kayser (2007)</mixed-citation>
            </p>
         </fn>
         <fn id="d21185e180a1310">
            <label>3</label>
            <p>
               <mixed-citation id="d21185e187" publication-type="other">
Powell and Whitten (1993).</mixed-citation>
            </p>
         </fn>
         <fn id="d21185e195a1310">
            <label>5</label>
            <p>
               <mixed-citation id="d21185e202" publication-type="other">
Taylor
(1889).</mixed-citation>
            </p>
         </fn>
         <fn id="d21185e212a1310">
            <label>6</label>
            <p>
               <mixed-citation id="d21185e219" publication-type="other">
Weber 1978, 23</mixed-citation>
            </p>
         </fn>
         <fn id="d21185e226a1310">
            <label>8</label>
            <p>
               <mixed-citation id="d21185e233" publication-type="other">
Levy (2004)</mixed-citation>
            </p>
            <p>
               <mixed-citation id="d21185e239" publication-type="other">
The Economist (1997).</mixed-citation>
            </p>
         </fn>
         <fn id="d21185e246a1310">
            <label>9</label>
            <p>
               <mixed-citation id="d21185e253" publication-type="other">
Castles and Mair (1984)</mixed-citation>
            </p>
            <p>
               <mixed-citation id="d21185e259" publication-type="other">
Armingeon et al. (2005)</mixed-citation>
            </p>
         </fn>
         <fn id="d21185e266a1310">
            <label>14</label>
            <p>
               <mixed-citation id="d21185e273" publication-type="other">
Cox 1997</mixed-citation>
            </p>
            <p>
               <mixed-citation id="d21185e279" publication-type="other">
Fisher 2004</mixed-citation>
            </p>
         </fn>
         <fn id="d21185e286a1310">
            <label>15</label>
            <p>
               <mixed-citation id="d21185e295" publication-type="other">
Aidt 2000</mixed-citation>
            </p>
            <p>
               <mixed-citation id="d21185e301" publication-type="other">
Paldam
and Nannestad 2000</mixed-citation>
            </p>
            <p>
               <mixed-citation id="d21185e311" publication-type="other">
Conover, Feldman, and Knight (1986)</mixed-citation>
            </p>
            <p>
               <mixed-citation id="d21185e317" publication-type="other">
Sanders (2000)</mixed-citation>
            </p>
            <p>
               <mixed-citation id="d21185e323" publication-type="other">
Aidt 2000</mixed-citation>
            </p>
            <p>
               <mixed-citation id="d21185e329" publication-type="other">
Paldam and
Nannestad 2000</mixed-citation>
            </p>
            <p>
               <mixed-citation id="d21185e338" publication-type="other">
Kuechler 1991</mixed-citation>
            </p>
         </fn>
         <fn id="d21185e346a1310">
            <label>16</label>
            <p>
               <mixed-citation id="d21185e353" publication-type="other">
Scholz and Schmitt 2001</mixed-citation>
            </p>
         </fn>
         <fn id="d21185e360a1310">
            <label>18</label>
            <p>
               <mixed-citation id="d21185e367" publication-type="other">
DeBoef and Keele 2008</mixed-citation>
            </p>
         </fn>
         <fn id="d21185e374a1310">
            <label>22</label>
            <p>
               <mixed-citation id="d21185e381" publication-type="other">
Sayres 1989</mixed-citation>
            </p>
         </fn>
         <fn id="d21185e388a1310">
            <label>30</label>
            <p>
               <mixed-citation id="d21185e395" publication-type="other">
Powell (2000)</mixed-citation>
            </p>
            <p>
               <mixed-citation id="d21185e401" publication-type="other">
Nadeau,
Niemi, and Yoshinaka 2002</mixed-citation>
            </p>
         </fn>
      </fn-group>
      <ref-list>
         <title>References</title>
         <ref id="d21185e420a1310">
            <mixed-citation id="d21185e424" publication-type="other">
Aidt, Toke S. 2000. "Economic Voting and Information." Elec-
toral Studies 19(2): 349-62.</mixed-citation>
         </ref>
         <ref id="d21185e434a1310">
            <mixed-citation id="d21185e438" publication-type="other">
Anderson, Christopher. 1995. Blaming the Government: Citizens
and the Economy in Five European Democracies. Armonk, NY:
ME Sharpe.</mixed-citation>
         </ref>
         <ref id="d21185e451a1310">
            <mixed-citation id="d21185e455" publication-type="other">
Anselin, Luc. 1988. Spatial Econometrics: Methods and Models.
Dordrecht: Kluwer.</mixed-citation>
         </ref>
         <ref id="d21185e465a1310">
            <mixed-citation id="d21185e469" publication-type="other">
Armingeon, Klaus, Philipp Leimgruber, Michelle Beyeler, and
Sarah Menegale. 2005. Comparative Political Data Set,
1960-2003. Available online at http://www.ipw.unibe.ch/
content/team/klaus_armingeon/comparative_political_data_
sets/index_ger.html.</mixed-citation>
         </ref>
         <ref id="d21185e489a1310">
            <mixed-citation id="d21185e493" publication-type="other">
Artis, Michael J., and Wenda Zhang. 1997. "International Busi-
ness Cycles and the ERM: Is There a European Business
Cycle?" International Journal of Finance and Economics 2:
1-16.</mixed-citation>
         </ref>
         <ref id="d21185e509a1310">
            <mixed-citation id="d21185e513" publication-type="other">
Bartels, Larry M. 1988. Presidential Primaries and Dynamics of
Public Choice. Princeton, NJ: Princeton University Press.</mixed-citation>
         </ref>
         <ref id="d21185e523a1310">
            <mixed-citation id="d21185e527" publication-type="other">
Baxter, Marianne, and Michael A. Kouparitsas. 2005. "Determi-
nants of Business Cycle Comovement: A Robust Analysis."
Journal of Monetary Economics 52: 113-57.</mixed-citation>
         </ref>
         <ref id="d21185e540a1310">
            <mixed-citation id="d21185e544" publication-type="other">
Boix, Carles. 1998. Political Parties, Growth and Equality. Cam-
bridge: Cambridge University Press.</mixed-citation>
         </ref>
         <ref id="d21185e554a1310">
            <mixed-citation id="d21185e558" publication-type="other">
Brinks, Daniel, and Michael Coppedge. 2006. "Diffusion Is No
Illusion: Neighbor Emulation in the Third Wave of Democ-
racy." Comparative Political Studies 39: 463-89.</mixed-citation>
         </ref>
         <ref id="d21185e571a1310">
            <mixed-citation id="d21185e575" publication-type="other">
Budge, Ian, Hans-Dieter Kingemann, Andrea Volkens, Judith
Bara, and Eric Tanenbaum. 2001. Mapping Policy Preferences:
Estimates for Parties, Electors, and Governments 1945-98.
Oxford: Oxford University Press.</mixed-citation>
         </ref>
         <ref id="d21185e592a1310">
            <mixed-citation id="d21185e596" publication-type="other">
Carlsen, Fredrik. 2000. "Unemployment, Inflation, and Gov-
ernment Popularity: Are There Partisan Effects?" Electoral
Studies 19(2/3): 141-50.</mixed-citation>
         </ref>
         <ref id="d21185e609a1310">
            <mixed-citation id="d21185e613" publication-type="other">
Carroll, Lewis. 1876. The Hunting of the Snark (An Agony in 8
Fits). London: Macmillan.</mixed-citation>
         </ref>
         <ref id="d21185e623a1310">
            <mixed-citation id="d21185e627" publication-type="other">
Castles, Francis, and Peter Mair. 1984. "Left Right Political
Scales-Some Expert Judgements." European Journal of Polit-
ical Research 12(1): 73-88.</mixed-citation>
         </ref>
         <ref id="d21185e640a1310">
            <mixed-citation id="d21185e644" publication-type="other">
Conover, Pamela Johnson, Stanley Feldman, and Kathleen
Knight. 1986. "Judging Inflation and Unemployment: The
Origins of Retrospective Evaluations." Journal of Politics
48(3): 565-88.</mixed-citation>
         </ref>
         <ref id="d21185e660a1310">
            <mixed-citation id="d21185e664" publication-type="other">
Cox, Gary W. 1997. Making Votes Count: Strategic Coordina-
tion in the World's Electoral Systems. New York: Cambridge
University Press.</mixed-citation>
         </ref>
         <ref id="d21185e677a1310">
            <mixed-citation id="d21185e681" publication-type="other">
DeBoef, Suzanna, and Luke J. Keele. 2008. "Taking Time Se-
riously: Dynamic Regression Models." American Journal of
Political Science 52(1): 184-200.</mixed-citation>
         </ref>
         <ref id="d21185e695a1310">
            <mixed-citation id="d21185e699" publication-type="other">
Downs, Anthony. 1957. An Economic Theory of Democracy. New
York: Addison Wesley.</mixed-citation>
         </ref>
         <ref id="d21185e709a1310">
            <mixed-citation id="d21185e713" publication-type="other">
Duch, Raymond M., and Randy Stevenson. 2008. The Economic
Vote: How Political and Economic Institutions Condition Elec-
tion Results. Cambridge: Cambridge University Press.</mixed-citation>
         </ref>
         <ref id="d21185e726a1310">
            <mixed-citation id="d21185e730" publication-type="other">
Durr, Robert H. 1993. "What Moves Policy Sentiment?" Amer-
ican Political Science Review 87(1): 158-72.</mixed-citation>
         </ref>
         <ref id="d21185e740a1310">
            <mixed-citation id="d21185e744" publication-type="other">
Economist, The. 1997. "Europe Wheels to the Right." May 10.</mixed-citation>
         </ref>
         <ref id="d21185e751a1310">
            <mixed-citation id="d21185e755" publication-type="other">
Fisher, Stephen D. 2004. "Definition and Measurement of Tac-
tical Voting: The Role of Rational Choice." British Journal of
Political Science 34(1): 152-66.</mixed-citation>
         </ref>
         <ref id="d21185e768a1310">
            <mixed-citation id="d21185e772" publication-type="other">
Franzese, Robert J., and Jude C. Hays. 2007. "Spatial-
Econometric Models of Cross-Sectional Interdependence
in Political Science Panel and Time-Series-Cross-Section
Data." Political Analysis 15(2): 140-64.</mixed-citation>
         </ref>
         <ref id="d21185e789a1310">
            <mixed-citation id="d21185e793" publication-type="other">
Garrett, Geoffrey. 1998. Partisan Politics in the Global Economy.
Cambridge: Cambridge University Press.</mixed-citation>
         </ref>
         <ref id="d21185e803a1310">
            <mixed-citation id="d21185e807" publication-type="other">
Gourevich, Peter. 1986. Politics in Hard Times: Comparative
Responses to International Economic Crises. Ithaca, NY, and
London: Cornell University Press.</mixed-citation>
         </ref>
         <ref id="d21185e820a1310">
            <mixed-citation id="d21185e824" publication-type="other">
Greene, William H. 2000. Econometric Analysis. 4th ed. New
York: Prentice Hall.</mixed-citation>
         </ref>
         <ref id="d21185e834a1310">
            <mixed-citation id="d21185e838" publication-type="other">
Hellwig, Timothy T. 2001. "Interdependence, Government
Constraints, and Economic Voting." Journal of Politics 63(4):
1141-62.</mixed-citation>
         </ref>
         <ref id="d21185e851a1310">
            <mixed-citation id="d21185e855" publication-type="other">
Hibbs, Douglas A. 1977. "Political Parties and Macroeconomic
Policy." American Political Science Review 71: 1467-87.</mixed-citation>
         </ref>
         <ref id="d21185e865a1310">
            <mixed-citation id="d21185e869" publication-type="other">
Host, Viggo, and Martin Paldam. 1990. "An International Ele-
ment in the Vote? A Comparative Study of 17 OECD Coun-
tries, 1948-85." European Journal of Political Research 18(2):
221-39.</mixed-citation>
         </ref>
         <ref id="d21185e886a1310">
            <mixed-citation id="d21185e890" publication-type="other">
Jerome, Bruno, Veronique Jerôme-Speziari, and Michael S.
Lewis-Beck. 2006. "Partisan Dynamics in the European "Na-
tion/" Presented at the annual meeting of the Midwest Po-
litical Science Association.</mixed-citation>
         </ref>
         <ref id="d21185e906a1310">
            <mixed-citation id="d21185e910" publication-type="other">
Katzenstein, Peter J. 1985. Small States in World Markets: In-
dustrial Policy in Europe. Ithaca, NY, and London: Cornell
University Press.</mixed-citation>
         </ref>
         <ref id="d21185e923a1310">
            <mixed-citation id="d21185e927" publication-type="other">
Kayser, Mark Andreas. 2005. "Who Surfs, Who Manipulates?
The Determinants of Opportunistic Election Timing and
Electorally Motivated Economic Intervention." American
Political Science Review 99(1): 17-28.</mixed-citation>
         </ref>
         <ref id="d21185e943a1310">
            <mixed-citation id="d21185e947" publication-type="other">
Kayser, Mark Andreas. 2006. "Trade and the Timing of Elec-
tions." British Journal of Political Science 36(3): 437-57.</mixed-citation>
         </ref>
         <ref id="d21185e957a1310">
            <mixed-citation id="d21185e961" publication-type="other">
Kayser, Mark Andreas. 2007. "How Domestic Is Domestic Poli-
tics? Globalization and Elections." Annual Review of Political
Science 10: 341-62.</mixed-citation>
         </ref>
         <ref id="d21185e974a1310">
            <mixed-citation id="d21185e978" publication-type="other">
Kim, HeeMin, and Richard C. Fording. 1998. "Voter Ideology
in Western Democracies, 1946-89." European Journal of Po-
litical Research 33: 73-97.</mixed-citation>
         </ref>
         <ref id="d21185e992a1310">
            <mixed-citation id="d21185e996" publication-type="other">
Kim, HeeMin, and Richard C. Fording. 2001. "Voter Ideology,
the Economy, and the International Environment in Western
Democracies, 1952-89." Political Behavior 23(1): 53-73.</mixed-citation>
         </ref>
         <ref id="d21185e1009a1310">
            <mixed-citation id="d21185e1015" publication-type="other">
Kose, Ayhan, Christopher Otrok, and Charles H. White-
man. 2003. "International Business Cycles: World, Region,
and Country-Specific Factors." American Economic Review
93(4): 1216-39.</mixed-citation>
         </ref>
         <ref id="d21185e1031a1310">
            <mixed-citation id="d21185e1035" publication-type="other">
Kuechler, Manfred. 1991. "Issues and Voting in the European
Elections 1989." European Journal of Political Research 19:
81-103.</mixed-citation>
         </ref>
         <ref id="d21185e1048a1310">
            <mixed-citation id="d21185e1052" publication-type="other">
Levin, Andrew, Chien-Fu Lin, and Chia-Shang James Chu.
2002. "Unit Root Tests in Panel Data: Asymptotic and Fi-
nite Sample Properties." Journal of Econometrics 108: 1-
24.</mixed-citation>
         </ref>
         <ref id="d21185e1068a1310">
            <mixed-citation id="d21185e1072" publication-type="other">
Levy, Jacob T. 2004. "False Moves." The New Republic, June 9.</mixed-citation>
         </ref>
         <ref id="d21185e1079a1310">
            <mixed-citation id="d21185e1083" publication-type="other">
Midtbo, Tor. 1998. "The Open Politiconomy: A Dynamic Analy-
sis of Social Democratic Popularity and Economic Policies in
Scandinavia." British Journal of Political Science 28: 93-112.</mixed-citation>
         </ref>
         <ref id="d21185e1097a1310">
            <mixed-citation id="d21185e1101" publication-type="other">
Mishler, William, Marilyn Hoskin, and Roy E. Fitzgerald. 1988.
"Hunting the Snark: Or Searching for Evidence of That
Widely Touted but Highly Elusive Resurgence of Public Sup-
port for Conservative Parties in Britain, Canada, and the
United States." In The Resurgence of Conservatism in Anglo-
American Democracies, ed. Barry Cooper, Allan Kornberg,
and William Mishler. Durham, NC, and London: Duke Uni-
versity Press, 54-95.</mixed-citation>
         </ref>
         <ref id="d21185e1130a1310">
            <mixed-citation id="d21185e1134" publication-type="other">
Nadeau, Richard, Richard G. Niemi, and Antoine Yoshinaka.
2002. "A Cross-National Analysis of Economic Voting: Tak-
ing Account of the Political Context across Time and Na-
tions." Electoral Studies 21: 403-23.</mixed-citation>
         </ref>
         <ref id="d21185e1150a1310">
            <mixed-citation id="d21185e1154" publication-type="other">
Nannestad, P., and M. Paldam. 1994. "The VP-Function: A
Survey of the Literature on Vote and Popularity Functions
after 25 Years." Public Choice 79(3): 213-45.</mixed-citation>
         </ref>
         <ref id="d21185e1167a1310">
            <mixed-citation id="d21185e1171" publication-type="other">
Paldam, Martin A., and Peter Nannestad. 2000. "What Do Vot-
ers Know about the Economy? A Study of Danish Data,
1990-1993." Electoral Studies 19(2): 363-91.</mixed-citation>
         </ref>
         <ref id="d21185e1184a1310">
            <mixed-citation id="d21185e1188" publication-type="other">
Palmer, Glenn, Tamar R. London, and Patrick M. Regan.
2004. "What's Stopping You? The Sources of Political Con-
straints on International Conflict Behavior in Parliamentary
Democracies." International Interactions 30(1): 1-24.</mixed-citation>
         </ref>
         <ref id="d21185e1204a1310">
            <mixed-citation id="d21185e1208" publication-type="other">
Powell, G. Bingham. 2000. Elections as Instruments of Democ-
racy: Majoritarian and Proportional Visions. New Haven, CT:
Yale University Press.</mixed-citation>
         </ref>
         <ref id="d21185e1222a1310">
            <mixed-citation id="d21185e1226" publication-type="other">
Powell, G. Bingham, and Guy D. Whitten. 1993. "A Cross-
National Analysis of Economic Voting: Taking Account of
the Political Context." American Journal of Political Science
37(2): 391-414.</mixed-citation>
         </ref>
         <ref id="d21185e1242a1310">
            <mixed-citation id="d21185e1246" publication-type="other">
Putnam, Robert D., and Nicholas Bayne. 1984. Hanging To-
gether: The Seven-Power Summits. Cambridge, MA: Harvard
University Press.</mixed-citation>
         </ref>
         <ref id="d21185e1259a1310">
            <mixed-citation id="d21185e1263" publication-type="other">
Rodrik, Dani. 1998. "Why Do More Open Economies Have
Bigger Governments?" Journal of Political Economy 106(5):
997-1032.</mixed-citation>
         </ref>
         <ref id="d21185e1276a1310">
            <mixed-citation id="d21185e1280" publication-type="other">
Rogowski, Ronald. 1989. Commerce and Coalitions: How Trade
Affects Domestic Political Alignments. Princeton, NJ: Prince-
ton University Press.</mixed-citation>
         </ref>
         <ref id="d21185e1293a1310">
            <mixed-citation id="d21185e1297" publication-type="other">
Sanders, David. 2000. "The Real Economy and the Perceived
Economy in Popularity Functions: How Much Do Voters
Need to Know?" Electoral Studies 19(2): 275-94.</mixed-citation>
         </ref>
         <ref id="d21185e1310a1310">
            <mixed-citation id="d21185e1314" publication-type="other">
Sayres, Lois W. 1989. Pooled Time Series Analysis. Newbury Park,
CA: Sage.</mixed-citation>
         </ref>
         <ref id="d21185e1325a1310">
            <mixed-citation id="d21185e1329" publication-type="other">
Scholz, Evi, and Hermann Schmitt. 2001 "The Mannheim
Eurobarometer Trend File, 1970-99." Archived at ICPSR:
http://dx.doi.org/10.3886/ICPSR03384.</mixed-citation>
         </ref>
         <ref id="d21185e1342a1310">
            <mixed-citation id="d21185e1346" publication-type="other">
Simmons, Beth A., Frank Dobbin, and Geoffrey Gar-
rett. 2006. "Introduction: The International Diffusion
of Liberalism." International Organization 60(4): 781-
810.</mixed-citation>
         </ref>
         <ref id="d21185e1362a1310">
            <mixed-citation id="d21185e1366" publication-type="other">
Stevenson, Randolph T. 2001. "The Economy and Policy Mood:
A Fundamental Dynamic of Democratic Politics?" American
Journal of Political Science 45(3): 620-33.</mixed-citation>
         </ref>
         <ref id="d21185e1379a1310">
            <mixed-citation id="d21185e1383" publication-type="other">
Taylor, Edward B. 1889. "On a Method for Investigating the
Development of Institutions Applied to the Laws of Marriage
and Descent." Journal of the Anthropological Institute of Great
Britain and Ireland 18: 245-72.</mixed-citation>
         </ref>
         <ref id="d21185e1399a1310">
            <mixed-citation id="d21185e1403" publication-type="other">
van Der Brug, Wouter, Cees Van Der Eijk, and Mark N. Franklin.
2007. The Economy and the Vote: Economic Conditions and
Elections in Fifteen Countries. Cambridge and New York:
Cambridge University Press.</mixed-citation>
         </ref>
         <ref id="d21185e1419a1310">
            <mixed-citation id="d21185e1423" publication-type="other">
Walker, E. L., and R. W. Heyns. 1962. An Anatomy for Confor-
mity. Englewood Cliffs, NJ: Prentice Hall.</mixed-citation>
         </ref>
         <ref id="d21185e1434a1310">
            <mixed-citation id="d21185e1438" publication-type="other">
Warwick, Paul V. 1994. Government Survival in Parliamentary
Democracies. Cambridge: Cambridge University Press.</mixed-citation>
         </ref>
         <ref id="d21185e1448a1310">
            <mixed-citation id="d21185e1452" publication-type="other">
Weber, Max. 1978. Economy and Society: An Outline of Interpre-
tive Sociology. 2 volumes. Berkeley: University of California
Press. Originally published in 1921-22.</mixed-citation>
         </ref>
         <ref id="d21185e1465a1310">
            <mixed-citation id="d21185e1469" publication-type="other">
Westerlund, J. 2007. "Testing for Error Correction in Panel
Data." Oxford Bulletin of Economics and Statistics 69(6):
709-48.</mixed-citation>
         </ref>
         <ref id="d21185e1482a1310">
            <mixed-citation id="d21185e1486" publication-type="other">
Zaller, John. 2004. "Floating Voters in US Presidential Elections,
1948-2000." In Studies in Public Opinion: Attitudes, Nonat-
titudes, Measurement Error, and Change, ed. Paul Sniderman
and Willem Saris. Princeton, NJ: Princeton University Press
166-214.</mixed-citation>
         </ref>
      </ref-list>
   </back>
</article>
