<article dtd-version="1.0" article-type="research-article">
   <front>
      <journal-meta>
         <journal-id xmlns:xlink="http://www.w3.org/1999/xlink" journal-id-type="jstor">amerjpoliscie</journal-id>
         <journal-id xmlns:xlink="http://www.w3.org/1999/xlink" journal-id-type="jstor">j100487</journal-id>
         <journal-title-group xmlns:xlink="http://www.w3.org/1999/xlink">
            <journal-title>American Journal of Political Science</journal-title>
         </journal-title-group>
         <publisher>
            <publisher-name>Wiley Subscription Services</publisher-name>
         </publisher>
         <issn xmlns:xlink="http://www.w3.org/1999/xlink" pub-type="ppub">00925853</issn>
         <issn xmlns:xlink="http://www.w3.org/1999/xlink" pub-type="epub">15405907</issn>
      </journal-meta>
      <article-meta>
         <article-id xmlns:xlink="http://www.w3.org/1999/xlink" pub-id-type="jstor">20788781</article-id>
         <title-group>
            <article-title>The Strategy of Territorial Conflict</article-title>
         </title-group>
         <contrib-group>
            <contrib>
               <string-name xmlns:xlink="http://www.w3.org/1999/xlink">
                  <given-names>David B.</given-names>
                  <surname>Carter</surname>
               </string-name>
            </contrib>
         </contrib-group>
         <pub-date xmlns:xlink="http://www.w3.org/1999/xlink">
            <day>1</day>
            <month>10</month>
            <year>2010</year>
         </pub-date>
         <volume>54</volume>
         <issue>4</issue>
         <issue-id xmlns:xlink="http://www.w3.org/1999/xlink">i20788770</issue-id>
         <fpage>969</fpage>
         <lpage>987</lpage>
         <permissions>
            <copyright-statement>© 2010 Midwest Political Science Association</copyright-statement>
         </permissions>
         <self-uri xmlns:xlink="http://www.w3.org/1999/xlink"
                   xlink:href="http://www.jstor.org/stable/20788781"/>
         <abstract>
            <p>Many empirical studies have found that disputes over territory are central to the outbreak and intensity of the majority of interstate military conflict. However, the existing literature lacks an explicit theoretical link between the role territory plays in disputes and the outbreak of violence as well as an exploration of how the control of territory is related to conventional military capabilities. This article demonstrates that the targets of territorial claims can consolidate their control over disputed territory to improve their ability to fight effectively on it. The empirical analysis suggests that when territory is strategically located, target states are more likely to consolidate their position, while challenger states are less likely to escalate militarily. Furthermore, when the presence of territorial characteristics such as strategic location makes consolidation an effective strategy, target states are increasingly likely to consolidate as they face stronger opponents.</p>
         </abstract>
         <custom-meta-group xmlns:xlink="http://www.w3.org/1999/xlink">
            <custom-meta>
               <meta-name>lang</meta-name>
               <meta-value>eng</meta-value>
            </custom-meta>
         </custom-meta-group>
      </article-meta>
   </front>
   <back>
      <fn-group xmlns:xlink="http://www.w3.org/1999/xlink">
         <title>[Footnotes]</title>
         <fn id="d2585e178a1310">
            <label>2</label>
            <p>
               <mixed-citation id="d2585e185" publication-type="other">
Fazal 2004</mixed-citation>
            </p>
         </fn>
         <fn id="d2585e192a1310">
            <label>3</label>
            <p>
               <mixed-citation id="d2585e199" publication-type="other">
Carter and Goemans (2010)</mixed-citation>
            </p>
         </fn>
         <fn id="d2585e206a1310">
            <label>5</label>
            <p>
               <mixed-citation id="d2585e213" publication-type="other">
Mas-Colell, Whinston, and Green (1995, 276)</mixed-citation>
            </p>
         </fn>
         <fn id="d2585e220a1310">
            <label>6</label>
            <p>
               <mixed-citation id="d2585e227" publication-type="other">
An 1973</mixed-citation>
            </p>
            <p>
               <mixed-citation id="d2585e233" publication-type="other">
Ginsburgs and
Pinkele 1978</mixed-citation>
            </p>
            <p>
               <mixed-citation id="d2585e242" publication-type="other">
Jones and Kevill 1985</mixed-citation>
            </p>
         </fn>
         <fn id="d2585e250a1310">
            <label>9</label>
            <p>
               <mixed-citation id="d2585e257" publication-type="other">
Lewis and Schultz 2003</mixed-citation>
            </p>
         </fn>
         <fn id="d2585e264a1310">
            <label>10</label>
            <p>
               <mixed-citation id="d2585e271" publication-type="other">
Huth
(1996)</mixed-citation>
            </p>
         </fn>
         <fn id="d2585e281a1310">
            <label>11</label>
            <p>
               <mixed-citation id="d2585e288" publication-type="other">
Huth (1996)</mixed-citation>
            </p>
         </fn>
         <fn id="d2585e295a1310">
            <label>18</label>
            <p>
               <mixed-citation id="d2585e304" publication-type="other">
Ross (1988)</mixed-citation>
            </p>
         </fn>
      </fn-group>
      <ref-list>
         <title>References</title>
         <ref id="d2585e320a1310">
            <mixed-citation id="d2585e324" publication-type="other">
An, Tai Sung. 1973. The Sino-Soviet Territorial Dispute. Philadel-
phia, PA: Westminster.</mixed-citation>
         </ref>
         <ref id="d2585e334a1310">
            <mixed-citation id="d2585e338" publication-type="other">
Asprey, Robert B. 1975. War in the Shadows: The Guerilla in
History, Volume I. Garden City, NY: Doubleday &amp; Company.</mixed-citation>
         </ref>
         <ref id="d2585e348a1310">
            <mixed-citation id="d2585e352" publication-type="other">
Bas, Muhammet A. 2009. "Democratic Inefficiency: Regime
Type and the Tendency to Make Foreign Policy Mistakes."
Unpublished manuscript. Harvard University.</mixed-citation>
         </ref>
         <ref id="d2585e365a1310">
            <mixed-citation id="d2585e369" publication-type="other">
Calvert, Peter, ed. 2004. Border and Territorial Disputes of the
World. London: John Harper.</mixed-citation>
         </ref>
         <ref id="d2585e380a1310">
            <mixed-citation id="d2585e384" publication-type="other">
Carter, David B., and H. E. Goemans. 2010. "The Making of the
Territorial Order: New Borders and the Emergence of Inter-
state Conflict." International Organization. Forthcoming.</mixed-citation>
         </ref>
         <ref id="d2585e397a1310">
            <mixed-citation id="d2585e401" publication-type="other">
Chang, Pao-min. 1985. The Sino-Vietnamese Territorial Dispute.
New York: Praeger.</mixed-citation>
         </ref>
         <ref id="d2585e411a1310">
            <mixed-citation id="d2585e415" publication-type="other">
Chen, King C. 1987. China's War with Vietnam, 1979. Stanford,
CA: Hoover Institution Press.</mixed-citation>
         </ref>
         <ref id="d2585e425a1310">
            <mixed-citation id="d2585e429" publication-type="other">
Day, Alan J. 1987. Border and Territorial Disputes. 2nd ed. Essex,
UK: Longman.</mixed-citation>
         </ref>
         <ref id="d2585e439a1310">
            <mixed-citation id="d2585e443" publication-type="other">
Duiker, William J. 1986. China and Vietnam: The Roots of Con-
flict. Berkeley, CA: Institute of East Asian Studies.</mixed-citation>
         </ref>
         <ref id="d2585e453a1310">
            <mixed-citation id="d2585e457" publication-type="other">
Fazal, Tanisha M. 2004. "State Death in the International Sys-
tem." International Organization 58(2): 311-44.</mixed-citation>
         </ref>
         <ref id="d2585e468a1310">
            <mixed-citation id="d2585e472" publication-type="other">
Fearon, James D. 1994. "Domestic Political Audiences and the
Escalation of International Disputes." American Political Sci-
ence Review 88(3): 577-92.</mixed-citation>
         </ref>
         <ref id="d2585e485a1310">
            <mixed-citation id="d2585e489" publication-type="other">
Fearon, James D. 1995a. "Bargaining Over Objects That Influ-
ence Future Bargaining Power." Unpublished manuscript.
University of Chicago.</mixed-citation>
         </ref>
         <ref id="d2585e502a1310">
            <mixed-citation id="d2585e506" publication-type="other">
Fearon, James D. 1995b. "Rationalist Explanations for War."
International Organization 49(3): 379-414.</mixed-citation>
         </ref>
         <ref id="d2585e516a1310">
            <mixed-citation id="d2585e520" publication-type="other">
Ginsburgs, George, and Carl F. Pinkele. 1978. The Sino-Soviet
Territorial Dispute, 1949-64. New York: Praeger.</mixed-citation>
         </ref>
         <ref id="d2585e530a1310">
            <mixed-citation id="d2585e534" publication-type="other">
Goertz, Gary, and Paul Diehl. 1992. Territorial Changes and
International Conflict. London: Routledge.</mixed-citation>
         </ref>
         <ref id="d2585e544a1310">
            <mixed-citation id="d2585e548" publication-type="other">
Henderson, W. 0.1958. The State and the Industrial Revolution
in Prussia. Liverpool, UK: Liverpool.</mixed-citation>
         </ref>
         <ref id="d2585e559a1310">
            <mixed-citation id="d2585e563" publication-type="other">
Hensel, Paul R. 2000. "Territory: Theory and Evidence on Ge-
ography and Conflict." In What Do We Know about War?
ed. John Vasquez. Lanham, MD: Rowman and Littlefield,
57-64.</mixed-citation>
         </ref>
         <ref id="d2585e579a1310">
            <mixed-citation id="d2585e583" publication-type="other">
Hill, Norman. 1945. Claims to Territory in International Law
and Relations. New York: Oxford University Press.</mixed-citation>
         </ref>
         <ref id="d2585e593a1310">
            <mixed-citation id="d2585e597" publication-type="other">
Holsti, Kalevi J. 1991. Peace and War: Armed Conflicts and
International Order. New York: Cambridge University
Press.</mixed-citation>
         </ref>
         <ref id="d2585e610a1310">
            <mixed-citation id="d2585e614" publication-type="other">
Huth, Paul K. 1996. Standing Your Ground. Ann Arbor: Univer-
sity of Michigan Press.</mixed-citation>
         </ref>
         <ref id="d2585e624a1310">
            <mixed-citation id="d2585e628" publication-type="other">
Huth, Paul K., and Todd L. Allee. 2002. The Democratic Peace
and Territorial Conflict in the Twentieth Century. Cambridge:
Cambridge University Press.</mixed-citation>
         </ref>
         <ref id="d2585e641a1310">
            <mixed-citation id="d2585e645" publication-type="other">
Jones, Peter, and Siân Kevill, eds. 1985. China and the Soviet
Union, 1949-1984. New York: Facts On File.</mixed-citation>
         </ref>
         <ref id="d2585e656a1310">
            <mixed-citation id="d2585e660" publication-type="other">
Kocs, Stephen A. 1995. "Territorial Disputes and Interstate War,
1945-1987." Journal of Politics 57(1): 159-75.</mixed-citation>
         </ref>
         <ref id="d2585e670a1310">
            <mixed-citation id="d2585e674" publication-type="other">
Lewis, Jeffrey B., and Kenneth A. Schultz. 2003. "Reveal-
ing Preferences: Empirical Estimation of a Crisis Bargain-
ing Game with Incomplete Information." Political Analysis
11(4): 345-67.</mixed-citation>
         </ref>
         <ref id="d2585e690a1310">
            <mixed-citation id="d2585e694" publication-type="other">
Luard, Evan. 1986. War in International Society. London: LB.
Tauris and Company.</mixed-citation>
         </ref>
         <ref id="d2585e704a1310">
            <mixed-citation id="d2585e708" publication-type="other">
Manski, Charles R, and Steven R. Lerman. 1977. "The Estima-
tion of Choice Probabilities from Choice-Based Samples."
Econometrica 45(8): 1977-88.</mixed-citation>
         </ref>
         <ref id="d2585e721a1310">
            <mixed-citation id="d2585e725" publication-type="other">
Mas-Colell, Andreu, Michael Whinston, and Jerry Green.
1995. Microeconomic Theory. New York: Oxford University
Press.</mixed-citation>
         </ref>
         <ref id="d2585e738a1310">
            <mixed-citation id="d2585e742" publication-type="other">
McNeill, William. 1984. The Pursuit of Power: Technology, Armed
Force, and Society since A.D. 1000. Chicago: University of
Chicago Press.</mixed-citation>
         </ref>
         <ref id="d2585e756a1310">
            <mixed-citation id="d2585e760" publication-type="other">
Murphy, Alexander B. 1990. "Historical Justifications for Ter-
ritorial Claims." Annals of the Association of American Geog-
raphers 80(4): 531-48.</mixed-citation>
         </ref>
         <ref id="d2585e773a1310">
            <mixed-citation id="d2585e777" publication-type="other">
Powell, Robert. 2006. "War as a Commitment Problem." Inter-
national Organization 60(1): 169-203.</mixed-citation>
         </ref>
         <ref id="d2585e787a1310">
            <mixed-citation id="d2585e791" publication-type="other">
Ratner, Steven R. 1996. "Drawing a Better Line: UTI Possidetis
and the Borders of New States." The American Journal of
International Law 90(4): 590-624.</mixed-citation>
         </ref>
         <ref id="d2585e804a1310">
            <mixed-citation id="d2585e808" publication-type="other">
Ross, Robert S. 1988. The Indochina Tangle: China's Viet-
nam Policy, 1975-1979. New York: Columbia University
Press.</mixed-citation>
         </ref>
         <ref id="d2585e821a1310">
            <mixed-citation id="d2585e825" publication-type="other">
Sartori, Anne E. 2003. "The Might of the Pen: A Reputational
Theory of Communication in International Disputes." In-
ternational Organization 56(1): 121-49.</mixed-citation>
         </ref>
         <ref id="d2585e838a1310">
            <mixed-citation id="d2585e842" publication-type="other">
Senese, Paul D. 2005. "Territory, Contiguity, and International
Conflict: Assessing a New Joint Explanation." American Jour-
nal of Political Science 49(4): 769-79.</mixed-citation>
         </ref>
         <ref id="d2585e856a1310">
            <mixed-citation id="d2585e860" publication-type="other">
Signorino, Curtis S. 1999. "Strategic Interaction and the Statis-
tical Analysis of International Conflict." American Political
Science Review 93(2): 279-97.</mixed-citation>
         </ref>
         <ref id="d2585e873a1310">
            <mixed-citation id="d2585e877" publication-type="other">
Signorino, Curtis S. 2003. "Structure and Uncertainty in Dis-
crete Choice Models." Political Analysis 11(4): 316-44.</mixed-citation>
         </ref>
         <ref id="d2585e887a1310">
            <mixed-citation id="d2585e891" publication-type="other">
Signorino, Curtis S., and Kuzey Yilmaz. 2003. "Strategic Mis-
specification in Regression Models." American Journal of
Political Science 47(3): 551-66.</mixed-citation>
         </ref>
         <ref id="d2585e904a1310">
            <mixed-citation id="d2585e908" publication-type="other">
Smith, Alastair. 1998. "Fighting Battles, Winning Wars." Journal
of Conflict Resolution 42(3): 301-20.</mixed-citation>
         </ref>
         <ref id="d2585e918a1310">
            <mixed-citation id="d2585e922" publication-type="other">
Strachan, Hew. 1983. European Armies and the Conduct of War.
London: George Allen &amp; Unwin.</mixed-citation>
         </ref>
         <ref id="d2585e932a1310">
            <mixed-citation id="d2585e936" publication-type="other">
Vasquez, John A. 1995. "Why Do Neighbors Fight? Proxim-
ity Interaction, or Territoriality." Journal of Peace Research
32(3): 277-93.</mixed-citation>
         </ref>
         <ref id="d2585e950a1310">
            <mixed-citation id="d2585e954" publication-type="other">
Wagner, R. Harrison. 2000. "Bargaining and War." American
Journal of Political Science 44(3): 469-84.</mixed-citation>
         </ref>
         <ref id="d2585e964a1310">
            <mixed-citation id="d2585e968" publication-type="other">
Wagner, R. Harrison. 2007. War and the State: The Theory of
International Politics. Ann Arbor: University of Michigan
Press.</mixed-citation>
         </ref>
         <ref id="d2585e981a1310">
            <mixed-citation id="d2585e985" publication-type="other">
Walter, Barbara F. 2006. "War as a Reputation Problem: Explain-
ing Government Responses to Self-Determination Move-
ments." American Journal of Political Science 50(2): 313-
30.</mixed-citation>
         </ref>
         <ref id="d2585e1001a1310">
            <mixed-citation id="d2585e1005" publication-type="other">
Womack, Brantly. 2006. China and Vietnam: The Politics of
Asymmetry. Cambridge: Cambridge University Press.</mixed-citation>
         </ref>
      </ref-list>
   </back>
</article>
