<article xmlns:xsi="http://www.w3.org/2001/XMLSchema-instance"
         xmlns:xlink="http://www.w3.org/1999/xlink"
         xmlns:mml="http://www.w3.org/1998/Math/MathML"
         dtd-version="1.0"
         article-type="research-article">
   <front>
      <journal-meta>
         <journal-id journal-id-type="jstor">amerjpoliscie</journal-id>
         <journal-id journal-id-type="jstor">j100487</journal-id>
         <journal-title-group>
            <journal-title>American Journal of Political Science</journal-title>
         </journal-title-group>
         <publisher>
            <publisher-name>University of Texas Press</publisher-name>
         </publisher>
         <issn pub-type="ppub">00925853</issn>
         <issn pub-type="epub">15405907</issn>
      </journal-meta>
      <article-meta>
         <article-id pub-id-type="doi">10.2307/2111433</article-id>
         <title-group>
            <article-title>The Political Culture of Ambivalence: Ideological Responses to the Welfare State</article-title>
         </title-group>
         <contrib-group>
            <contrib contrib-type="author">
               <string-name>
                  <given-names>Stanley</given-names>
                  <surname>Feldman</surname>
               </string-name>
            </contrib>
            <contrib contrib-type="author">
               <string-name>
                  <given-names>John</given-names>
                  <surname>Zaller</surname>
               </string-name>
            </contrib>
         </contrib-group>
         <pub-date>
            <day>1</day>
            <month>2</month>
            <year>1992</year>
         </pub-date>
         <volume>36</volume>
         <issue>1</issue>
         <issue-id>i310486</issue-id>
         <fpage>268</fpage>
         <lpage>307</lpage>
         <page-range>268-307</page-range>
         <permissions>
            <copyright-statement>Copyright 1992 University of Texas Press</copyright-statement>
         </permissions>
         <self-uri xlink:href="http://www.jstor.org/stable/2111433"/>
         <abstract>
            <p>This paper explores the principles that people draw upon to justify their support for social welfare policy in the United States. The data for this study were produced by open-ended questions asked of a representative sample of the U.S. public. The results show that most people readily use values and principles central to the political culture when discussing their policy preferences. The wide diffusion of diverse values--individualism, humanitarianism, and opposition to big government--leads to significant ambivalence in people's discussions of their issue positions. The implications of these patterns of belief for popular support of the welfare state are discussed.</p>
         </abstract>
         <custom-meta-group>
            <custom-meta>
               <meta-name>lang</meta-name>
               <meta-value>eng</meta-value>
            </custom-meta>
         </custom-meta-group>
      </article-meta>
   </front>
</article>
