<article xmlns:xsi="http://www.w3.org/2001/XMLSchema-instance"
         xmlns:xlink="http://www.w3.org/1999/xlink"
         xmlns:mml="http://www.w3.org/1998/Math/MathML"
         dtd-version="1.0"
         article-type="research-article">
   <front>
      <journal-meta>
         <journal-id journal-id-type="jstor">amerjpoliscie</journal-id>
         <journal-id journal-id-type="jstor">j100487</journal-id>
         <journal-title-group>
            <journal-title>American Journal of Political Science</journal-title>
         </journal-title-group>
         <publisher>
            <publisher-name>University of Texas Press</publisher-name>
         </publisher>
         <issn pub-type="ppub">00925853</issn>
         <issn pub-type="epub">15405907</issn>
      </journal-meta>
      <article-meta>
         <article-id pub-id-type="doi">10.2307/2111607</article-id>
         <article-categories>
            <subj-group>
               <subject>Exchange</subject>
            </subj-group>
         </article-categories>
         <title-group>
            <article-title>Education, Security, and Postmaterialism: A Comment on Duch and Taylor's "Postmaterialism and the Economic Condition"</article-title>
         </title-group>
         <contrib-group>
            <contrib contrib-type="author">
               <string-name>
                  <given-names>Paul R.</given-names>
                  <surname>Abramson</surname>
               </string-name>
            </contrib>
            <contrib contrib-type="author">
               <string-name>
                  <given-names>Ronald</given-names>
                  <surname>Inglehart</surname>
               </string-name>
            </contrib>
         </contrib-group>
         <pub-date>
            <day>1</day>
            <month>8</month>
            <year>1994</year>
         </pub-date>
         <volume>38</volume>
         <issue>3</issue>
         <issue-id>i310496</issue-id>
         <fpage>797</fpage>
         <lpage>814</lpage>
         <page-range>797-814</page-range>
         <permissions>
            <copyright-statement>Copyright 1994 University of Texas Press</copyright-statement>
         </permissions>
         <self-uri xlink:href="http://www.jstor.org/stable/2111607"/>
         <abstract>
            <p>Duch and Taylor (1993) contest Inglehart's thesis that secure conditions during pre-adult socialization contribute to developing postmaterialist values. They base their conclusions on an analysis of Euro-Barometer surveys conducted in eight West European societies and on a survey of the European Soviet Union. Their analysis provides an inadequate test of Inglehart's theory because it excludes respondents socialized during periods of major deprivation--sharply reducing the explanatory power of generational differences--and because it fails to recognize that education is strongly related to social background. Duch and Taylor also conclude that economic security is not linked with postmaterialist values at the aggregate level, confusing the consequences of economic level with those of economic growth. Analyses of the 40-nation 1990-91 World Values Survey (including data from six societies of the former Soviet Union and five Eastern European countries) demonstrate that (1) countries with high levels of GNP/capita tend to have high proportions of postmaterialists and (2) countries that have experienced high rates of economic growth tend to show relatively large differences between the values of younger and older generations.</p>
         </abstract>
         <custom-meta-group>
            <custom-meta>
               <meta-name>lang</meta-name>
               <meta-value>eng</meta-value>
            </custom-meta>
         </custom-meta-group>
      </article-meta>
   </front>
</article>
