<article xmlns:xsi="http://www.w3.org/2001/XMLSchema-instance"
         xmlns:xlink="http://www.w3.org/1999/xlink"
         xmlns:mml="http://www.w3.org/1998/Math/MathML"
         dtd-version="1.0"
         article-type="research-article">
   <front>
      <journal-meta>
         <journal-id journal-id-type="jstor">amerjpoliscie</journal-id>
         <journal-id journal-id-type="jstor">j100487</journal-id>
         <journal-title-group>
            <journal-title>American Journal of Political Science</journal-title>
         </journal-title-group>
         <publisher>
            <publisher-name>University of Wisconsin Press</publisher-name>
         </publisher>
         <issn pub-type="ppub">00925853</issn>
         <issn pub-type="epub">15405907</issn>
      </journal-meta>
      <article-meta>
         <article-id pub-id-type="doi">10.2307/2111636</article-id>
         <article-categories>
            <subj-group>
               <subject>Controversy</subject>
            </subj-group>
         </article-categories>
         <title-group>
            <article-title>The Multiple Ambiguities of "Counteractive Lobbying"</article-title>
         </title-group>
         <contrib-group>
            <contrib contrib-type="author">
               <string-name>
                  <given-names>Frank R.</given-names>
                  <surname>Baumgartner</surname>
               </string-name>
            </contrib>
            <contrib contrib-type="author">
               <string-name>
                  <given-names>Beth L.</given-names>
                  <surname>Leech</surname>
               </string-name>
            </contrib>
         </contrib-group>
         <pub-date>
            <day>1</day>
            <month>5</month>
            <year>1996</year>
         </pub-date>
         <volume>40</volume>
         <issue>2</issue>
         <issue-id>i310503</issue-id>
         <fpage>521</fpage>
         <lpage>542</lpage>
         <page-range>521-542</page-range>
         <permissions>
            <copyright-statement>Copyright 1996 Board of Regents of the University of Wisconsin System</copyright-statement>
         </permissions>
         <self-uri xlink:href="http://www.jstor.org/stable/2111636"/>
         <abstract>
            <p>We review an article recently published in this journal to show how errors of theory-building, measurement, and research design have contributed to a confusing state of research in the area of interest-group lobbying activities. Contradictory findings in this area have come from the use of cross-sectional variance models where theories have called for longitudinal ones, from inaccurate measurements, from incomplete models, and especially from a willingness to overgeneralize from case studies. Despite a resurgence of studies on lobbying strategies, this literature will remain contradictory and inconclusive unless researchers resolve some basic questions about their theories and the nature of the evidence necessary to test them.</p>
         </abstract>
         <custom-meta-group>
            <custom-meta>
               <meta-name>lang</meta-name>
               <meta-value>eng</meta-value>
            </custom-meta>
         </custom-meta-group>
      </article-meta>
   </front>
</article>
