<article xmlns:xsi="http://www.w3.org/2001/XMLSchema-instance"
         xmlns:xlink="http://www.w3.org/1999/xlink"
         xmlns:mml="http://www.w3.org/1998/Math/MathML"
         dtd-version="1.0"
         article-type="research-article">
   <front>
      <journal-meta>
         <journal-id journal-id-type="jstor">amerjpoliscie</journal-id>
         <journal-id journal-id-type="jstor">j100487</journal-id>
         <journal-title-group>
            <journal-title>American Journal of Political Science</journal-title>
         </journal-title-group>
         <publisher>
            <publisher-name>University of Texas Press</publisher-name>
         </publisher>
         <issn pub-type="ppub">00925853</issn>
         <issn pub-type="epub">15405907</issn>
      </journal-meta>
      <article-meta>
         <article-id pub-id-type="doi">10.2307/2111335</article-id>
         <title-group>
            <article-title>Political Leadership and Representation in West European Democracies: A Test of Three Models of Voting</article-title>
         </title-group>
         <contrib-group>
            <contrib contrib-type="author">
               <string-name>
                  <given-names>Torben</given-names>
                  <surname>Iversen</surname>
               </string-name>
            </contrib>
         </contrib-group>
         <pub-date>
            <day>1</day>
            <month>2</month>
            <year>1994</year>
         </pub-date>
         <volume>38</volume>
         <issue>1</issue>
         <issue-id>i310494</issue-id>
         <fpage>45</fpage>
         <lpage>74</lpage>
         <page-range>45-74</page-range>
         <permissions>
            <copyright-statement>Copyright 1994 University of Texas Press</copyright-statement>
         </permissions>
         <self-uri xlink:href="http://www.jstor.org/stable/2111335"/>
         <abstract>
            <p>Recently the spatial theory of elections has been challenged by critics who dispute the realism of its assumptions and the empirical veracity of its predictions. This paper critically evaluates two theoretical alternatives to the spatial model and subjects these to a series of strategic tests using data from six West European party systems. It is argued that a model of representational policy leadership, which combines insights from the spatial and the "directional" theories of voting, best accounts for the observed patterns of voting. Thus, voters prefer parties that offer clear and intense political alternatives, but they turn away from parties that deviate too radically from voters' own stated policy positions. In terms of party strategies, it is demonstrated that spatial theorems, contrary to claims made for the directional theory, hold for all three models of voting. The policy leadership model, however, does explain why parties in multiparty systems tend to be more dispersed than predicted in spatial theory.</p>
         </abstract>
         <custom-meta-group>
            <custom-meta>
               <meta-name>lang</meta-name>
               <meta-value>eng</meta-value>
            </custom-meta>
         </custom-meta-group>
      </article-meta>
   </front>
</article>
