<article xmlns:xsi="http://www.w3.org/2001/XMLSchema-instance"
         xmlns:xlink="http://www.w3.org/1999/xlink"
         xmlns:mml="http://www.w3.org/1998/Math/MathML"
         dtd-version="1.0"
         article-type="research-article">
   <front>
      <journal-meta>
         <journal-id journal-id-type="jstor">amerjpoliscie</journal-id>
         <journal-id journal-id-type="jstor">j100487</journal-id>
         <journal-title-group>
            <journal-title>American Journal of Political Science</journal-title>
         </journal-title-group>
         <publisher>
            <publisher-name>University of Texas Press</publisher-name>
         </publisher>
         <issn pub-type="ppub">00925853</issn>
         <issn pub-type="epub">15405907</issn>
      </journal-meta>
      <article-meta>
         <article-id pub-id-type="doi">10.2307/2111413</article-id>
         <title-group>
            <article-title>The Darwinian Biology of Aristotle's Political Animals</article-title>
         </title-group>
         <contrib-group>
            <contrib contrib-type="author">
               <string-name>
                  <given-names>Larry</given-names>
                  <surname>Arnhart</surname>
               </string-name>
            </contrib>
         </contrib-group>
         <pub-date>
            <day>1</day>
            <month>5</month>
            <year>1994</year>
         </pub-date>
         <volume>38</volume>
         <issue>2</issue>
         <issue-id>i310495</issue-id>
         <fpage>464</fpage>
         <lpage>485</lpage>
         <page-range>464-485</page-range>
         <permissions>
            <copyright-statement>Copyright 1994 University of Texas Press</copyright-statement>
         </permissions>
         <self-uri xlink:href="http://www.jstor.org/stable/2111413"/>
         <abstract>
            <p>Recently, some political scientists, such as James Q. Wilson and Roger Masters, have argued for a Darwinian social theory that would support a revival of Aristotelian naturalism in the social sciences. As a contribution to this project, I argue that Darwinian biology confirms Aristotle's biological understanding of political animals. Thomas Hobbes's criticisms of Aristotle's position rest on dichotomies--nature versus culture, instinct versus learning, animality versus humanity--that have been refuted by modern biological research. Rejecting these false dichotomies would permit a unification of the social sciences and the natural sciences with Darwinian biology as the crucial link.</p>
         </abstract>
         <custom-meta-group>
            <custom-meta>
               <meta-name>lang</meta-name>
               <meta-value>eng</meta-value>
            </custom-meta>
         </custom-meta-group>
      </article-meta>
   </front>
</article>
