<article xmlns:xsi="http://www.w3.org/2001/XMLSchema-instance"
         xmlns:xlink="http://www.w3.org/1999/xlink"
         xmlns:mml="http://www.w3.org/1998/Math/MathML"
         dtd-version="1.0"
         article-type="research-article">
   <front>
      <journal-meta>
         <journal-id journal-id-type="jstor">amerjpoliscie</journal-id>
         <journal-id journal-id-type="jstor">j100487</journal-id>
         <journal-title-group>
            <journal-title>American Journal of Political Science</journal-title>
         </journal-title-group>
         <publisher>
            <publisher-name>University of Texas Press</publisher-name>
         </publisher>
         <issn pub-type="ppub">00925853</issn>
         <issn pub-type="epub">15405907</issn>
      </journal-meta>
      <article-meta>
         <article-id pub-id-type="doi">10.2307/2111377</article-id>
         <title-group>
            <article-title>Lawyers and the U.S. Supreme Court: The Washington Community and Legal Elites</article-title>
         </title-group>
         <contrib-group>
            <contrib contrib-type="author">
               <string-name>
                  <given-names>Kevin T.</given-names>
                  <surname>McGuire</surname>
               </string-name>
            </contrib>
         </contrib-group>
         <pub-date>
            <day>1</day>
            <month>5</month>
            <year>1993</year>
         </pub-date>
         <volume>37</volume>
         <issue>2</issue>
         <issue-id>i310491</issue-id>
         <fpage>365</fpage>
         <lpage>390</lpage>
         <page-range>365-390</page-range>
         <permissions>
            <copyright-statement>Copyright 1993 University of Texas Press</copyright-statement>
         </permissions>
         <self-uri xlink:href="http://www.jstor.org/stable/2111377"/>
         <abstract>
            <p>The past several decades have witnessed tremendous growth in the number of professional representatives in the Washington community. Despite a wealth of research that testifies to the importance of these experts in the legislative and executive branches, we know comparatively little regarding sophisticated representation in the judicial context. Is there an identifiable group of specialized representatives in the U.S. Supreme Court? Under the rubric of network theory, I examine the bar of the Court and the patterns of association within it. With survey data from lawyers who participated in Supreme Court litigation during the 1986 term, I develop a predictive model that suggests that the lawyers in the Court are a discrete collection of representatives, strongly anchored in Washington, DC. While many are connected through legal education, geography, and generational affinity, the core of that group--former law clerks to the justices, alumni of the Solicitor General's Office, and the lawyers of the leading law firms in Washington--are the prominent experts within that network.</p>
         </abstract>
         <custom-meta-group>
            <custom-meta>
               <meta-name>lang</meta-name>
               <meta-value>eng</meta-value>
            </custom-meta>
         </custom-meta-group>
      </article-meta>
   </front>
</article>
