<article xmlns:xsi="http://www.w3.org/2001/XMLSchema-instance"
         xmlns:xlink="http://www.w3.org/1999/xlink"
         xmlns:mml="http://www.w3.org/1998/Math/MathML"
         dtd-version="1.0"
         article-type="research-article">
   <front>
      <journal-meta>
         <journal-id journal-id-type="jstor">amerjpoliscie</journal-id>
         <journal-id journal-id-type="jstor">j100487</journal-id>
         <journal-title-group>
            <journal-title>American Journal of Political Science</journal-title>
         </journal-title-group>
         <publisher>
            <publisher-name>University of Wisconsin Press</publisher-name>
         </publisher>
         <issn pub-type="ppub">00925853</issn>
         <issn pub-type="epub">15405907</issn>
      </journal-meta>
      <article-meta>
         <article-id pub-id-type="doi">10.2307/2111758</article-id>
         <title-group>
            <article-title>Lower-Class Mobilization and Policy Linkage in the U.S. States</article-title>
         </title-group>
         <contrib-group>
            <contrib contrib-type="author">
               <string-name>
                  <given-names>Kim Quaile</given-names>
                  <surname>Hill</surname>
               </string-name>
            </contrib>
            <contrib contrib-type="author">
               <string-name>
                  <given-names>Jan E.</given-names>
                  <surname>Leighley</surname>
               </string-name>
            </contrib>
            <contrib contrib-type="author">
               <string-name>
                  <given-names>Angela</given-names>
                  <surname>Hinton-Andersson</surname>
               </string-name>
            </contrib>
         </contrib-group>
         <pub-date>
            <day>1</day>
            <month>2</month>
            <year>1995</year>
         </pub-date>
         <volume>39</volume>
         <issue>1</issue>
         <issue-id>i310498</issue-id>
         <fpage>75</fpage>
         <lpage>86</lpage>
         <page-range>75-86</page-range>
         <permissions>
            <copyright-statement>Copyright 1995 Board of Regents of the University of Wisconsin System</copyright-statement>
         </permissions>
         <self-uri xlink:href="http://www.jstor.org/stable/2111758"/>
         <abstract>
            <p>Political participation by lower class voters should create pressures for government to respond with supportive policies. Lower class voting is associated with more generous state welfare policies. Political forces and institutions structure this relationship. A pooled time series analysis for the 50 U.S. states from 1978 to 1990. We demonstrate an enduring relationship between the degree of mobilization of lower-class voters and the generosity of welfare benefits provided by state governments. This relationship can be vitiated by remarkable political and economic events such as the "new federalism" and the economic recession in the early 1980s. Finally, the importance of lower-class mobilization for redistributive policy is enhanced by the liberalism and competitiveness of state Democratic parties.</p>
         </abstract>
         <custom-meta-group>
            <custom-meta>
               <meta-name>lang</meta-name>
               <meta-value>eng</meta-value>
            </custom-meta>
         </custom-meta-group>
      </article-meta>
   </front>
</article>
