<article xmlns:xsi="http://www.w3.org/2001/XMLSchema-instance"
         xmlns:xlink="http://www.w3.org/1999/xlink"
         xmlns:mml="http://www.w3.org/1998/Math/MathML"
         dtd-version="1.0"
         article-type="research-article">
   <front>
      <journal-meta>
         <journal-id journal-id-type="jstor">amerjpoliscie</journal-id>
         <journal-id journal-id-type="jstor">j100487</journal-id>
         <journal-title-group>
            <journal-title>American Journal of Political Science</journal-title>
         </journal-title-group>
         <publisher>
            <publisher-name>University of Wisconsin Press</publisher-name>
         </publisher>
         <issn pub-type="ppub">00925853</issn>
         <issn pub-type="epub">15405907</issn>
      </journal-meta>
      <article-meta>
         <article-id pub-id-type="doi">10.2307/2111774</article-id>
         <title-group>
            <article-title>City Council Legislative Committees and Policy-making in Large United States Cities</article-title>
         </title-group>
         <contrib-group>
            <contrib contrib-type="author">
               <string-name>
                  <given-names>John P.</given-names>
                  <surname>Pelissero</surname>
               </string-name>
            </contrib>
            <contrib contrib-type="author">
               <string-name>
                  <given-names>Timothy B.</given-names>
                  <surname>Krebs</surname>
               </string-name>
            </contrib>
         </contrib-group>
         <pub-date>
            <day>1</day>
            <month>4</month>
            <year>1997</year>
         </pub-date>
         <volume>41</volume>
         <issue>2</issue>
         <issue-id>i310507</issue-id>
         <fpage>499</fpage>
         <lpage>518</lpage>
         <page-range>499-518</page-range>
         <permissions>
            <copyright-statement>Copyright 1997 Board of Regents of the University of Wisconsin System</copyright-statement>
         </permissions>
         <self-uri xlink:href="http://www.jstor.org/stable/2111774"/>
         <abstract>
            <p>Legislative committees are extensive and integral to the structure and policy-making functions of Congress and state legislatures. Scant research exists on current roles of committees of city councils. We hypothesize that city council committee systems are less common and not as vital to policy-making than is true of other legislative bodies. Contrary to much urban research, we further expect that city government structure, not the political environment, shapes development of committee systems and their policy roles. Logistic and OLS regression are the methods used to analyze the structure of city council committee systems. Differences in policy outputs are analyzed with t-tests and OLS regression. Data are from a 1992-93 mail survey of 160 large United States cities, and from Census Bureau reports on city government finances. Committees are widely used in large cities and their use is directly due to structural aspects of city government, particularly size of city council. Broad policy-making roles are found to be uncommon, but a substantial part of city legislative business is assigned to committees. Legislative committees have a small impact on policy outputs.</p>
         </abstract>
         <custom-meta-group>
            <custom-meta>
               <meta-name>lang</meta-name>
               <meta-value>eng</meta-value>
            </custom-meta>
         </custom-meta-group>
      </article-meta>
   </front>
</article>
