<article xmlns:xsi="http://www.w3.org/2001/XMLSchema-instance"
         xmlns:xlink="http://www.w3.org/1999/xlink"
         xmlns:mml="http://www.w3.org/1998/Math/MathML"
         dtd-version="1.0"
         article-type="research-article">
   <front>
      <journal-meta>
         <journal-id journal-id-type="jstor">amerjpoliscie</journal-id>
         <journal-id journal-id-type="jstor">j100487</journal-id>
         <journal-title-group>
            <journal-title>American Journal of Political Science</journal-title>
         </journal-title-group>
         <publisher>
            <publisher-name>University of Texas Press</publisher-name>
         </publisher>
         <issn pub-type="ppub">00925853</issn>
         <issn pub-type="epub">15405907</issn>
      </journal-meta>
      <article-meta>
         <article-id pub-id-type="doi">10.2307/2111725</article-id>
         <title-group>
            <article-title>A Fat Lady in a Corset: Altruism and Social Theory</article-title>
         </title-group>
         <contrib-group>
            <contrib contrib-type="author">
               <string-name>
                  <given-names>Kristen Renwick</given-names>
                  <surname>Monroe</surname>
               </string-name>
            </contrib>
         </contrib-group>
         <pub-date>
            <day>1</day>
            <month>11</month>
            <year>1994</year>
         </pub-date>
         <volume>38</volume>
         <issue>4</issue>
         <issue-id>i310497</issue-id>
         <fpage>861</fpage>
         <lpage>893</lpage>
         <page-range>861-893</page-range>
         <permissions>
            <copyright-statement>Copyright 1994 University of Texas Press</copyright-statement>
         </permissions>
         <self-uri xlink:href="http://www.jstor.org/stable/2111725"/>
         <abstract>
            <p>This manuscript reviews the literature on altruism as it has been discussed traditionally in economics and rational choice theory, evolutionary biology, and psychology. All of these fields assume self-interest is the norm for human behavior; all, therefore, experience great difficulty explaining action that risks sacrificing one's own welfare in order to benefit another. The literature on altruism is reviewed here not just to understand and explain the phenomenon itself, but also to use our understanding of altruism as an analytical tool that can yield insight on the validity, universality, and limitations of the intellectual theories about human behavior that organize so much of our daily lives and public policies.</p>
         </abstract>
         <custom-meta-group>
            <custom-meta>
               <meta-name>lang</meta-name>
               <meta-value>eng</meta-value>
            </custom-meta>
         </custom-meta-group>
      </article-meta>
   </front>
</article>
