<article xmlns:xsi="http://www.w3.org/2001/XMLSchema-instance"
         xmlns:xlink="http://www.w3.org/1999/xlink"
         xmlns:mml="http://www.w3.org/1998/Math/MathML"
         dtd-version="1.0"
         article-type="research-article">
   <front>
      <journal-meta>
         <journal-id journal-id-type="jstor">amerjpoliscie</journal-id>
         <journal-id journal-id-type="jstor">j100487</journal-id>
         <journal-title-group>
            <journal-title>American Journal of Political Science</journal-title>
         </journal-title-group>
         <publisher>
            <publisher-name>University of Wisconsin Press</publisher-name>
         </publisher>
         <issn pub-type="ppub">00925853</issn>
         <issn pub-type="epub">15405907</issn>
      </journal-meta>
      <article-meta>
         <article-id pub-id-type="doi">10.2307/2111663</article-id>
         <title-group>
            <article-title>Pathways of Representation: A Causal Analysis of Public Opinion-Policy Linkages</article-title>
         </title-group>
         <contrib-group>
            <contrib contrib-type="author">
               <string-name>
                  <given-names>Kim Quaile</given-names>
                  <surname>Hill</surname>
               </string-name>
            </contrib>
            <contrib contrib-type="author">
               <string-name>
                  <given-names>Angela</given-names>
                  <surname>Hinton-Anderson</surname>
               </string-name>
            </contrib>
         </contrib-group>
         <pub-date>
            <day>1</day>
            <month>11</month>
            <year>1995</year>
         </pub-date>
         <volume>39</volume>
         <issue>4</issue>
         <issue-id>i310501</issue-id>
         <fpage>924</fpage>
         <lpage>935</lpage>
         <page-range>924-935</page-range>
         <permissions>
            <copyright-statement>Copyright 1995 Board of Regents of the University of Wisconsin System</copyright-statement>
         </permissions>
         <self-uri xlink:href="http://www.jstor.org/stable/2111663"/>
         <abstract>
            <p>Alternative theories of the linkage process between mass policy preferences and public policies are tested empirically. Opinion-policy linkage may arise because mass preferences drive the policy process, elite preferences drive the process, or because of a shared-preferences, reciprocal influence process. Policy linkage may also be facilitated by higher voter mobilization and party competition. A multiple-equation model of the opinion-policy process in the United States is tested with two-stage least squares regression. The state policy process is best explained by an opinion-sharing, reciprocal influence model. Shared partisanship, party competition, and voter mobilization enhance the linkage process in theoretically anticipated ways.</p>
         </abstract>
         <custom-meta-group>
            <custom-meta>
               <meta-name>lang</meta-name>
               <meta-value>eng</meta-value>
            </custom-meta>
         </custom-meta-group>
      </article-meta>
   </front>
</article>
