<article xmlns:xsi="http://www.w3.org/2001/XMLSchema-instance"
         xmlns:xlink="http://www.w3.org/1999/xlink"
         xmlns:mml="http://www.w3.org/1998/Math/MathML"
         dtd-version="1.0"
         article-type="research-article">
   <front>
      <journal-meta>
         <journal-id journal-id-type="jstor">amerjpoliscie</journal-id>
         <journal-id journal-id-type="jstor">j100487</journal-id>
         <journal-title-group>
            <journal-title>American Journal of Political Science</journal-title>
         </journal-title-group>
         <publisher>
            <publisher-name>University of Texas Press</publisher-name>
         </publisher>
         <issn pub-type="ppub">00925853</issn>
         <issn pub-type="epub">15405907</issn>
      </journal-meta>
      <article-meta>
         <article-id pub-id-type="doi">10.2307/2111490</article-id>
         <article-categories>
            <subj-group>
               <subject>Workshop</subject>
            </subj-group>
         </article-categories>
         <title-group>
            <article-title>Party Identification Measures in the Anglo-American Democracies: A National Survey Experiment</article-title>
         </title-group>
         <contrib-group>
            <contrib contrib-type="author">
               <string-name>
                  <given-names>Richard</given-names>
                  <surname>Johnston</surname>
               </string-name>
            </contrib>
         </contrib-group>
         <pub-date>
            <day>1</day>
            <month>5</month>
            <year>1992</year>
         </pub-date>
         <volume>36</volume>
         <issue>2</issue>
         <issue-id>i310487</issue-id>
         <fpage>542</fpage>
         <lpage>559</lpage>
         <page-range>542-559</page-range>
         <permissions>
            <copyright-statement>Copyright 1992 University of Texas Press</copyright-statement>
         </permissions>
         <self-uri xlink:href="http://www.jstor.org/stable/2111490"/>
         <abstract>
            <p>This paper stakes a prima facie claim that cross-national variation in party identification, at least among the Anglo-American democracies, is largely a measurement artifact, a product of the uniqueness of the American National Election Studies (NES) in prompting respondents directly for nonpartisanship. The heart of the analysis is a CATI experiment in a Canadian national survey. Respondents were randomly administered one of three variants of the party identification item. Respondents were also asked how they voted in the 1984 election and were randomly assigned to vote-before and vote-after treatments. When prompted for nonpartisanship, Canadians volunteer such response at roughly the same rate that U.S. respondents do. Response to the traditional Canadian item, which gives no nonpartisan prompt, is highly labile in the face of change in question order. Response to the alternative versions that prompt nonpartisanship is not affected at all by question order.</p>
         </abstract>
         <custom-meta-group>
            <custom-meta>
               <meta-name>lang</meta-name>
               <meta-value>eng</meta-value>
            </custom-meta>
         </custom-meta-group>
      </article-meta>
   </front>
</article>
