<article xmlns:xsi="http://www.w3.org/2001/XMLSchema-instance"
         xmlns:xlink="http://www.w3.org/1999/xlink"
         xmlns:mml="http://www.w3.org/1998/Math/MathML"
         dtd-version="1.0"
         article-type="research-article">
   <front>
      <journal-meta>
         <journal-id journal-id-type="jstor">amerjpoliscie</journal-id>
         <journal-id journal-id-type="jstor">j100487</journal-id>
         <journal-title-group>
            <journal-title>American Journal of Political Science</journal-title>
         </journal-title-group>
         <publisher>
            <publisher-name>University of Wisconsin Press</publisher-name>
         </publisher>
         <issn pub-type="ppub">00925853</issn>
         <issn pub-type="epub">15405907</issn>
      </journal-meta>
      <article-meta>
         <article-id pub-id-type="doi">10.2307/2111649</article-id>
         <title-group>
            <article-title>Meeting Competing Demands: Committee Performance in the Postreform House</article-title>
         </title-group>
         <contrib-group>
            <contrib contrib-type="author">
               <string-name>
                  <given-names>Forrest</given-names>
                  <surname>Maltzman</surname>
               </string-name>
            </contrib>
         </contrib-group>
         <pub-date>
            <day>1</day>
            <month>8</month>
            <year>1995</year>
         </pub-date>
         <volume>39</volume>
         <issue>3</issue>
         <issue-id>i310500</issue-id>
         <fpage>653</fpage>
         <lpage>682</lpage>
         <page-range>653-682</page-range>
         <permissions>
            <copyright-statement>Copyright 1995 Board of Regents of the University of Wisconsin System</copyright-statement>
         </permissions>
         <self-uri xlink:href="http://www.jstor.org/stable/2111649"/>
         <abstract>
            <p>A conditional model of committee behavior is proposed to explain variation in committee responsiveness to chamber and party principals. Committee member behavior is consistent with the preferences of both the floor and the party caucuses; variation in salience explains differences in committee responsiveness to noncommittee colleagues. Committee-specific votes are scaled to produce spatial locations for committee, floor, party caucuses, and party committee delegations; a Monte Carlo simulation is used to assess the statistical significance of voting alignments. Postreform House committees generally act in a manner acceptable to both the chamber and majority party; the Democratic caucus is frequently represented by extreme committee delegations; members of salient committees are more loyal agents of the chamber and majority party than are members of low salient committees.</p>
         </abstract>
         <custom-meta-group>
            <custom-meta>
               <meta-name>lang</meta-name>
               <meta-value>eng</meta-value>
            </custom-meta>
         </custom-meta-group>
      </article-meta>
   </front>
</article>
