<article xmlns:xsi="http://www.w3.org/2001/XMLSchema-instance"
         xmlns:xlink="http://www.w3.org/1999/xlink"
         xmlns:mml="http://www.w3.org/1998/Math/MathML"
         dtd-version="1.0"
         article-type="research-article">
   <front>
      <journal-meta>
         <journal-id journal-id-type="jstor">amerjpoliscie</journal-id>
         <journal-id journal-id-type="jstor">j100487</journal-id>
         <journal-title-group>
            <journal-title>American Journal of Political Science</journal-title>
         </journal-title-group>
         <publisher>
            <publisher-name>University of Wisconsin Press</publisher-name>
         </publisher>
         <issn pub-type="ppub">00925853</issn>
         <issn pub-type="epub">15405907</issn>
      </journal-meta>
      <article-meta>
         <article-id pub-id-type="doi">10.2307/2111684</article-id>
         <title-group>
            <article-title>Individual-Level Evidence for the Causes and Consequences of Social Capital</article-title>
         </title-group>
         <contrib-group>
            <contrib contrib-type="author">
               <string-name>
                  <given-names>John</given-names>
                  <surname>Brehm</surname>
               </string-name>
            </contrib>
            <contrib contrib-type="author">
               <string-name>
                  <given-names>Wendy</given-names>
                  <surname>Rahn</surname>
               </string-name>
            </contrib>
         </contrib-group>
         <pub-date>
            <day>1</day>
            <month>7</month>
            <year>1997</year>
         </pub-date>
         <volume>41</volume>
         <issue>3</issue>
         <issue-id>i310508</issue-id>
         <fpage>999</fpage>
         <lpage>1023</lpage>
         <page-range>999-1023</page-range>
         <permissions>
            <copyright-statement>Copyright 1997 Board of Regents of the University of Wisconsin System</copyright-statement>
         </permissions>
         <self-uri xlink:href="http://www.jstor.org/stable/2111684"/>
         <abstract>
            <p>Social capital is the web of cooperative relationships between citizens that facilitates resolution of collection action problems (Coleman 1990; Putnam 1993). Although normally conceived as a property of communities, the reciprocal relationship between community involvement and trust in others is a demonstration of social capital in individual behavior and attitudes. Variation in social capital can be explained by citizens' psychological involvement with their communities, cognitive abilities, economic resources, and general life satisfaction. This variation affects citizens' confidence in national institutions, beyond specific controls for measures of actual performance. We analyze the pooled General Social Surveys from 1972 to 1994 in a latent variables framework incorporating aggregate contextual data. Civic engagement and interpersonal trust are in a tight reciprocal relationship, where the connection is stronger from participation to interpersonal trust, rather than the reverse.</p>
         </abstract>
         <custom-meta-group>
            <custom-meta>
               <meta-name>lang</meta-name>
               <meta-value>eng</meta-value>
            </custom-meta>
         </custom-meta-group>
      </article-meta>
   </front>
</article>
