<article xmlns:xsi="http://www.w3.org/2001/XMLSchema-instance"
         xmlns:xlink="http://www.w3.org/1999/xlink"
         xmlns:mml="http://www.w3.org/1998/Math/MathML"
         dtd-version="1.0"
         article-type="research-article">
   <front>
      <journal-meta>
         <journal-id journal-id-type="jstor">amerjpoliscie</journal-id>
         <journal-id journal-id-type="jstor">j100487</journal-id>
         <journal-title-group>
            <journal-title>American Journal of Political Science</journal-title>
         </journal-title-group>
         <publisher>
            <publisher-name>University of Wisconsin Press</publisher-name>
         </publisher>
         <issn pub-type="ppub">00925853</issn>
         <issn pub-type="epub">15405907</issn>
      </journal-meta>
      <article-meta>
         <article-id pub-id-type="doi">10.2307/2111703</article-id>
         <article-categories>
            <subj-group>
               <subject>The Workshop</subject>
            </subj-group>
         </article-categories>
         <title-group>
            <article-title>The Reliability of Aggregated Public Opinion Measures</article-title>
         </title-group>
         <contrib-group>
            <contrib contrib-type="author">
               <string-name>
                  <given-names>Bradford S.</given-names>
                  <surname>Jones</surname>
               </string-name>
            </contrib>
            <contrib contrib-type="author">
               <string-name>
                  <given-names>Barbara</given-names>
                  <surname>Norrander</surname>
               </string-name>
            </contrib>
         </contrib-group>
         <pub-date>
            <day>1</day>
            <month>2</month>
            <year>1996</year>
         </pub-date>
         <volume>40</volume>
         <issue>1</issue>
         <issue-id>i310502</issue-id>
         <fpage>295</fpage>
         <lpage>309</lpage>
         <page-range>295-309</page-range>
         <permissions>
            <copyright-statement>Copyright 1995 Board of Regents of the University of Wisconsin System</copyright-statement>
         </permissions>
         <self-uri xlink:href="http://www.jstor.org/stable/2111703"/>
         <abstract>
            <p>Using generalizability theory, we discuss the O'Brien (1990) method of aggregate-level reliability assessment. We contrast this theoretical conception of reliability with the theory of individual-level internal consistency. The methodology used is the O'Brien (1990) aggregate-level reliability technique for the R:A design, where "R" denotes that survey respondents reside or are nested within aggregate units (A). The aggregate unit in this analysis is the state. One-way analysis of variance is used to estimate reliabilities. Individual-level measures of reliability are inappropriate techniques when one is evaluating the reliability of aggregated measures of public opinion. Estimating aggregate-level reliability is methodologically simple and should be a common practice among the many researchers using aggregate-level variables created from individual-level data.</p>
         </abstract>
         <custom-meta-group>
            <custom-meta>
               <meta-name>lang</meta-name>
               <meta-value>eng</meta-value>
            </custom-meta>
         </custom-meta-group>
      </article-meta>
   </front>
</article>
