<article xmlns:xsi="http://www.w3.org/2001/XMLSchema-instance"
         xmlns:xlink="http://www.w3.org/1999/xlink"
         xmlns:mml="http://www.w3.org/1998/Math/MathML"
         dtd-version="1.0"
         article-type="research-article">
   <front>
      <journal-meta>
         <journal-id journal-id-type="jstor">amerjpoliscie</journal-id>
         <journal-id journal-id-type="jstor">j100487</journal-id>
         <journal-title-group>
            <journal-title>American Journal of Political Science</journal-title>
         </journal-title-group>
         <publisher>
            <publisher-name>University of Wisconsin Press</publisher-name>
         </publisher>
         <issn pub-type="ppub">00925853</issn>
         <issn pub-type="epub">15405907</issn>
      </journal-meta>
      <article-meta>
         <article-id pub-id-type="doi">10.2307/2111762</article-id>
         <title-group>
            <article-title>Electoral Cycles in Federal Government Prime Contract Awards: State-Level Evidence from the 1988 and 1992 Presidential Elections</article-title>
         </title-group>
         <contrib-group>
            <contrib contrib-type="author">
               <string-name>
                  <given-names>Kenneth R.</given-names>
                  <surname>Mayer</surname>
               </string-name>
            </contrib>
         </contrib-group>
         <pub-date>
            <day>1</day>
            <month>2</month>
            <year>1995</year>
         </pub-date>
         <volume>39</volume>
         <issue>1</issue>
         <issue-id>i310498</issue-id>
         <fpage>162</fpage>
         <lpage>185</lpage>
         <page-range>162-185</page-range>
         <permissions>
            <copyright-statement>Copyright 1995 Board of Regents of the University of Wisconsin System</copyright-statement>
         </permissions>
         <self-uri xlink:href="http://www.jstor.org/stable/2111762"/>
         <abstract>
            <p>The political business-cycle theory is used to test for state-level accelerations in contract awards and deobligations induced by presidential elections. Government contracting agencies accelerate contract awards, and reduce the level of deobligations, immediately before presidential elections. The cycles should not involve any total increase in spending. Pooled-time-series analysis of monthly Department of Defense and civilian agency contract awards and deobligations in each state between October 1985 and December 1992. Both contract awards and deobligations behave as expected. Civilian agency contract awards rise immediately before presidential elections and primaries, and both Department of Defense and civilian agency deobligation activity virtually cease as the elections approach. Although the total level of activity is unchanged in election years, the cycles are clear. This supports the notion that the cycles are important politically even though they have little macroeconomic impact.</p>
         </abstract>
         <custom-meta-group>
            <custom-meta>
               <meta-name>lang</meta-name>
               <meta-value>eng</meta-value>
            </custom-meta>
         </custom-meta-group>
      </article-meta>
   </front>
</article>
