<article xmlns:xsi="http://www.w3.org/2001/XMLSchema-instance"
         xmlns:xlink="http://www.w3.org/1999/xlink"
         xmlns:mml="http://www.w3.org/1998/Math/MathML"
         dtd-version="1.0"
         article-type="research-article">
   <front>
      <journal-meta>
         <journal-id journal-id-type="jstor">amerjpoliscie</journal-id>
         <journal-id journal-id-type="jstor">j100487</journal-id>
         <journal-title-group>
            <journal-title>American Journal of Political Science</journal-title>
         </journal-title-group>
         <publisher>
            <publisher-name>University of Texas Press</publisher-name>
         </publisher>
         <issn pub-type="ppub">00925853</issn>
         <issn pub-type="epub">15405907</issn>
      </journal-meta>
      <article-meta>
         <article-id pub-id-type="doi">10.2307/2111429</article-id>
         <title-group>
            <article-title>Region and Voting in Britain, 1979-87: Territorial Polarization or Artifact?</article-title>
         </title-group>
         <contrib-group>
            <contrib contrib-type="author">
               <string-name>
                  <given-names>Ian</given-names>
                  <surname>McAllister</surname>
               </string-name>
            </contrib>
            <contrib contrib-type="author">
               <string-name>
                  <given-names>Donley T.</given-names>
                  <surname>Studlar</surname>
               </string-name>
            </contrib>
         </contrib-group>
         <pub-date>
            <day>1</day>
            <month>2</month>
            <year>1992</year>
         </pub-date>
         <volume>36</volume>
         <issue>1</issue>
         <issue-id>i310486</issue-id>
         <fpage>168</fpage>
         <lpage>199</lpage>
         <page-range>168-199</page-range>
         <permissions>
            <copyright-statement>Copyright 1992 University of Texas Press</copyright-statement>
         </permissions>
         <self-uri xlink:href="http://www.jstor.org/stable/2111429"/>
         <abstract>
            <p>The increase in patterns of regional voting in Britain in the 1980s has stimulated much scholarly debate about the emergence of a "North-South" political divide. One interpretation sees regional voting as a territorial division occasioned by changing social, economic, and political conditions. This interpretation is often contrasted with the heretofore dominant functional view of British voting cleavages, that statewide social divisions, especially class, are the key to understanding electoral behavior. This paper tests systematically the territorial interpretation using data collected at the 1979, 1983, and 1987 general elections. Using multivariate analysis, we estimate how much of the regional variance in voting can be explained by social composition, political attitudes, attitudes toward party leaders, constituency effects, and local economic and political culture. The results indicate that territorial effects are small once the statewide effects of other variables are taken into account. The bulk of regional voting can be attributed to social compositional effects; there is only limited evidence for a territorial effect, and then only via local political culture.</p>
         </abstract>
         <custom-meta-group>
            <custom-meta>
               <meta-name>lang</meta-name>
               <meta-value>eng</meta-value>
            </custom-meta>
         </custom-meta-group>
      </article-meta>
   </front>
</article>
