<article xmlns:xsi="http://www.w3.org/2001/XMLSchema-instance"
         xmlns:xlink="http://www.w3.org/1999/xlink"
         xmlns:mml="http://www.w3.org/1998/Math/MathML"
         dtd-version="1.0"
         article-type="research-article">
   <front>
      <journal-meta>
         <journal-id journal-id-type="jstor">amerjpoliscie</journal-id>
         <journal-id journal-id-type="jstor">j100487</journal-id>
         <journal-title-group>
            <journal-title>American Journal of Political Science</journal-title>
         </journal-title-group>
         <publisher>
            <publisher-name>University of Texas Press</publisher-name>
         </publisher>
         <issn pub-type="ppub">00925853</issn>
         <issn pub-type="epub">15405907</issn>
      </journal-meta>
      <article-meta>
         <article-id pub-id-type="doi">10.2307/2111427</article-id>
         <title-group>
            <article-title>The Cabinet Stability Controversy: New Perspectives on a Classic Problem</article-title>
         </title-group>
         <contrib-group>
            <contrib contrib-type="author">
               <string-name>
                  <given-names>Paul</given-names>
                  <surname>Warwick</surname>
               </string-name>
            </contrib>
            <contrib contrib-type="author">
               <string-name>
                  <given-names>Stephen T.</given-names>
                  <surname>Easton</surname>
               </string-name>
            </contrib>
         </contrib-group>
         <pub-date>
            <day>1</day>
            <month>2</month>
            <year>1992</year>
         </pub-date>
         <volume>36</volume>
         <issue>1</issue>
         <issue-id>i310486</issue-id>
         <fpage>122</fpage>
         <lpage>146</lpage>
         <page-range>122-146</page-range>
         <permissions>
            <copyright-statement>Copyright 1992 University of Texas Press</copyright-statement>
         </permissions>
         <self-uri xlink:href="http://www.jstor.org/stable/2111427"/>
         <abstract>
            <p>Empirical research into cabinet stability or duration has bifurcated into two contending streams: the "attributes" approach, which explains duration with attributes or causal factors, and the "events" approach, which models the phenomenon as a process of random cabinet collapses. Recently, a unified model has been proposed that uses maximum likelihood estimation to combine the two. In this article we demonstrate that the cabinet duration phenomenon is more complex than the unified model allows for, and we develop an alternative research strategy and model.</p>
         </abstract>
         <custom-meta-group>
            <custom-meta>
               <meta-name>lang</meta-name>
               <meta-value>eng</meta-value>
            </custom-meta>
         </custom-meta-group>
      </article-meta>
   </front>
</article>
