<article xmlns:xsi="http://www.w3.org/2001/XMLSchema-instance"
         xmlns:xlink="http://www.w3.org/1999/xlink"
         xmlns:mml="http://www.w3.org/1998/Math/MathML"
         dtd-version="1.0"
         article-type="research-article">
   <front>
      <journal-meta>
         <journal-id journal-id-type="jstor">amerjpoliscie</journal-id>
         <journal-id journal-id-type="jstor">j100487</journal-id>
         <journal-title-group>
            <journal-title>American Journal of Political Science</journal-title>
         </journal-title-group>
         <publisher>
            <publisher-name>University of Wisconsin Press</publisher-name>
         </publisher>
         <issn pub-type="ppub">00925853</issn>
         <issn pub-type="epub">15405907</issn>
      </journal-meta>
      <article-meta>
         <article-id pub-id-type="doi">10.2307/2111761</article-id>
         <title-group>
            <article-title>A Simulation Model of Presidential Nomination Choice</article-title>
         </title-group>
         <contrib-group>
            <contrib contrib-type="author">
               <string-name>
                  <given-names>Walter J.</given-names>
                  <surname>Stone</surname>
               </string-name>
            </contrib>
            <contrib contrib-type="author">
               <string-name>
                  <given-names>Ronald B.</given-names>
                  <surname>Rapoport</surname>
               </string-name>
            </contrib>
            <contrib contrib-type="author">
               <string-name>
                  <given-names>Lonna Rae</given-names>
                  <surname>Atkeson</surname>
               </string-name>
            </contrib>
         </contrib-group>
         <pub-date>
            <day>1</day>
            <month>2</month>
            <year>1995</year>
         </pub-date>
         <volume>39</volume>
         <issue>1</issue>
         <issue-id>i310498</issue-id>
         <fpage>135</fpage>
         <lpage>161</lpage>
         <page-range>135-161</page-range>
         <permissions>
            <copyright-statement>Copyright 1995 Board of Regents of the University of Wisconsin System</copyright-statement>
         </permissions>
         <self-uri xlink:href="http://www.jstor.org/stable/2111761"/>
         <abstract>
            <p>Voters in a primary or caucus are unlikely to invest substantial personal resources in making their choice, but at the same time their choice-problem is complex. A mixed model of choice is presented with two steps: an elimination step that reduces the field of candidates considered seriously by the voter, and an expected-utility step that involves comparisons of the candidates in the reduced "decision set." Voters use party affiliation, visibility, and viability to narrow the field of candidates. They then compare the expected-utility gains of electing any of the remaining candidates. If no clear preference emerges, voters consider their affect for the candidates and reconsider viability. We have written a computer algorithm to simulate the decision model for potential caucus and primary voters early in the 1988 nomination campaign. A significant strength of this simulation technique is that it allows us to model choice across all 7 Democratic and 6 Republican candidates. The elimination step has a powerful effect in narrowing the field of candidates for nomination participants. Overall, the model accurately predicts choice across the options voters faced early in the 1988 nomination season.</p>
         </abstract>
         <custom-meta-group>
            <custom-meta>
               <meta-name>lang</meta-name>
               <meta-value>eng</meta-value>
            </custom-meta>
         </custom-meta-group>
      </article-meta>
   </front>
</article>
