<article xmlns:xsi="http://www.w3.org/2001/XMLSchema-instance"
         xmlns:xlink="http://www.w3.org/1999/xlink"
         xmlns:mml="http://www.w3.org/1998/Math/MathML"
         dtd-version="1.0"
         article-type="research-article">
   <front>
      <journal-meta>
         <journal-id journal-id-type="jstor">amerjpoliscie</journal-id>
         <journal-id journal-id-type="jstor">j100487</journal-id>
         <journal-title-group>
            <journal-title>American Journal of Political Science</journal-title>
         </journal-title-group>
         <publisher>
            <publisher-name>University of Texas Press</publisher-name>
         </publisher>
         <issn pub-type="ppub">00925853</issn>
         <issn pub-type="epub">15405907</issn>
      </journal-meta>
      <article-meta>
         <article-id pub-id-type="doi">10.2307/2111602</article-id>
         <title-group>
            <article-title>The Hierarchy of Justice: Testing a Principal-Agent Model of Supreme Court-Circuit Court Interactions</article-title>
         </title-group>
         <contrib-group>
            <contrib contrib-type="author">
               <string-name>
                  <given-names>Donald R.</given-names>
                  <surname>Songer</surname>
               </string-name>
            </contrib>
            <contrib contrib-type="author">
               <string-name>
                  <given-names>Jeffrey A.</given-names>
                  <surname>Segal</surname>
               </string-name>
            </contrib>
            <contrib contrib-type="author">
               <string-name>
                  <given-names>Charles M.</given-names>
                  <surname>Cameron</surname>
               </string-name>
            </contrib>
         </contrib-group>
         <pub-date>
            <day>1</day>
            <month>8</month>
            <year>1994</year>
         </pub-date>
         <volume>38</volume>
         <issue>3</issue>
         <issue-id>i310496</issue-id>
         <fpage>673</fpage>
         <lpage>696</lpage>
         <page-range>673-696</page-range>
         <permissions>
            <copyright-statement>Copyright 1994 University of Texas Press</copyright-statement>
         </permissions>
         <self-uri xlink:href="http://www.jstor.org/stable/2111602"/>
         <abstract>
            <p>We examine Supreme Court--circuit court interactions from a principal-agent perspective, employing a fact pattern analysis to determine the extent to which circuit courts follow their own policy preferences versus the extent that they follow the policy dictates of the Supreme Court. We then examine whether monitoring by the Supreme Court can affect those interactions. We find that the courts of appeals are highly responsive to the changing search and seizure policies of the Supreme Court. Nevertheless, the strong independent effect of the ideologies of the judges gives evidence that judges do find opportunities to "shirk" to satisfy their own policy interests. We also find strong evidence that litigants play an active role in influencing monitoring by the Supreme Court.</p>
         </abstract>
         <custom-meta-group>
            <custom-meta>
               <meta-name>lang</meta-name>
               <meta-value>eng</meta-value>
            </custom-meta>
         </custom-meta-group>
      </article-meta>
   </front>
</article>
