<article xmlns:xsi="http://www.w3.org/2001/XMLSchema-instance"
         xmlns:xlink="http://www.w3.org/1999/xlink"
         xmlns:mml="http://www.w3.org/1998/Math/MathML"
         dtd-version="1.0"
         article-type="research-article">
   <front>
      <journal-meta>
         <journal-id journal-id-type="jstor">amerjpoliscie</journal-id>
         <journal-id journal-id-type="jstor">j100487</journal-id>
         <journal-title-group>
            <journal-title>American Journal of Political Science</journal-title>
         </journal-title-group>
         <publisher>
            <publisher-name>University of Texas Press</publisher-name>
         </publisher>
         <issn pub-type="ppub">00925853</issn>
         <issn pub-type="epub">15405907</issn>
      </journal-meta>
      <article-meta>
         <article-id pub-id-type="doi">10.2307/2111730</article-id>
         <title-group>
            <article-title>Retrospective Voting and Political Mobility</article-title>
         </title-group>
         <contrib-group>
            <contrib contrib-type="author">
               <string-name>
                  <given-names>Wayne L.</given-names>
                  <surname>Francis</surname>
               </string-name>
            </contrib>
            <contrib contrib-type="author">
               <string-name>
                  <given-names>Lawrence W.</given-names>
                  <surname>Kenny</surname>
               </string-name>
            </contrib>
            <contrib contrib-type="author">
               <string-name>
                  <given-names>Rebecca B.</given-names>
                  <surname>Morton</surname>
               </string-name>
            </contrib>
            <contrib contrib-type="author">
               <string-name>
                  <given-names>Amy B.</given-names>
                  <surname>Schmidt</surname>
               </string-name>
            </contrib>
         </contrib-group>
         <pub-date>
            <day>1</day>
            <month>11</month>
            <year>1994</year>
         </pub-date>
         <volume>38</volume>
         <issue>4</issue>
         <issue-id>i310497</issue-id>
         <fpage>999</fpage>
         <lpage>1024</lpage>
         <page-range>999-1024</page-range>
         <permissions>
            <copyright-statement>Copyright 1994 University of Texas Press</copyright-statement>
         </permissions>
         <self-uri xlink:href="http://www.jstor.org/stable/2111730"/>
         <abstract>
            <p>Research on political mobility has ignored the impact that the past policy decisions of officials may have on the probability of achieving a higher elected office. A large theoretical and empirical literature suggests that voters and party members will evaluate incumbents based on past behavior, that is, retrospectively. We test the extent nonincumbent candidates anticipate that voters in primaries and general elections will choose retrospectively, utilizing behavior in one elected office as a basis for voting for a candidate for a "higher" elected office. We explain U.S. House member decisions to run for the U.S. Senate in 1960-88 and the probability that a representative will be selected as the party's candidate. We find that those representatives whose ADA scores are closest to the estimated successful state ADA score for their party are most likely to seek higher offices and to be selected as their party's standard-bearers. Our evidence further suggests that a divergent platform specification fits the data better than a specification in which party positions are predicted to converge to the platform desired by the median voter. We replicate many of the important findings in this literature and also produce some evidence that mobility into the Senate is less common for those who have some power in the House and is more common for those who are wealthier.</p>
         </abstract>
         <custom-meta-group>
            <custom-meta>
               <meta-name>lang</meta-name>
               <meta-value>eng</meta-value>
            </custom-meta>
         </custom-meta-group>
      </article-meta>
   </front>
</article>
