<article xmlns:xsi="http://www.w3.org/2001/XMLSchema-instance"
         xmlns:xlink="http://www.w3.org/1999/xlink"
         xmlns:mml="http://www.w3.org/1998/Math/MathML"
         dtd-version="1.0"
         article-type="research-article">
   <front>
      <journal-meta>
         <journal-id journal-id-type="jstor">amerjpoliscie</journal-id>
         <journal-id journal-id-type="jstor">j100487</journal-id>
         <journal-title-group>
            <journal-title>American Journal of Political Science</journal-title>
         </journal-title-group>
         <publisher>
            <publisher-name>University of Texas Press</publisher-name>
         </publisher>
         <issn pub-type="ppub">00925853</issn>
         <issn pub-type="epub">15405907</issn>
      </journal-meta>
      <article-meta>
         <article-id pub-id-type="doi">10.2307/2111528</article-id>
         <title-group>
            <article-title>Toward a Comprehensive Model of Welfare Exits: The Case of AFDC</article-title>
         </title-group>
         <contrib-group>
            <contrib contrib-type="author">
               <string-name>
                  <given-names>C. Michelle</given-names>
                  <surname>Piskulich</surname>
               </string-name>
            </contrib>
         </contrib-group>
         <pub-date>
            <day>1</day>
            <month>2</month>
            <year>1993</year>
         </pub-date>
         <volume>37</volume>
         <issue>1</issue>
         <issue-id>i310490</issue-id>
         <fpage>165</fpage>
         <lpage>185</lpage>
         <page-range>165-185</page-range>
         <permissions>
            <copyright-statement>Copyright 1993 University of Texas Press</copyright-statement>
         </permissions>
         <self-uri xlink:href="http://www.jstor.org/stable/2111528"/>
         <abstract>
            <p>Pressures to reform the welfare system in the United States give rise to a need for improved information about individual welfare recipients. Using data from the Survey of Income and Program Participation and Event History Analysis, this paper profiles the probabilistic tendencies of conditions associated with welfare exits. The joint influences of policy, economic conditions, and individual circumstances and characteristics are considered in an attempt to build a comprehensive model of program turnover.</p>
         </abstract>
         <custom-meta-group>
            <custom-meta>
               <meta-name>lang</meta-name>
               <meta-value>eng</meta-value>
            </custom-meta>
         </custom-meta-group>
      </article-meta>
   </front>
</article>
