<article xmlns:xsi="http://www.w3.org/2001/XMLSchema-instance"
         xmlns:xlink="http://www.w3.org/1999/xlink"
         xmlns:mml="http://www.w3.org/1998/Math/MathML"
         dtd-version="1.0"
         article-type="research-article">
   <front>
      <journal-meta>
         <journal-id journal-id-type="jstor">amerjpoliscie</journal-id>
         <journal-id journal-id-type="jstor">j100487</journal-id>
         <journal-title-group>
            <journal-title>American Journal of Political Science</journal-title>
         </journal-title-group>
         <publisher>
            <publisher-name>University of Wisconsin Press</publisher-name>
         </publisher>
         <issn pub-type="ppub">00925853</issn>
         <issn pub-type="epub">15405907</issn>
      </journal-meta>
      <article-meta>
         <article-id pub-id-type="doi">10.2307/2111759</article-id>
         <title-group>
            <article-title>Presidential Rhetoric and the Public Agenda</article-title>
         </title-group>
         <contrib-group>
            <contrib contrib-type="author">
               <string-name>
                  <given-names>Jeffrey E.</given-names>
                  <surname>Cohen</surname>
               </string-name>
            </contrib>
         </contrib-group>
         <pub-date>
            <day>1</day>
            <month>2</month>
            <year>1995</year>
         </pub-date>
         <volume>39</volume>
         <issue>1</issue>
         <issue-id>i310498</issue-id>
         <fpage>87</fpage>
         <lpage>107</lpage>
         <page-range>87-107</page-range>
         <permissions>
            <copyright-statement>Copyright 1995 Board of Regents of the University of Wisconsin System</copyright-statement>
         </permissions>
         <self-uri xlink:href="http://www.jstor.org/stable/2111759"/>
         <abstract>
            <p>The theory of presidential influence over agenda setting is used to predict the impact of presidential rhetoric over the public's agenda. The more attention presidents give to policy areas in their State of the Union Addresses, the more concerned the public becomes with those policy areas. Time-series regression analysis of data collected from content analyses of presidents' State of the Union Addresses on the Gallup Poll's Most-Important Problem Series from 1953-89. Increases in presidential attention to economic, foreign, and civil rights policy lead to increases in public concern with those policies. These results hold with controls for past public concern and objective conditions. Mere presidential mentions of a policy area seem to elicit a public response, thus, presidents do not have to resort to substantive arguments to sway public opinion. But popular presidents seem no more influential than unpopular ones and these presidential leadership effects decay within a year, except for foreign policy, which shows effects lasting across the year.</p>
         </abstract>
         <custom-meta-group>
            <custom-meta>
               <meta-name>lang</meta-name>
               <meta-value>eng</meta-value>
            </custom-meta>
         </custom-meta-group>
      </article-meta>
   </front>
</article>
