<article xmlns:xsi="http://www.w3.org/2001/XMLSchema-instance"
         xmlns:xlink="http://www.w3.org/1999/xlink"
         xmlns:mml="http://www.w3.org/1998/Math/MathML"
         dtd-version="1.0"
         article-type="research-article">
   <front>
      <journal-meta>
         <journal-id journal-id-type="jstor">amerjpoliscie</journal-id>
         <journal-id journal-id-type="jstor">j100487</journal-id>
         <journal-title-group>
            <journal-title>American Journal of Political Science</journal-title>
         </journal-title-group>
         <publisher>
            <publisher-name>University of Texas Press</publisher-name>
         </publisher>
         <issn pub-type="ppub">00925853</issn>
         <issn pub-type="epub">15405907</issn>
      </journal-meta>
      <article-meta>
         <article-id pub-id-type="doi">10.2307/2111351</article-id>
         <title-group>
            <article-title>Rising Hazards: An Underlying Dynamic of Parliamentary Government</article-title>
         </title-group>
         <contrib-group>
            <contrib contrib-type="author">
               <string-name>
                  <given-names>Paul V.</given-names>
                  <surname>Warwick</surname>
               </string-name>
            </contrib>
         </contrib-group>
         <pub-date>
            <day>1</day>
            <month>11</month>
            <year>1992</year>
         </pub-date>
         <volume>36</volume>
         <issue>4</issue>
         <issue-id>i310489</issue-id>
         <fpage>857</fpage>
         <lpage>876</lpage>
         <page-range>857-876</page-range>
         <permissions>
            <copyright-statement>Copyright 1992 University of Texas Press</copyright-statement>
         </permissions>
         <self-uri xlink:href="http://www.jstor.org/stable/2111351"/>
         <abstract>
            <p>This paper undertakes a quantitative examination of underlying rates of government termination in West European parliamentary systems. Most previous research assumed that these rates remain constant over the lifetimes of governments, but this assumption has never been subjected to careful scrutiny. A variety of tests is performed on a new data set that covers 16 systems over the 1945-89 period, each of which points to a general tendency for the rate of termination or "hazard rate" to increase with the length of time a government remains in power. This information is incorporated into an empirical model of government survival that also includes ideological/policy differences within governments and the impact of economic trends.</p>
         </abstract>
         <custom-meta-group>
            <custom-meta>
               <meta-name>lang</meta-name>
               <meta-value>eng</meta-value>
            </custom-meta>
         </custom-meta-group>
      </article-meta>
   </front>
</article>
