<article xmlns:xsi="http://www.w3.org/2001/XMLSchema-instance"
         xmlns:xlink="http://www.w3.org/1999/xlink"
         xmlns:mml="http://www.w3.org/1998/Math/MathML"
         dtd-version="1.0"
         article-type="research-article">
   <front>
      <journal-meta>
         <journal-id journal-id-type="jstor">amerjpoliscie</journal-id>
         <journal-id journal-id-type="jstor">j100487</journal-id>
         <journal-title-group>
            <journal-title>American Journal of Political Science</journal-title>
         </journal-title-group>
         <publisher>
            <publisher-name>University of Wisconsin Press</publisher-name>
         </publisher>
         <issn pub-type="ppub">00925853</issn>
         <issn pub-type="epub">15405907</issn>
      </journal-meta>
      <article-meta>
         <article-id pub-id-type="doi">10.2307/2111706</article-id>
         <title-group>
            <article-title>Errata: Bootstrap Statistical Inference: Examples and Evaluations for Political Science</article-title>
         </title-group>
         <pub-date>
            <day>1</day>
            <month>1</month>
            <year>1997</year>
         </pub-date>
         <volume>41</volume>
         <issue>1</issue>
         <issue-id>i310506</issue-id>
         <fpage/>
         <lpage/>
         <page-range/>
         <permissions>
            <copyright-statement>Copyright 1997 Board of Regents of the University of Wisconsin System</copyright-statement>
         </permissions>
         <self-uri xlink:href="http://www.jstor.org/stable/2111706"/>
         <custom-meta-group>
            <custom-meta>
               <meta-name>lang</meta-name>
               <meta-value>eng</meta-value>
            </custom-meta>
         </custom-meta-group>
      </article-meta>
   </front>
</article>
