<article dtd-version="1.0" article-type="research-article">
   <front>
      <journal-meta>
         <journal-id xmlns:xlink="http://www.w3.org/1999/xlink" journal-id-type="jstor">amerjpoliscie</journal-id>
         <journal-id xmlns:xlink="http://www.w3.org/1999/xlink" journal-id-type="jstor">j100487</journal-id>
         <journal-title-group xmlns:xlink="http://www.w3.org/1999/xlink">
            <journal-title>American Journal of Political Science</journal-title>
         </journal-title-group>
         <publisher>
            <publisher-name>University of Texas Press</publisher-name>
         </publisher>
         <issn xmlns:xlink="http://www.w3.org/1999/xlink" pub-type="ppub">00925853</issn>
         <issn xmlns:xlink="http://www.w3.org/1999/xlink" pub-type="epub">15405907</issn>
      </journal-meta>
      <article-meta>
         <article-id xmlns:xlink="http://www.w3.org/1999/xlink" pub-id-type="doi">10.2307/2111571</article-id>
         <title-group>
            <article-title>Deconstructing the Political Spectacle: Sex, Race, and Subjectivity in Public Response to the Clarence Thomas/Anita Hill "Sexual Harassment" Hearings</article-title>
         </title-group>
         <contrib-group>
            <contrib contrib-type="author">
               <string-name xmlns:xlink="http://www.w3.org/1999/xlink">
                  <given-names>Dan</given-names>
                  <surname>Thomas</surname>
               </string-name>
            </contrib>
            <contrib contrib-type="author">
               <string-name xmlns:xlink="http://www.w3.org/1999/xlink">
                  <given-names>Craig</given-names>
                  <surname>McCoy</surname>
               </string-name>
            </contrib>
            <contrib contrib-type="author">
               <string-name xmlns:xlink="http://www.w3.org/1999/xlink">
                  <given-names>Allan</given-names>
                  <surname>McBride</surname>
               </string-name>
            </contrib>
         </contrib-group>
         <pub-date xmlns:xlink="http://www.w3.org/1999/xlink">
            <day>1</day>
            <month>8</month>
            <year>1993</year>
         </pub-date>
         <volume>37</volume>
         <issue>3</issue>
         <issue-id xmlns:xlink="http://www.w3.org/1999/xlink">i310492</issue-id>
         <fpage>699</fpage>
         <lpage>720</lpage>
         <page-range>699-720</page-range>
         <permissions>
            <copyright-statement>Copyright 1993 University of Texas Press</copyright-statement>
         </permissions>
         <self-uri xmlns:xlink="http://www.w3.org/1999/xlink"
                   xlink:href="http://www.jstor.org/stable/2111571"/>
         <abstract>
            <p>Extending Edelman's (1988) analysis of the constructed, phenomenal nature of political spectacles, this research employs Q-methodology as a means of interrogating the range of meanings implicit in public reaction to televised hearings held by the U.S. Senate in connection with Anita Hill's charges of sexual harassment against Supreme Court nominee Clarence Thomas. Results disclose a range of five alternative, subjective constructions of the same set of events. The accounts so revealed are examined in light of the diverse subjectivity they manifest as well as in terms of their ties to race and gender cleavages within the viewing audience. A concluding discussion makes note of the implications for the further analysis of politics as spectacle.</p>
         </abstract>
         <custom-meta-group xmlns:xlink="http://www.w3.org/1999/xlink">
            <custom-meta>
               <meta-name>lang</meta-name>
               <meta-value>eng</meta-value>
            </custom-meta>
         </custom-meta-group>
      </article-meta>
   </front>
   <back>
      <fn-group xmlns:xlink="http://www.w3.org/1999/xlink">
         <title>[Footnotes]</title>
         <fn id="d1111e144a1310">
            <label>3</label>
            <p>
               <mixed-citation id="d1111e151" publication-type="compound">
12-18 October 1991: New York Times, Des Moines Register,
Time, Newsweek.</mixed-citation>
            </p>
            <p>
               <mixed-citation id="d1111e160" publication-type="book">
Edelman's (1988)</mixed-citation>
            </p>
         </fn>
         <fn id="d1111e167a1310">
            <label>7</label>
            <p>
               <mixed-citation id="d1111e174" publication-type="journal">
Franklin (1980</mixed-citation>
            </p>
            <p>
               <mixed-citation id="d1111e180" publication-type="journal">
1984</mixed-citation>
            </p>
            <p>
               <mixed-citation id="d1111e186" publication-type="book">
Wallace
(1979</mixed-citation>
            </p>
            <p>
               <mixed-citation id="d1111e196" publication-type="book">
1982</mixed-citation>
            </p>
            <p>
               <mixed-citation id="d1111e202" publication-type="journal">
Morrison's (1992)</mixed-citation>
            </p>
            <p>
               <mixed-citation id="d1111e208" publication-type="journal">
Norment (1992)</mixed-citation>
            </p>
         </fn>
      </fn-group>
      <ref-list>
         <title>References</title>
         <ref id="d1111e224a1310">
            <mixed-citation id="d1111e228" publication-type="book">
Brown, Steven R. 1980. Political Subjectivity: Applications of Q Methodology in Political
Science. New Haven: Yale University Press.<person-group>
                  <string-name xmlns:xlink="http://www.w3.org/1999/xlink">
                     <surname>Brown</surname>
                  </string-name>
               </person-group>
               <source>Political Subjectivity: Applications of Q Methodology in Political Science</source>
               <year>1980</year>
            </mixed-citation>
         </ref>
         <ref id="d1111e253a1310">
            <mixed-citation id="d1111e257" publication-type="book">
—.1986. "Q-technique and Method: Principles and Procedures." In New Tools for
Social Scientists: Advances and Applications, ed. William D. Berry and Michael S.
Lewis-Beck. Beverly Hills: Sage.<person-group>
                  <string-name xmlns:xlink="http://www.w3.org/1999/xlink">
                     <surname>Brown</surname>
                  </string-name>
               </person-group>
               <comment content-type="section">Q-technique and Method: Principles and Procedures</comment>
               <source>New Tools for Social Scientists: Advances and Applications</source>
               <year>1986</year>
            </mixed-citation>
         </ref>
         <ref id="d1111e289a1310">
            <mixed-citation id="d1111e293" publication-type="journal">
Brunner, Ronald. 1977. An "Intentional" Alternative in Public Opinion Research. American
Journal of Political Science21:435-63.<object-id pub-id-type="doi">10.2307/2110577</object-id>
               <fpage>435</fpage>
            </mixed-citation>
         </ref>
         <ref id="d1111e309a1310">
            <mixed-citation id="d1111e313" publication-type="book">
Edelman, Murray. 1988. Constructing the Political Spectacle. Chicago: University of Chi-
cago Press.<person-group>
                  <string-name xmlns:xlink="http://www.w3.org/1999/xlink">
                     <surname>Edelman</surname>
                  </string-name>
               </person-group>
               <source>Constructing the Political Spectacle</source>
               <year>1988</year>
            </mixed-citation>
         </ref>
         <ref id="d1111e339a1310">
            <mixed-citation id="d1111e343" publication-type="journal">
Franklin, Clyde W., II. 1980. "White Racism as a Cause of Black Male-Black Female
Conflict: A Critique." Western Journal of Black Studies4:42-49.<person-group>
                  <string-name xmlns:xlink="http://www.w3.org/1999/xlink">
                     <surname>Franklin</surname>
                  </string-name>
               </person-group>
               <fpage>42</fpage>
               <volume>4</volume>
               <source>Western Journal of Black Studies</source>
               <year>1980</year>
            </mixed-citation>
         </ref>
         <ref id="d1111e375a1310">
            <mixed-citation id="d1111e379" publication-type="journal">
—.1984. "Black Male-Black Female Conflict: Individually Caused and Culturally
Nurtured." Journal of Black Studies15:139-54.<object-id pub-id-type="jstor">10.2307/2784005</object-id>
               <fpage>139</fpage>
            </mixed-citation>
         </ref>
         <ref id="d1111e395a1310">
            <mixed-citation id="d1111e399" publication-type="journal">
Hugick, Larry. 1991a. "On Night before Vote, Support for Thomas Remains Strong."
Gallup Poll News Service56 (22e.), 15 October 1991, 1-4.<person-group>
                  <string-name xmlns:xlink="http://www.w3.org/1999/xlink">
                     <surname>Hugick</surname>
                  </string-name>
               </person-group>
               <issue>15 October</issue>
               <fpage>1</fpage>
               <volume>56</volume>
               <source>Gallup Poll News Service</source>
               <year>1991</year>
            </mixed-citation>
         </ref>
         <ref id="d1111e434a1310">
            <mixed-citation id="d1111e438" publication-type="journal">
—.1991b. "Opinion on Thomas Shifted as Hearings Progressed." Gallup Poll News
Service56 (22f.), 14 October 1991, 1-4.<person-group>
                  <string-name xmlns:xlink="http://www.w3.org/1999/xlink">
                     <surname>Hugick</surname>
                  </string-name>
               </person-group>
               <issue>14 October</issue>
               <fpage>1</fpage>
               <volume>56</volume>
               <source>Gallup Poll News Service</source>
               <year>1991</year>
            </mixed-citation>
         </ref>
         <ref id="d1111e473a1310">
            <mixed-citation id="d1111e477" publication-type="book">
McKeown, Bruce, and Dan Thomas. 1988. Q Methodology. Beverly Hills: Sage.<person-group>
                  <string-name xmlns:xlink="http://www.w3.org/1999/xlink">
                     <surname>McKeown</surname>
                  </string-name>
               </person-group>
               <source>Q Methodology</source>
               <year>1988</year>
            </mixed-citation>
         </ref>
         <ref id="d1111e499a1310">
            <mixed-citation id="d1111e503" publication-type="journal">
Mansbridge, Jane, and Katherine Tate. 1992. "Race Trumps Gender: The Thomas Nomina-
tion in the Black Community." PS: Political Science and Politics25(B):488-492.<object-id pub-id-type="doi">10.2307/419439</object-id>
               <fpage>488</fpage>
            </mixed-citation>
         </ref>
         <ref id="d1111e520a1310">
            <mixed-citation id="d1111e524" publication-type="book">
Morrison, Toni, ed. 1992. Race-ing Justice, En-gendering Power: Essays on Anita Hill,
Clarence Thomas, and the Construction of Social Reality. New York: Pantheon
Books.<person-group>
                  <string-name xmlns:xlink="http://www.w3.org/1999/xlink">
                     <surname>Morrison</surname>
                  </string-name>
               </person-group>
               <source>Race-ing Justice, En-gendering Power: Essays on Anita Hill, Clarence Thomas, and the Construction of Social Reality</source>
               <year>1992</year>
            </mixed-citation>
         </ref>
         <ref id="d1111e553a1310">
            <mixed-citation id="d1111e557" publication-type="journal">
Norment, Lynn. 1992. "Black Men, Black Women, and Sexual Harassment." Ebony, Janu-
ary1992, 120-22.<person-group>
                  <string-name xmlns:xlink="http://www.w3.org/1999/xlink">
                     <surname>Norment</surname>
                  </string-name>
               </person-group>
               <issue>January</issue>
               <fpage>120</fpage>
               <source>Ebony</source>
               <year>1992</year>
            </mixed-citation>
         </ref>
         <ref id="d1111e589a1310">
            <mixed-citation id="d1111e593" publication-type="book">
Stephenson, William. 1953. The Study of Behavior. Chicago: University of Chicago Press.<person-group>
                  <string-name xmlns:xlink="http://www.w3.org/1999/xlink">
                     <surname>Stephenson</surname>
                  </string-name>
               </person-group>
               <source>The Study of Behavior</source>
               <year>1953</year>
            </mixed-citation>
         </ref>
         <ref id="d1111e615a1310">
            <mixed-citation id="d1111e619" publication-type="journal">
—.1978. "Concourse Theory of Communication." Communication3:21-40.<person-group>
                  <string-name xmlns:xlink="http://www.w3.org/1999/xlink">
                     <surname>Stephenson</surname>
                  </string-name>
               </person-group>
               <fpage>21</fpage>
               <volume>3</volume>
               <source>Communication</source>
               <year>1978</year>
            </mixed-citation>
         </ref>
         <ref id="d1111e648a1310">
            <mixed-citation id="d1111e652" publication-type="journal">
—.1988. "Quantum Theory of Subjectivity." Integrative Psychiatry6:180-87.<person-group>
                  <string-name xmlns:xlink="http://www.w3.org/1999/xlink">
                     <surname>Stephenson</surname>
                  </string-name>
               </person-group>
               <fpage>180</fpage>
               <volume>6</volume>
               <source>Integrative Psychiatry</source>
               <year>1988</year>
            </mixed-citation>
         </ref>
         <ref id="d1111e681a1310">
            <mixed-citation id="d1111e685" publication-type="book">
Wallace, Michele. 1979. Black Macho and the Myth of the Superwoman. New York: Dial
Press.<person-group>
                  <string-name xmlns:xlink="http://www.w3.org/1999/xlink">
                     <surname>Wallace</surname>
                  </string-name>
               </person-group>
               <source>Black Macho and the Myth of the Superwoman</source>
               <year>1979</year>
            </mixed-citation>
         </ref>
         <ref id="d1111e711a1310">
            <mixed-citation id="d1111e715" publication-type="book">
—.1982. "A Black Feminist's Search for Sisterhood." In All the Blacks Are Men, All
the Women are White, but Some of Us Are Brave, ed. G. T. Hull et al. Old Westburg,
NJ: Feminist Press.<person-group>
                  <string-name xmlns:xlink="http://www.w3.org/1999/xlink">
                     <surname>Wallace</surname>
                  </string-name>
               </person-group>
               <comment content-type="section">A Black Feminist's Search for Sisterhood</comment>
               <source>All the Blacks Are Men, All the Women are White, but Some of Us Are Brave</source>
               <year>1982</year>
            </mixed-citation>
         </ref>
      </ref-list>
   </back>
</article>
