<article xmlns:xsi="http://www.w3.org/2001/XMLSchema-instance"
         xmlns:xlink="http://www.w3.org/1999/xlink"
         xmlns:mml="http://www.w3.org/1998/Math/MathML"
         dtd-version="1.0"
         article-type="research-article">
   <front>
      <journal-meta>
         <journal-id journal-id-type="jstor">amerjpoliscie</journal-id>
         <journal-id journal-id-type="jstor">j100487</journal-id>
         <journal-title-group>
            <journal-title>American Journal of Political Science</journal-title>
         </journal-title-group>
         <publisher>
            <publisher-name>University of Texas Press</publisher-name>
         </publisher>
         <issn pub-type="ppub">00925853</issn>
         <issn pub-type="epub">15405907</issn>
      </journal-meta>
      <article-meta>
         <article-id pub-id-type="doi">10.2307/2111594</article-id>
         <article-categories>
            <subj-group>
               <subject>Update</subject>
            </subj-group>
         </article-categories>
         <title-group>
            <article-title>The Impact of Personal and National Economic Conditions on Presidential Voting, 1956-1988</article-title>
         </title-group>
         <contrib-group>
            <contrib contrib-type="author">
               <string-name>
                  <given-names>Gregory B.</given-names>
                  <surname>Markus</surname>
               </string-name>
            </contrib>
         </contrib-group>
         <pub-date>
            <day>1</day>
            <month>8</month>
            <year>1992</year>
         </pub-date>
         <volume>36</volume>
         <issue>3</issue>
         <issue-id>i310488</issue-id>
         <fpage>829</fpage>
         <lpage>834</lpage>
         <page-range>829-834</page-range>
         <permissions>
            <copyright-statement>Copyright 1992 University of Texas Press</copyright-statement>
         </permissions>
         <self-uri xlink:href="http://www.jstor.org/stable/2111594"/>
         <abstract>
            <p>This report updates an earlier study that examined the effects of changes in both personal and national economic conditions on individual vote decisions and, ultimately, on election outcomes themselves. Adding data for 1988 to the 1956-84 series (and correcting some errors in one variable) reinforces the quantitative and qualitative results of the previous analysis. The findings suggest that prevailing macrolevel conditions strongly advantaged any Republican candidate over any Democratic opponent in 1988, quite apart from any effects of the campaign itself.</p>
         </abstract>
         <custom-meta-group>
            <custom-meta>
               <meta-name>lang</meta-name>
               <meta-value>eng</meta-value>
            </custom-meta>
         </custom-meta-group>
      </article-meta>
   </front>
</article>
