<article xmlns:xsi="http://www.w3.org/2001/XMLSchema-instance"
         xmlns:xlink="http://www.w3.org/1999/xlink"
         xmlns:mml="http://www.w3.org/1998/Math/MathML"
         dtd-version="1.0"
         article-type="research-article">
   <front>
      <journal-meta>
         <journal-id journal-id-type="jstor">amerjpoliscie</journal-id>
         <journal-id journal-id-type="jstor">j100487</journal-id>
         <journal-title-group>
            <journal-title>American Journal of Political Science</journal-title>
         </journal-title-group>
         <publisher>
            <publisher-name>University of Wisconsin Press</publisher-name>
         </publisher>
         <issn pub-type="ppub">00925853</issn>
         <issn pub-type="epub">15405907</issn>
      </journal-meta>
      <article-meta>
         <article-id pub-id-type="doi">10.2307/2111791</article-id>
         <title-group>
            <article-title>Decollectivization of Agriculture and the Planned Economy</article-title>
         </title-group>
         <contrib-group>
            <contrib contrib-type="author">
               <string-name>
                  <given-names>Michael S.</given-names>
                  <surname>Kochin</surname>
               </string-name>
            </contrib>
         </contrib-group>
         <pub-date>
            <day>1</day>
            <month>8</month>
            <year>1996</year>
         </pub-date>
         <volume>40</volume>
         <issue>3</issue>
         <issue-id>i310504</issue-id>
         <fpage>717</fpage>
         <lpage>739</lpage>
         <page-range>717-739</page-range>
         <permissions>
            <copyright-statement>Copyright 1996 Board of Regents of the University of Wisconsin System</copyright-statement>
         </permissions>
         <self-uri xlink:href="http://www.jstor.org/stable/2111791"/>
         <abstract>
            <p>I take a resource dependence perspective on the reform of collectivized agriculture. Collective farms resist breakup if they are dependent on resources distributed through the command economy. The state's role in the distribution of resources is explained by its relationship to the peasantry before collectivization. I use comparative case histories of Russian and Chinese agriculture. Large-scale decollectivization of agriculture will not occur in Russia as long as collective farms remain dependent on redistribution through the state apparatus. The role of collectivization in the state-building process explains why the Soviet collective farm was tied strongly to the state, while the Chinese collective farm was not.</p>
         </abstract>
         <custom-meta-group>
            <custom-meta>
               <meta-name>lang</meta-name>
               <meta-value>eng</meta-value>
            </custom-meta>
         </custom-meta-group>
      </article-meta>
   </front>
</article>
