<article xmlns:xsi="http://www.w3.org/2001/XMLSchema-instance"
         xmlns:xlink="http://www.w3.org/1999/xlink"
         xmlns:mml="http://www.w3.org/1998/Math/MathML"
         dtd-version="1.0"
         article-type="research-article">
   <front>
      <journal-meta>
         <journal-id journal-id-type="jstor">amerjpoliscie</journal-id>
         <journal-id journal-id-type="jstor">j100487</journal-id>
         <journal-title-group>
            <journal-title>American Journal of Political Science</journal-title>
         </journal-title-group>
         <publisher>
            <publisher-name>University of Wisconsin Press</publisher-name>
         </publisher>
         <issn pub-type="ppub">00925853</issn>
         <issn pub-type="epub">15405907</issn>
      </journal-meta>
      <article-meta>
         <article-id pub-id-type="doi">10.2307/2111660</article-id>
         <title-group>
            <article-title>Inspected by #1184063113: The Influence of Incumbents' Competence and Integrity in U.S. House Elections</article-title>
         </title-group>
         <contrib-group>
            <contrib contrib-type="author">
               <string-name>
                  <given-names>Carl</given-names>
                  <surname>McCurley</surname>
               </string-name>
            </contrib>
            <contrib contrib-type="author">
               <string-name>
                  <given-names>Jeffery J.</given-names>
                  <surname>Mondak</surname>
               </string-name>
            </contrib>
         </contrib-group>
         <pub-date>
            <day>1</day>
            <month>11</month>
            <year>1995</year>
         </pub-date>
         <volume>39</volume>
         <issue>4</issue>
         <issue-id>i310501</issue-id>
         <fpage>864</fpage>
         <lpage>885</lpage>
         <page-range>864-885</page-range>
         <permissions>
            <copyright-statement>Copyright 1995 Board of Regents of the University of Wisconsin System</copyright-statement>
         </permissions>
         <self-uri xlink:href="http://www.jstor.org/stable/2111660"/>
         <abstract>
            <p>We argue that voters, as principals, evaluate congressional candidates in terms of whether those candidates will act as effective agents. U.S. House incumbents' levels of competence and integrity influence both the individual-level vote choice and voters' evaluations of their representatives. Indicators of competence and integrity for representatives who entered the House between 1969 and 1981 are merged with the NES cumulative file, with data for the 1976-92 elections. The relationship between incumbent quality and electoral choice is explored in a series of OLS regression and logistic regression models. Incumbents' levels of integrity bring direct influence on both feeling thermometer scores and the vote choice. Competence exerts an indirect effect on the vote by influencing the behavior of prospective challengers.</p>
         </abstract>
         <custom-meta-group>
            <custom-meta>
               <meta-name>lang</meta-name>
               <meta-value>eng</meta-value>
            </custom-meta>
         </custom-meta-group>
      </article-meta>
   </front>
</article>
