<article xmlns:xsi="http://www.w3.org/2001/XMLSchema-instance"
         xmlns:xlink="http://www.w3.org/1999/xlink"
         xmlns:mml="http://www.w3.org/1998/Math/MathML"
         dtd-version="1.0"
         article-type="research-article">
   <front>
      <journal-meta>
         <journal-id journal-id-type="jstor">amerjpoliscie</journal-id>
         <journal-id journal-id-type="jstor">j100487</journal-id>
         <journal-title-group>
            <journal-title>American Journal of Political Science</journal-title>
         </journal-title-group>
         <publisher>
            <publisher-name>University of Wisconsin Press</publisher-name>
         </publisher>
         <issn pub-type="ppub">00925853</issn>
         <issn pub-type="epub">15405907</issn>
      </journal-meta>
      <article-meta>
         <article-id pub-id-type="doi">10.2307/2111721</article-id>
         <article-categories>
            <subj-group>
               <subject>Replications</subject>
            </subj-group>
         </article-categories>
         <title-group>
            <article-title>Lower-Class Mobilization and Policy Linkage in the U.S. States: A Correction</article-title>
         </title-group>
         <contrib-group>
            <contrib contrib-type="author">
               <string-name>
                  <given-names>Evan J.</given-names>
                  <surname>Ringquist</surname>
               </string-name>
            </contrib>
            <contrib contrib-type="author">
               <string-name>
                  <given-names>Kim Quaile</given-names>
                  <surname>Hill</surname>
               </string-name>
            </contrib>
            <contrib contrib-type="author">
               <string-name>
                  <given-names>Jan E.</given-names>
                  <surname>Leighley</surname>
               </string-name>
            </contrib>
            <contrib contrib-type="author">
               <string-name>
                  <given-names>Angela</given-names>
                  <surname>Hinton-Anderson</surname>
               </string-name>
            </contrib>
         </contrib-group>
         <pub-date>
            <day>1</day>
            <month>1</month>
            <year>1997</year>
         </pub-date>
         <volume>41</volume>
         <issue>1</issue>
         <issue-id>i310506</issue-id>
         <fpage>339</fpage>
         <lpage>344</lpage>
         <page-range>339-344</page-range>
         <permissions>
            <copyright-statement>Copyright 1997 Board of Regents of the University of Wisconsin System</copyright-statement>
         </permissions>
         <self-uri xlink:href="http://www.jstor.org/stable/2111721"/>
         <custom-meta-group>
            <custom-meta>
               <meta-name>lang</meta-name>
               <meta-value>eng</meta-value>
            </custom-meta>
         </custom-meta-group>
      </article-meta>
   </front>
</article>
