<article xmlns:xsi="http://www.w3.org/2001/XMLSchema-instance"
         xmlns:xlink="http://www.w3.org/1999/xlink"
         xmlns:mml="http://www.w3.org/1998/Math/MathML"
         dtd-version="1.0"
         article-type="research-article">
   <front>
      <journal-meta>
         <journal-id journal-id-type="jstor">amerjpoliscie</journal-id>
         <journal-id journal-id-type="jstor">j100487</journal-id>
         <journal-title-group>
            <journal-title>American Journal of Political Science</journal-title>
         </journal-title-group>
         <publisher>
            <publisher-name>University of Wisconsin Press</publisher-name>
         </publisher>
         <issn pub-type="ppub">00925853</issn>
         <issn pub-type="epub">15405907</issn>
      </journal-meta>
      <article-meta>
         <article-id pub-id-type="doi">10.2307/2111627</article-id>
         <title-group>
            <article-title>Will The Real Americans Please Stand Up: Anglo and Mexican-American Support of Core American Political Values</article-title>
         </title-group>
         <contrib-group>
            <contrib contrib-type="author">
               <string-name>
                  <given-names>Rodolfo O.</given-names>
                  <surname>de la Garza</surname>
               </string-name>
            </contrib>
            <contrib contrib-type="author">
               <string-name>
                  <given-names>Angelo</given-names>
                  <surname>Falcon</surname>
               </string-name>
            </contrib>
            <contrib contrib-type="author">
               <string-name>
                  <given-names>F. Chris</given-names>
                  <surname>Garcia</surname>
               </string-name>
            </contrib>
         </contrib-group>
         <pub-date>
            <day>1</day>
            <month>5</month>
            <year>1996</year>
         </pub-date>
         <volume>40</volume>
         <issue>2</issue>
         <issue-id>i310503</issue-id>
         <fpage>335</fpage>
         <lpage>351</lpage>
         <page-range>335-351</page-range>
         <permissions>
            <copyright-statement>Copyright 1996 Board of Regents of the University of Wisconsin System</copyright-statement>
         </permissions>
         <self-uri xlink:href="http://www.jstor.org/stable/2111627"/>
         <abstract>
            <p>Ethnic civic incorporation theory provides three hypotheses in regard to immigrants' adopting American values (i.e., incorporation). (1) Mexican-Americans will become incorporated as they acculturate regardless of ethnic consciousness. (2) Mexican-Americans will not incorporate regardless of acculturation or ethnic consciousness. (3) Greater ethnic consciousness will reduce civic incorporation. Multiple regression analysis is done on a national survey of Mexican-Americans. At all levels of acculturation, Mexican-Americans are no less likely and often more likely to endorse values of individualism and patriotism than are Anglos. This finding has implications for the current debates on immigration and efforts to discriminate against immigrants.</p>
         </abstract>
         <custom-meta-group>
            <custom-meta>
               <meta-name>lang</meta-name>
               <meta-value>eng</meta-value>
            </custom-meta>
         </custom-meta-group>
      </article-meta>
   </front>
</article>
