<article dtd-version="1.0" article-type="research-article">
   <front>
      <journal-meta>
         <journal-id xmlns:xlink="http://www.w3.org/1999/xlink" journal-id-type="jstor">amerjpoliscie</journal-id>
         <journal-id xmlns:xlink="http://www.w3.org/1999/xlink" journal-id-type="jstor">j100487</journal-id>
         <journal-title-group xmlns:xlink="http://www.w3.org/1999/xlink">
            <journal-title>American Journal of Political Science</journal-title>
         </journal-title-group>
         <publisher>
            <publisher-name>Wiley Subscription Services</publisher-name>
         </publisher>
         <issn xmlns:xlink="http://www.w3.org/1999/xlink" pub-type="ppub">00925853</issn>
         <issn xmlns:xlink="http://www.w3.org/1999/xlink" pub-type="epub">15405907</issn>
      </journal-meta>
      <article-meta>
         <article-id xmlns:xlink="http://www.w3.org/1999/xlink" pub-id-type="jstor">23024936</article-id>
         <title-group>
            <article-title>Authoritarianism, Threat, and Americans' Support for the War on Terror</article-title>
         </title-group>
         <contrib-group>
            <contrib>
               <string-name xmlns:xlink="http://www.w3.org/1999/xlink">
                  <given-names>Marc J.</given-names>
                  <surname>Hetherington</surname>
               </string-name>
            </contrib>
            <contrib>
               <string-name xmlns:xlink="http://www.w3.org/1999/xlink">
                  <given-names>Elizabeth</given-names>
                  <surname>Suhay</surname>
               </string-name>
            </contrib>
         </contrib-group>
         <pub-date xmlns:xlink="http://www.w3.org/1999/xlink">
            <day>1</day>
            <month>7</month>
            <year>2011</year>
         </pub-date>
         <volume>55</volume>
         <issue>3</issue>
         <issue-id xmlns:xlink="http://www.w3.org/1999/xlink">i23024920</issue-id>
         <fpage>546</fpage>
         <lpage>560</lpage>
         <permissions>
            <copyright-statement>© 2011 Midwest Political Science Association</copyright-statement>
         </permissions>
         <self-uri xmlns:xlink="http://www.w3.org/1999/xlink"
                   xlink:href="http://www.jstor.org/stable/23024936"/>
         <abstract>
            <p>In the years following 9/11, surveys have revealed high levels of public support for policies related to the war on terror that, many argue, contravene long-standing American ideals. Extant research would suggest that such preferences result from the activation of authoritarianism. That is, the terrorist attacks caused those predisposed toward intolerance and aggression to become even more intolerant and aggressive. However, using data from two national surveys, we find that those who score high in authoritarianism do not become more hawkish or less supportive of civil liberties in response to perceived threat from terrorism; they tend to have such preferences even in the absence of threat. Instead, those who are less authoritarian adopt more restrictive and aggressive policy stands when they perceive threat from terrorism. In other words, many average Americans become susceptible to "authoritarian thinking" when they perceive a grave threat to their safety.</p>
         </abstract>
         <custom-meta-group xmlns:xlink="http://www.w3.org/1999/xlink">
            <custom-meta>
               <meta-name>lang</meta-name>
               <meta-value>eng</meta-value>
            </custom-meta>
         </custom-meta-group>
      </article-meta>
   </front>
   <back>
      <fn-group xmlns:xlink="http://www.w3.org/1999/xlink">
         <title>[Footnotes]</title>
         <fn id="d1297e171a1310">
            <label>2</label>
            <p>
               <mixed-citation id="d1297e178" publication-type="other">
Stone, Lederer, and Christie 1992</mixed-citation>
            </p>
            <p>
               <mixed-citation id="d1297e184" publication-type="other">
Funke
(2005)</mixed-citation>
            </p>
            <p>
               <mixed-citation id="d1297e193" publication-type="other">
Duckitt et al. (2010)</mixed-citation>
            </p>
         </fn>
         <fn id="d1297e200a1310">
            <label>6</label>
            <p>
               <mixed-citation id="d1297e207" publication-type="other">
Lavine,
Lodge, and Freitas 2005</mixed-citation>
            </p>
            <p>
               <mixed-citation id="d1297e216" publication-type="other">
Lavine et al. 2002</mixed-citation>
            </p>
            <p>
               <mixed-citation id="d1297e222" publication-type="other">
Merolla and Zechmeis-
ter 2009</mixed-citation>
            </p>
            <p>
               <mixed-citation id="d1297e232" publication-type="other">
Rickert 1998</mixed-citation>
            </p>
         </fn>
         <fn id="d1297e239a1310">
            <label>7</label>
            <p>
               <mixed-citation id="d1297e246" publication-type="other">
Canetti et al. (2009)</mixed-citation>
            </p>
         </fn>
         <fn id="d1297e253a1310">
            <label>8</label>
            <p>
               <mixed-citation id="d1297e260" publication-type="other">
Stenner 2005, 50</mixed-citation>
            </p>
         </fn>
         <fn id="d1297e268a1310">
            <label>11</label>
            <p>
               <mixed-citation id="d1297e275" publication-type="other">
Vavreck and Rivers 2008</mixed-citation>
            </p>
         </fn>
         <fn id="d1297e282a1310">
            <label>12</label>
            <p>
               <mixed-citation id="d1297e289" publication-type="other">
Feldman (2003)</mixed-citation>
            </p>
         </fn>
      </fn-group>
      <ref-list>
         <title>References</title>
         <ref id="d1297e305a1310">
            <mixed-citation id="d1297e309" publication-type="other">
Adorno, T. W., Else Frenkel-Brunswik, Daniel J. Levinson, and
R. Nevitt Sanford. 1950. The Authoritarian Personality. New
York: Harper &amp; Brothers.</mixed-citation>
         </ref>
         <ref id="d1297e322a1310">
            <mixed-citation id="d1297e326" publication-type="other">
Altemeyer, Bob. 1981. Right-Wing Authoritarianism. Winnipeg,
Manitoba, Canada: University of Manitoba Press.</mixed-citation>
         </ref>
         <ref id="d1297e336a1310">
            <mixed-citation id="d1297e340" publication-type="other">
Altemeyer, Bob. 1988. Enemies of Freedom: Understanding
Right-Wing Authoritarianism. San Francisco: Jossey-Bass.</mixed-citation>
         </ref>
         <ref id="d1297e350a1310">
            <mixed-citation id="d1297e354" publication-type="other">
Altemeyer, Bob. 1996. The Authoritarian Specter. Cambridge,
MA: Harvard University Press.</mixed-citation>
         </ref>
         <ref id="d1297e365a1310">
            <mixed-citation id="d1297e369" publication-type="other">
Berinsky, Adam J. 2009. In Time of War: Understanding Amer-
ican Public Opinion from World War II to Iraq. Chicago:
University of Chicago Press.</mixed-citation>
         </ref>
         <ref id="d1297e382a1310">
            <mixed-citation id="d1297e386" publication-type="other">
Bonanno, George A., and John T. Jost. 2006. "Conservative
Shift among High-Exposure Survivors of the September 11&lt;sup&gt;th&lt;/sup&gt;
Terrorist Attacks." Basic and Applied Social Psychology 28(4):
311-23.</mixed-citation>
         </ref>
         <ref id="d1297e402a1310">
            <mixed-citation id="d1297e406" publication-type="other">
Brown, Roger. 1965. Social Psychology. New York: Free Press.</mixed-citation>
         </ref>
         <ref id="d1297e413a1310">
            <mixed-citation id="d1297e417" publication-type="other">
Canetti, Daphna, Eran Halperin, Stevan E. Hobfoll, and Oren
Shapira. 2009. "Authoritarianism, Perceived Threat, and Ex-
clusionism on the Eve of the Disengagement: Evidence from
Gaza." International Journal of Intercultural Relations 33:
463-74.</mixed-citation>
         </ref>
         <ref id="d1297e436a1310">
            <mixed-citation id="d1297e440" publication-type="other">
Christie, Richard. 1954. "Authoritarianism Re-examined." In
Studies in the Scope and Method of "The Authoritarian Per-
sonality," ed. Richard Christie and Marie Jahoda. Glencoe,
IL: Free Press, 123-96.</mixed-citation>
         </ref>
         <ref id="d1297e456a1310">
            <mixed-citation id="d1297e460" publication-type="other">
Cohrs, J. Christopher, Sven Kielmann, Jiirgen Maes, and Bar-
bara Moschner. 2005. "Effects of Right-Wing Authoritari-
anism and Threat from Terrorism on Restriction of Civil
Liberties." Analyses of Social Issues and Public Policy 5(1):
263-76.</mixed-citation>
         </ref>
         <ref id="d1297e480a1310">
            <mixed-citation id="d1297e484" publication-type="other">
Dallago, Francesca, and Michele Roccato. 2010. "Right-
Wing Authoritarianism, Big Five and Perceived Threat
to Safety." European Journal of Personality 24: 106-
22.</mixed-citation>
         </ref>
         <ref id="d1297e500a1310">
            <mixed-citation id="d1297e506" publication-type="other">
Davis, Darren W„ and Brian D. Silver. 2004. "Civil Liberties
vs. Security: Public Opinion in the Context of the Terrorist
Attacks on America." American Journal of Political Science
48(Jan.): 28-46.</mixed-citation>
         </ref>
         <ref id="d1297e522a1310">
            <mixed-citation id="d1297e526" publication-type="other">
Doty, Richard M., Bill E. Peterson, and David G. Winter.
1991. "Threat and Authoritarianism in the United States,
1978-1987." Journal of Personality and Social Psychology 61
(4): 629-40.</mixed-citation>
         </ref>
         <ref id="d1297e542a1310">
            <mixed-citation id="d1297e546" publication-type="other">
Dow, Jay K. 1999. "Voter Choice in the 1995 French Presidential
Election." Political Behavior 21: 305-24.</mixed-citation>
         </ref>
         <ref id="d1297e556a1310">
            <mixed-citation id="d1297e560" publication-type="other">
Duckitt, John. 2001. "A Dual-Process Cognitive-Motivational
Theory of Ideology and Prejudice." Advances in Experimental
Social Psychology 33: 41-113.</mixed-citation>
         </ref>
         <ref id="d1297e573a1310">
            <mixed-citation id="d1297e577" publication-type="other">
Duckitt, John, Boris Bizumic, Stephen W. Krauss, and
Edna Heled. 2010. "A Tripartite Approach to Right-Wing
Authoritarianism: The Authoritarianism-Conservatism-
Traditionalism Model." Political Psychology 31(5): 685-715.</mixed-citation>
         </ref>
         <ref id="d1297e594a1310">
            <mixed-citation id="d1297e598" publication-type="other">
Eckhardt, William, and Allen G. Newcombe. 1969. "Militarism,
Personality, and Other Social Attitudes." Journal of Conflict
Resolution 13: 210-19.</mixed-citation>
         </ref>
         <ref id="d1297e611a1310">
            <mixed-citation id="d1297e615" publication-type="other">
Evans, Gary W., and Michelle A. Schamberg. 2009. "Child-
hood Poverty, Chronic Stress, and Adult Working Mem-
ory." Proceedings of the National Academy of Sci-
ences. published online before print March 30, 2009,
doi:10.1073/pnas.0811910106.</mixed-citation>
         </ref>
         <ref id="d1297e634a1310">
            <mixed-citation id="d1297e638" publication-type="other">
Feldman, Stanley. 2003. "Enforcing Social Conformity: A The-
ory of Authoritarianism." Political Psychology 24(1): 41-74.</mixed-citation>
         </ref>
         <ref id="d1297e648a1310">
            <mixed-citation id="d1297e652" publication-type="other">
Feldman, Stanley, and Karen Stenner. 1997. "Perceived
Threat and Authoritarianism." Political Psychology 18(Dec.):
741-70.</mixed-citation>
         </ref>
         <ref id="d1297e665a1310">
            <mixed-citation id="d1297e669" publication-type="other">
Funke, Friedrich. 2005. "The Dimensionality of Right-Wing
Authoritarianism: Lessons from the Dilemma between The-
ory and Measurement." Political Psychology 26 (April):
195-218.</mixed-citation>
         </ref>
         <ref id="d1297e685a1310">
            <mixed-citation id="d1297e689" publication-type="other">
Greenberg, Jeff, Tom Pyszczynski, and Sheldon Solomon. 1986.
"The Causes and Consequences of the Need for Self-Esteem:
A Terror Management Theory." In Public Self and Pri-
vate Self, ed. R. F. Baumeister. New York: Springer-Verlag,
189-207.</mixed-citation>
         </ref>
         <ref id="d1297e709a1310">
            <mixed-citation id="d1297e713" publication-type="other">
Hamm, Alfons O. 1997. "Fear and the Startle Reflex: Blink
Modulation and Autonomic Response Patterns in Animal
and Mutilation Fearful Subjects." Psychophysiology 34(1):
97-107.</mixed-citation>
         </ref>
         <ref id="d1297e729a1310">
            <mixed-citation id="d1297e733" publication-type="other">
Holsti, Ole R. 2004. Public Opinion and American Foreign Policy.
Rev. ed. Ann Arbor: University of Michigan Press.</mixed-citation>
         </ref>
         <ref id="d1297e743a1310">
            <mixed-citation id="d1297e747" publication-type="other">
Huddy, Leonie, Stanley Feldman, Charles Taber, and Gallya
Lahav. 2005. "Threat, Anxiety, and Support of Antiterror-
ism Policies." American Journal of Political Science 49 duly):
593-608.</mixed-citation>
         </ref>
         <ref id="d1297e763a1310">
            <mixed-citation id="d1297e767" publication-type="other">
Hyman, Herbert H., and Paul B. Sheatsley. 1954. "'The Author-
itarian Personality': A Methodological Critique." In Studies
in the Scope and Method of "The Authoritarian Personality,"
ed. Richard Christie and Marie Jahoda. Glencoe, IL: Free
Press, 50-122.</mixed-citation>
         </ref>
         <ref id="d1297e786a1310">
            <mixed-citation id="d1297e790" publication-type="other">
lost, John T., Jack Glaser, Arie W. Kruglanski, and Frank J.
Sulloway. 2003. "Political Conservatism as Motivated Social
Cognition." Psychological Bulletin 129(3): 339-75.</mixed-citation>
         </ref>
         <ref id="d1297e803a1310">
            <mixed-citation id="d1297e809" publication-type="other">
lost, lohn T., Brett W. Pelham, Oliver Sheldon, and Bil-
ian Ni Sullivan. 2003. "Social Inequality and the Re-
duction of Ideological Dissonance on Behalf of the Sys-
tem: Evidence of Enhanced System Justification among the
Disadvantaged." European Journal of Social Psychology 33(1):
13-36.</mixed-citation>
         </ref>
         <ref id="d1297e833a1310">
            <mixed-citation id="d1297e837" publication-type="other">
Kam, Cindy D., and Donald R. Kinder. 2007. "Terror and Eth-
nocentrism: Foundations of American Support for the War
on Terrorism." Journal of Politics 69 (May): 320-38.</mixed-citation>
         </ref>
         <ref id="d1297e850a1310">
            <mixed-citation id="d1297e854" publication-type="other">
Landau, Mark J., Sheldon Solomon, Jeff Greenberg, Florette
Cohen, Tom Pyszczynski, Jamie Arndt, Claude H. Miller,
Daniel M. Ogilvie, and Alison Cook. 2004. "Deliver Us from
Evil: The Effects of Mortality Salience and Reminders of 9/11
on Support for President George W. Bush." Personality and
Social Psychology Bulletin 30 (Sept.): 1136-50.</mixed-citation>
         </ref>
         <ref id="d1297e877a1310">
            <mixed-citation id="d1297e881" publication-type="other">
Lavine, Howard, Milton Lodge, and Kate Freitas. 2005. "Threat,
Authoritarianism, and Selective Exposure to Information."
Political Psychology 26(2): 219^14.</mixed-citation>
         </ref>
         <ref id="d1297e894a1310">
            <mixed-citation id="d1297e898" publication-type="other">
Lavine, Howard, Milton Lodge, James Polichak, and Charles
Taber. 2002. "Explicating the Black Box through Experi-
mentation: Studies of Authoritarianism and Threat." Politi-
cal Analysis 10(4): 343-61.</mixed-citation>
         </ref>
         <ref id="d1297e914a1310">
            <mixed-citation id="d1297e918" publication-type="other">
Lazarus, Richard S. 1991. Emotion &amp; Adaptation. New York:
Oxford University Press.</mixed-citation>
         </ref>
         <ref id="d1297e928a1310">
            <mixed-citation id="d1297e932" publication-type="other">
LeDoux, Joseph. 1996. The Emotional Brain: The Mysterious
Underpinnings of Emotional Life. New York: Touchstone.</mixed-citation>
         </ref>
         <ref id="d1297e943a1310">
            <mixed-citation id="d1297e947" publication-type="other">
Lipset, Seymour Martin. 1959. "Democracy and Working-Class
Authoritarianism." American Sociological Review 24 (Aug.):
482-501.</mixed-citation>
         </ref>
         <ref id="d1297e960a1310">
            <mixed-citation id="d1297e964" publication-type="other">
Lupia, Arthur, and Jesse O. Menning. 2009. "When Can Politi-
cians Scare Citizens into Supporting Bad Policies?" American
Journal of Political Science 53 (Jan.): 90-106.</mixed-citation>
         </ref>
         <ref id="d1297e977a1310">
            <mixed-citation id="d1297e981" publication-type="other">
Marcus, George E., John L. Sullivan, Elizabeth Theiss-Morse,
and Sandra L. Wood. 1995. With Malice Toward Some: How
People Make Civil Liberties Judgments. New York: Cambridge
University Press.</mixed-citation>
         </ref>
         <ref id="d1297e997a1310">
            <mixed-citation id="d1297e1001" publication-type="other">
McCann, Stewart J. H. 1997. "Threatening Times, 'Strong'
Presidential Popular Vote Winners, and the Victory Mar-
gin, 1824-1964." Journal of Personality and Social Psychology
73(1): 160-70.</mixed-citation>
         </ref>
         <ref id="d1297e1017a1310">
            <mixed-citation id="d1297e1021" publication-type="other">
McClosky, Herbert. 1964. "Consensus and Ideology in Amer-
ican Politics." American Political Science Review 58 (June):
361-82.</mixed-citation>
         </ref>
         <ref id="d1297e1034a1310">
            <mixed-citation id="d1297e1038" publication-type="other">
McClosky, Herbert, and Alida Brill. 1983. Dimensions of Tol-
erance: What Americans Believe about Civil Liberties. New
York: Russell Sage Foundation.</mixed-citation>
         </ref>
         <ref id="d1297e1052a1310">
            <mixed-citation id="d1297e1056" publication-type="other">
McFarland, Sam, and Melissa Mathews. 2005. "Who Cares
about Human Rights?" Political Psychology 26 (June):
365-85.</mixed-citation>
         </ref>
         <ref id="d1297e1069a1310">
            <mixed-citation id="d1297e1073" publication-type="other">
Meloen, Jos D. 1993. "The F Scale as a Predictor of Fascism:
An Overview of 40 Years of Authoritarianism Research." In
Strength and Weakness: The Authoritarian Personality Today,
ed. William F. Stone, Gerda Lederer, and Richard Christie.
New York: Springer-Verlag, 47-69.</mixed-citation>
         </ref>
         <ref id="d1297e1092a1310">
            <mixed-citation id="d1297e1096" publication-type="other">
Meloen, Jos D„ Gert Van der Linden, and Hans De Witte. 1996.
"A Test of the Approaches of Adorno et al., Lederer and Alte-
meyer of Authoritarianism in Belgian Flanders: A Research
Note." Political Psychology 17 (Dec.): 643-56.</mixed-citation>
         </ref>
         <ref id="d1297e1112a1310">
            <mixed-citation id="d1297e1116" publication-type="other">
Merolla, Jennifer, and Elizabeth Zechmeister. 2009. Democracy
at Risk: How Terrorist Threats Affect the Public. Chicago:
University of Chicago Press.</mixed-citation>
         </ref>
         <ref id="d1297e1129a1310">
            <mixed-citation id="d1297e1133" publication-type="other">
Mudde, Cas. 2007. Populist Radical Right Parties in Europe. New
York: Cambridge University Press.</mixed-citation>
         </ref>
         <ref id="d1297e1143a1310">
            <mixed-citation id="d1297e1147" publication-type="other">
Mueller, John E. 1988. "Trends in Political Tolerance." Public
Opinion Quarterly 52(1): 1-25.</mixed-citation>
         </ref>
         <ref id="d1297e1158a1310">
            <mixed-citation id="d1297e1162" publication-type="other">
Napier, Jaime L., and John T. Jost. 2009. "The 'Antidemo-
cratic Personality' Revisited: A Cross-National Investigation
of Working-Class Authoritarianism." Journal of Social Issues
64(3): 595-617.</mixed-citation>
         </ref>
         <ref id="d1297e1178a1310">
            <mixed-citation id="d1297e1182" publication-type="other">
Oesterreich, Detlef. 2005. "Flight into Security: A New Ap-
proach and Measure of the Authoritarian Personality." Po-
litical Psychology 26(2): 275-97.</mixed-citation>
         </ref>
         <ref id="d1297e1195a1310">
            <mixed-citation id="d1297e1199" publication-type="other">
Page, Benjamin I., and Robert Y. Shapiro. 1983. "Effects of
Public Opinion on Policy." American Political Science Review
77 (March): 175-90.</mixed-citation>
         </ref>
         <ref id="d1297e1212a1310">
            <mixed-citation id="d1297e1216" publication-type="other">
Page, Benjamin I., and Robert Y. Shapiro. 1992. The Rational
Public: Fifty Years of Trends in Americans' Policy Preferences.
Chicago: University of Chicago Press.</mixed-citation>
         </ref>
         <ref id="d1297e1229a1310">
            <mixed-citation id="d1297e1233" publication-type="other">
Prothro, James W., and Charles M. Grigg. 1960. "Fundamental
Principles of Democracy: Bases of Agreement and Disagree-
ment." Journal of Politics 22 (May): 276-94.</mixed-citation>
         </ref>
         <ref id="d1297e1246a1310">
            <mixed-citation id="d1297e1250" publication-type="other">
Rickert, Edward J. 1998. "Authoritarianism and Economic
Threat: Implications for Political Behavior." Political Psy-
chology 19 (Dec.): 707-20.</mixed-citation>
         </ref>
         <ref id="d1297e1264a1310">
            <mixed-citation id="d1297e1268" publication-type="other">
Sales, Stephen M. 1973. "Threat as a Factor in Authoritarianism:
An Analysis of Archival Data." Journal of Personality and
Social Psychology 28(1): 44-57.</mixed-citation>
         </ref>
         <ref id="d1297e1281a1310">
            <mixed-citation id="d1297e1285" publication-type="other">
Smith, Kevin B., Douglas Oxley, Matthew V. Hibbing, John
R. Alford, and John R. Hibbing. 2009. "Fear and Loathing
in Attitude Formation: The Physiological Basis of Politics."
Working paper. University of Nebraska-Lincoln.</mixed-citation>
         </ref>
         <ref id="d1297e1301a1310">
            <mixed-citation id="d1297e1305" publication-type="other">
Sniderman, Paul M., Louk Hagendoorn, and Markus Prior.
2004. "Predispositional Factors and Situational Triggers: Ex-
clusionary Reactions to Immigrant Minorities." American
Political Science Review 98: 35-50.</mixed-citation>
         </ref>
         <ref id="d1297e1321a1310">
            <mixed-citation id="d1297e1325" publication-type="other">
Stellmacher, Jost, and Thomas Petzel. 2005. "Authoritarianism
as a Group Phenomenon." Political Psychology 26 (April):
245-74.</mixed-citation>
         </ref>
         <ref id="d1297e1338a1310">
            <mixed-citation id="d1297e1342" publication-type="other">
Stenner, Karen. 2005. The Authoritarian Dynamic. New York:
Cambridge University Press.</mixed-citation>
         </ref>
         <ref id="d1297e1352a1310">
            <mixed-citation id="d1297e1356" publication-type="other">
Stone, William F., Gerda Lederer, and Richard Christie. 1992.
"Introduction: Strength and Weakness." In Strength and
Weakness: The Authoritarian Personality Today, ed. William
F. Stone, Gerda Lederer, and Richard Christie. New York:
Springer-Verlag, 3-21.</mixed-citation>
         </ref>
         <ref id="d1297e1376a1310">
            <mixed-citation id="d1297e1380" publication-type="other">
Stouffer, Samuel. 1955. Communism, Conformity, and Civil Lib-
erties. New York: Doubleday.</mixed-citation>
         </ref>
         <ref id="d1297e1390a1310">
            <mixed-citation id="d1297e1394" publication-type="other">
Sullivan, John L., James Piereson, and George E. Marcus. 1982.
Political Tolerance and American Democracy. Chicago: Uni-
versity of Chicago Press.</mixed-citation>
         </ref>
         <ref id="d1297e1407a1310">
            <mixed-citation id="d1297e1411" publication-type="other">
Tibon, Shira, and Herbert H. Blumberg. 1999. "Authoritar-
ianism and Political Socialization in the Context of the
Arab-Israeli Conflict." Political Psychology 20 (Sept.): 581—
91.</mixed-citation>
         </ref>
         <ref id="d1297e1427a1310">
            <mixed-citation id="d1297e1431" publication-type="other">
Van Hiel, Alain, and Barbara De Clercq. 2009. "Authoritari-
anism Is Good for You: Right-Wing Authoritarianism as a
Buffering Factor for Mental Distress." European Journal of
Personality 23: 33-50.</mixed-citation>
         </ref>
         <ref id="d1297e1447a1310">
            <mixed-citation id="d1297e1451" publication-type="other">
Vavreck, Lynn, and Douglas Rivers. 2008. "The 2006
Cooperative Congressional Election Study." Journal of
Elections, Public Opinion &amp; Parties 18 (Nov.): 355-
66.</mixed-citation>
         </ref>
         <ref id="d1297e1467a1310">
            <mixed-citation id="d1297e1471" publication-type="other">
Wilier, Robb. 2004. "The Effects of Government-Issued Terror
Warnings on Presidential Approval Ratings." Current Re-
search in Social Psychology 10(1): 1-12.</mixed-citation>
         </ref>
         <ref id="d1297e1485a1310">
            <mixed-citation id="d1297e1489" publication-type="other">
Winter, David G. 1996. Personality: Analysis and Interpretation
of Lives. New York: McGraw-Hill.</mixed-citation>
         </ref>
      </ref-list>
   </back>
</article>
