<article dtd-version="1.0" article-type="research-article">
   <front>
      <journal-meta>
         <journal-id xmlns:xlink="http://www.w3.org/1999/xlink" journal-id-type="jstor">amerjpoliscie</journal-id>
         <journal-id xmlns:xlink="http://www.w3.org/1999/xlink" journal-id-type="jstor">j100487</journal-id>
         <journal-title-group xmlns:xlink="http://www.w3.org/1999/xlink">
            <journal-title>American Journal of Political Science</journal-title>
         </journal-title-group>
         <publisher>
            <publisher-name>Wiley Subscription Services</publisher-name>
         </publisher>
         <issn xmlns:xlink="http://www.w3.org/1999/xlink" pub-type="ppub">00925853</issn>
         <issn xmlns:xlink="http://www.w3.org/1999/xlink" pub-type="epub">15405907</issn>
      </journal-meta>
      <article-meta>
         <article-id xmlns:xlink="http://www.w3.org/1999/xlink" pub-id-type="jstor">23024933</article-id>
         <title-group>
            <article-title>Electoral Incentives and Partisan Conflict in Congress: Evidence from Survey Experiments</article-title>
         </title-group>
         <contrib-group>
            <contrib>
               <string-name xmlns:xlink="http://www.w3.org/1999/xlink">
                  <given-names>Laurel</given-names>
                  <surname>Harbridge</surname>
               </string-name>
            </contrib>
            <contrib>
               <string-name xmlns:xlink="http://www.w3.org/1999/xlink">
                  <given-names>Neil</given-names>
                  <surname>Malhotra</surname>
               </string-name>
            </contrib>
         </contrib-group>
         <pub-date xmlns:xlink="http://www.w3.org/1999/xlink">
            <day>1</day>
            <month>7</month>
            <year>2011</year>
         </pub-date>
         <volume>55</volume>
         <issue>3</issue>
         <issue-id xmlns:xlink="http://www.w3.org/1999/xlink">i23024920</issue-id>
         <fpage>494</fpage>
         <lpage>510</lpage>
         <permissions>
            <copyright-statement>© 2011 Midwest Political Science Association</copyright-statement>
         </permissions>
         <self-uri xmlns:xlink="http://www.w3.org/1999/xlink"
                   xlink:href="http://www.jstor.org/stable/23024933"/>
         <abstract>
            <p>Does partisan conflict damage citizens' perceptions of Congress? If so, why has polarization increased in Congress since the 1970s? To address these questions, we unpack the "electoral connection" by exploring the mass public's attitudes toward partisan conflict via two survey experiments in which we manipulated characteristics of members and Congress. We find that party conflict reduces confidence in Congress among citizens across the partisan spectrum. However, there exists heterogeneity by strength of party identification with respect to evaluations of members. Independents and weak partisans are more supportive of members who espouse a bipartisan image, whereas strong partisans are less supportive. People with strong attachments to a political party disavow conflict in the aggregate but approve of individual members behaving in a partisan manner. This pattern helps us understand why members in safely partisan districts engage in partisan conflict even though partisanship damages the collective reputation of the institution.</p>
         </abstract>
         <custom-meta-group xmlns:xlink="http://www.w3.org/1999/xlink">
            <custom-meta>
               <meta-name>lang</meta-name>
               <meta-value>eng</meta-value>
            </custom-meta>
         </custom-meta-group>
      </article-meta>
   </front>
   <back>
      <fn-group xmlns:xlink="http://www.w3.org/1999/xlink">
         <title>[Footnotes]</title>
         <fn id="d1276e187a1310">
            <label>3</label>
            <p>
               <mixed-citation id="d1276e194" publication-type="other">
Ramirez (2009)</mixed-citation>
            </p>
         </fn>
         <fn id="d1276e201a1310">
            <label>5</label>
            <p>
               <mixed-citation id="d1276e208" publication-type="other">
Kessler and Krehbiel (1996)</mixed-citation>
            </p>
            <p>
               <mixed-citation id="d1276e214" publication-type="other">
Harbridge 2009</mixed-citation>
            </p>
            <p>
               <mixed-citation id="d1276e220" publication-type="other">
Theriault 2008b</mixed-citation>
            </p>
         </fn>
         <fn id="d1276e227a1310">
            <label>6</label>
            <p>
               <mixed-citation id="d1276e236" publication-type="other">
Fowler (2006).</mixed-citation>
            </p>
         </fn>
         <fn id="d1276e243a1310">
            <label>7</label>
            <p>
               <mixed-citation id="d1276e250" publication-type="other">
Canes-Wrone, Brady, and Cogan (2002)</mixed-citation>
            </p>
            <p>
               <mixed-citation id="d1276e256" publication-type="other">
Leven-
dusky, Pope, and Jackman (2008)</mixed-citation>
            </p>
         </fn>
         <fn id="d1276e267a1310">
            <label>8</label>
            <p>
               <mixed-citation id="d1276e274" publication-type="other">
Baumgartner and
Jones 2000</mixed-citation>
            </p>
            <p>
               <mixed-citation id="d1276e283" publication-type="other">
Rohde's dataset of House roll-call votes (2004)</mixed-citation>
            </p>
         </fn>
         <fn id="d1276e290a1310">
            <label>9</label>
            <p>
               <mixed-citation id="d1276e297" publication-type="other">
Adler and Wilkerson
2008</mixed-citation>
            </p>
            <p>
               <mixed-citation id="d1276e306" publication-type="other">
Inter-university Consortium for Political and Social Re-
search (1997)</mixed-citation>
            </p>
            <p>
               <mixed-citation id="d1276e315" publication-type="other">
Volden and Wiseman (2009)</mixed-citation>
            </p>
         </fn>
         <fn id="d1276e322a1310">
            <label>14</label>
            <p>
               <mixed-citation id="d1276e329" publication-type="other">
Transue, Lee, and Aldrich's (2009)</mixed-citation>
            </p>
         </fn>
         <fn id="d1276e336a1310">
            <label>17</label>
            <p>
               <mixed-citation id="d1276e343" publication-type="other">
Gaines, Kuklinski, and Quirk (2007)</mixed-citation>
            </p>
         </fn>
         <fn id="d1276e350a1310">
            <label>18</label>
            <p>
               <mixed-citation id="d1276e357" publication-type="other">
Freedman (2008a</mixed-citation>
            </p>
            <p>
               <mixed-citation id="d1276e363" publication-type="other">
2008b)</mixed-citation>
            </p>
            <p>
               <mixed-citation id="d1276e369" publication-type="other">
Green (2009)</mixed-citation>
            </p>
         </fn>
      </fn-group>
      <ref-list>
         <title>References</title>
         <ref id="d1276e385a1310">
            <mixed-citation id="d1276e389" publication-type="other">
Adler, E. Scott, and John Wilkerson. 2008. "Congressional Bills
Project: 1973-2002." NSF 00880066 and 00880061.</mixed-citation>
         </ref>
         <ref id="d1276e399a1310">
            <mixed-citation id="d1276e403" publication-type="other">
Aldrich, John H. 1995. Why Parties? The Origin and Transfor-
mation of Party Politics in America. Chicago: University of
Chicago Press.</mixed-citation>
         </ref>
         <ref id="d1276e416a1310">
            <mixed-citation id="d1276e420" publication-type="other">
Aldrich, John H., Mark M. Berger, and David W. Rohde. 2002.
"The Historical Variability in Conditional Party Govern-
ment, 1877-1994." In Party, Process, and Political Change in
Congress, ed. D. W. Brady and M. D. McCubbins. Stanford,
CA: Stanford University Press, 17-35.</mixed-citation>
         </ref>
         <ref id="d1276e439a1310">
            <mixed-citation id="d1276e443" publication-type="other">
Ansolabehere, Stephen. 2009. Cooperative Congressional Elec-
tion Study, 2008: Common Content (Data Release 1)
[Computer File]. MIT 2008 [cited February 2, 2009].
Available from http: //web.mit.edu/polisci/portl/cces/team
content.html.</mixed-citation>
         </ref>
         <ref id="d1276e463a1310">
            <mixed-citation id="d1276e467" publication-type="other">
Ansolabehere, Stephen, James M. Snyder, and Charles Stewart
III. 2001. "Candidate Positioning in U.S. House Elections."
American Journal of Political Science 45(1): 136-59.</mixed-citation>
         </ref>
         <ref id="d1276e480a1310">
            <mixed-citation id="d1276e484" publication-type="other">
Baumgartner, Frank R., and Bryan D. Jones. 2000. "Congres-
sional Roll Call Votes." Policy Agendas Project with the sup-
port of National Science Foundation grant number SBR
9320922.</mixed-citation>
         </ref>
         <ref id="d1276e500a1310">
            <mixed-citation id="d1276e504" publication-type="other">
Bond, Jon R., and Richard Fleisher. 1990. The President in the
Legislative Arena. Chicago: University of Chicago Press.</mixed-citation>
         </ref>
         <ref id="d1276e514a1310">
            <mixed-citation id="d1276e518" publication-type="other">
Born, Richard. 1990. "The Shared Fortunes of Congress and
Congressment: Members May Run from Congress, But They
Can't Hide." Journal of Politics 52(4): 1223-41.</mixed-citation>
         </ref>
         <ref id="d1276e531a1310">
            <mixed-citation id="d1276e535" publication-type="other">
Brady, David W., Hahrie Han, and Jeremy C. Pope. 2007. "Pri-
mary Elections and Candidate Ideology: Out-of-Step with
the Primary Electorate?" Legislative Studies Quarterly 32(1):
79-105.</mixed-citation>
         </ref>
         <ref id="d1276e551a1310">
            <mixed-citation id="d1276e555" publication-type="other">
Cain, Bruce E., John Ferejohn, and Morris P. Fiorina. 1987. The
Personal Vote. Cambridge, MA: Harvard University Press.</mixed-citation>
         </ref>
         <ref id="d1276e566a1310">
            <mixed-citation id="d1276e570" publication-type="other">
Campbell, Angus, Phillip E. Converse, Warren E. Miller, and
Donald E. Stokes. 1960. The American Voter. New York:
Wiley.</mixed-citation>
         </ref>
         <ref id="d1276e583a1310">
            <mixed-citation id="d1276e587" publication-type="other">
Campbell, James E. 1982. "Cosponsoring Legislation in the U.S.
Congress." Legislative Studies Quarterly 7(3): 415-22.</mixed-citation>
         </ref>
         <ref id="d1276e597a1310">
            <mixed-citation id="d1276e601" publication-type="other">
Canes-Wrone, Brandice, David W. Brady, and John F. Cogan.
2002. "Out of Step, Out of Office: Electoral Accountability
and House Members' Voting." American Political Science
Review 96(1): 127-40.</mixed-citation>
         </ref>
         <ref id="d1276e617a1310">
            <mixed-citation id="d1276e621" publication-type="other">
Carson, Jamie L., Gregory Koger, Matthew J. Lebo, and Ev-
erett Young. 2010. "The Electoral Costs of Party Loyalty
in Congress." American Journal of Political Science 54(3):
598-616.</mixed-citation>
         </ref>
         <ref id="d1276e637a1310">
            <mixed-citation id="d1276e641" publication-type="other">
Cox, Gary, and Jonathan N. Katz. 2002. Elbridge Gerry's Sala-
mander: The Electoral Consequences of the Reapportionment
Revolution. Cambridge, MA: Cambridge University Press.</mixed-citation>
         </ref>
         <ref id="d1276e654a1310">
            <mixed-citation id="d1276e658" publication-type="other">
Cox, Gary, and Mathew D. McCubbins. 1993. Legislative
Leviathan. Berkeley: University of California Press.</mixed-citation>
         </ref>
         <ref id="d1276e669a1310">
            <mixed-citation id="d1276e673" publication-type="other">
Cox, Gary, and Mathew D. McCubbins. 2005. Setting the
Agenda: Responsible Party Government in the U.S. House of
Representatives. New York: Cambridge University Press.</mixed-citation>
         </ref>
         <ref id="d1276e686a1310">
            <mixed-citation id="d1276e690" publication-type="other">
Crisp, Brian E, Kristin Kanthak, and Jenny Leijonhufvud. 2004.
"The Reputations Legislators Build: With Whom Should
Representatives Collaborate?" American Political Science Re-
view 98(4): 703-16.</mixed-citation>
         </ref>
         <ref id="d1276e706a1310">
            <mixed-citation id="d1276e710" publication-type="other">
Downs, Anthony. 1957. An Economic Theory of Democracy.
Boston: Addison-Wesley.</mixed-citation>
         </ref>
         <ref id="d1276e720a1310">
            <mixed-citation id="d1276e724" publication-type="other">
Durr, Robert H., Andrew D. Martin, and Christina Wolbrecht.
1997. "Explaining Congressional Approval." American Jour-
nal of Political Science 41(1): 175-207.</mixed-citation>
         </ref>
         <ref id="d1276e737a1310">
            <mixed-citation id="d1276e741" publication-type="other">
Erikson, Robert S. 1978. "Constituency Opinion and Con-
gressional Behavior: A Reexamination of the Miller-Stokes
Representation Data." American Journal of Political Science
22(3): 511-35.</mixed-citation>
         </ref>
         <ref id="d1276e757a1310">
            <mixed-citation id="d1276e761" publication-type="other">
Erikson, Robert S., and Gerald C. Wright, Jr. 1980. "Policy
Representation of Constituency Interests." Political Behavior
2(1): 91-106.</mixed-citation>
         </ref>
         <ref id="d1276e775a1310">
            <mixed-citation id="d1276e779" publication-type="other">
Fenno, Richard F., Jr. 1975. "If, as Ralph Nader Says, Congress
Is 'The Broken Branch,' How Come We Love Our Congress-
men So Much?" In Congress in Change: Evolution and Reform,
ed. N. J. Ornstein. New York: Praeger, 277-87.</mixed-citation>
         </ref>
         <ref id="d1276e795a1310">
            <mixed-citation id="d1276e799" publication-type="other">
Fenno, Richard F., Jr. 1978. Home Style: Home Members in Their
Districts. Boston: Little, Brown.</mixed-citation>
         </ref>
         <ref id="d1276e809a1310">
            <mixed-citation id="d1276e813" publication-type="other">
Fiorina, Morris P. 1999. "Whatever Happened to the Median
Voter?" Paper prepared for the MIT Conference on Parties
and Congress, Cambridge, MA.</mixed-citation>
         </ref>
         <ref id="d1276e826a1310">
            <mixed-citation id="d1276e830" publication-type="other">
Fiorina, Morris P., and Matthew S. Levendusky. 2006. "Discon-
nected: The Political Class versus the People." In Red and
Blue Nation? Characteristics and Causes of America's Polar-
ized Politics, ed. P. S. Nivola and D. W. Brady. Washington,
DC: Brookings Institution Press, 49-71.</mixed-citation>
         </ref>
         <ref id="d1276e849a1310">
            <mixed-citation id="d1276e853" publication-type="other">
Fowler, James. 2006. "Connecting the Congress: A Study of
Cosponsorship Networks." Political Analysis 14(4): 456-
87.</mixed-citation>
         </ref>
         <ref id="d1276e866a1310">
            <mixed-citation id="d1276e870" publication-type="other">
Freedman, David A. 2008a. "On Regression Adjustments in
Experiments with Several Treatments." Annals of Applied
Statistics 2(1): 176-96.</mixed-citation>
         </ref>
         <ref id="d1276e884a1310">
            <mixed-citation id="d1276e888" publication-type="other">
Freedman, David A. 2008b. "On Regression Adjustments to
Experimental Data." Advances in Applied Mathematics 40(2):
180-93.</mixed-citation>
         </ref>
         <ref id="d1276e901a1310">
            <mixed-citation id="d1276e907" publication-type="other">
Gaines, Brian J., James H. Kuklinski, and Paul J. Quirk. 2007.
"The Logic of the Survey Experiment Reexamined." Political
Analysis 15(1): 1-20.</mixed-citation>
         </ref>
         <ref id="d1276e920a1310">
            <mixed-citation id="d1276e924" publication-type="other">
Geer, John. 1988. "Assessing the Representativeness of
Electorates in Presidential Primaries." American Journal of
Political Science 32(4): 929-45.</mixed-citation>
         </ref>
         <ref id="d1276e937a1310">
            <mixed-citation id="d1276e941" publication-type="other">
Green, Donald P. 2009. "Regression Adjustments to Experimen-
tal Data: Do David Freedman's Concerns Apply to Political
Science?" In SSRN Working Paper No. 1466886.</mixed-citation>
         </ref>
         <ref id="d1276e954a1310">
            <mixed-citation id="d1276e958" publication-type="other">
Grofman, Bernard N. 1993. Information, Participation, and
Choice: An Economic Theory of Democracy in Perspective.
New York: University of Michigan Press.</mixed-citation>
         </ref>
         <ref id="d1276e971a1310">
            <mixed-citation id="d1276e975" publication-type="other">
Grynaviski, Jeffrey D. 2010. Partisan Bonds. New York: Cam-
bridge University Press.</mixed-citation>
         </ref>
         <ref id="d1276e986a1310">
            <mixed-citation id="d1276e990" publication-type="other">
Han, Hahrie, and David W. Brady. 2007. "A Delayed Return
to Historical Norms: Congressional Party Polarization after
the Second World War." British Journal of Political Science
37(3): 505-31.</mixed-citation>
         </ref>
         <ref id="d1276e1006a1310">
            <mixed-citation id="d1276e1010" publication-type="other">
Harbridge, Laurel. 2009. "Bipartisanship in a Polarized
Congress." PhD dissertation, Stanford University.</mixed-citation>
         </ref>
         <ref id="d1276e1020a1310">
            <mixed-citation id="d1276e1024" publication-type="other">
Hetherington, Marc J., and Suzanne Globetti. 2002. "Political
Trust and Racial Policy Preferences." American Journal of
Political Science 46(2): 253-75.</mixed-citation>
         </ref>
         <ref id="d1276e1037a1310">
            <mixed-citation id="d1276e1041" publication-type="other">
Hibbing, John R., and Elizabeth Theiss-Morse. 2001. "Process
Preferences and American Politics: What the People Want
Government to Be." American Political Science Review 95(1):
145-53.</mixed-citation>
         </ref>
         <ref id="d1276e1057a1310">
            <mixed-citation id="d1276e1061" publication-type="other">
Hibbing, John R., and Elizabeth Theiss-Morse. 1995. Congress
as Public Enemy: Public Attitudes Toward American Political
Institutions. New York: Cambridge University Press.</mixed-citation>
         </ref>
         <ref id="d1276e1074a1310">
            <mixed-citation id="d1276e1078" publication-type="other">
Inter-university Consortium for Political and Social Research,
and Carroll McKibbin. 1997. "Roster of United States Con-
gressional Officeholders and Biographical Characteristics of
Members of the United States Congress, 1789-1996: Merged
Data [Computer File] (Study #7803)." 10th ICPSR ed. Ann
Arbor, MI.</mixed-citation>
         </ref>
         <ref id="d1276e1102a1310">
            <mixed-citation id="d1276e1106" publication-type="other">
Jacobson, Gary. 2004. The Politics of Congressional Elections. 6th
ed. New York: Longman.</mixed-citation>
         </ref>
         <ref id="d1276e1116a1310">
            <mixed-citation id="d1276e1120" publication-type="other">
Jones, David R. 2010. "Partisan Polarization and Congressional
Accountability in House Elections." American Journal of Po-
litical Science 54(2): 323-37.</mixed-citation>
         </ref>
         <ref id="d1276e1133a1310">
            <mixed-citation id="d1276e1137" publication-type="other">
Kanthak, Kristin, and Brian F. Crisp. 2005. "Partisans, Collabo-
rators, Loners and Compromisers: Cosponsorship Patterns
as a Means of Challenger Deterrence." Paper presented at the
annual meeting of the Midwest Political Science Association.</mixed-citation>
         </ref>
         <ref id="d1276e1153a1310">
            <mixed-citation id="d1276e1157" publication-type="other">
Kessler, Daniel, and Keith Krehbiel. 1996. "Dynamics of
Cosponsorship." American Political Science Review 90(3):
555-66.</mixed-citation>
         </ref>
         <ref id="d1276e1170a1310">
            <mixed-citation id="d1276e1174" publication-type="other">
Kimball, David C. 2005. "Priming Partisan Evaluations of
Congress." Legislative Studies Quarterly 30(1): 63-84.</mixed-citation>
         </ref>
         <ref id="d1276e1184a1310">
            <mixed-citation id="d1276e1188" publication-type="other">
Kimball, David C., and Samuel C. Patterson. 1997. "Living Up
to Expectations: Public Attitudes Toward Congress." Journal
of Politics 59(3): 701-28.</mixed-citation>
         </ref>
         <ref id="d1276e1202a1310">
            <mixed-citation id="d1276e1206" publication-type="other">
Krehbiel, Keith. 1995. "Cosponsors and Wafflers from A to Z."
American Journal of Political Science 39(4): 906-23.</mixed-citation>
         </ref>
         <ref id="d1276e1216a1310">
            <mixed-citation id="d1276e1220" publication-type="other">
Lebo, Matthew J., Adam J. McGlynn, and Gregory Koger. 2007.
"Strategic Party Government: Party Influence in Congress,
1789-2000." American Journal of Political Science 51(3):
464-81.</mixed-citation>
         </ref>
         <ref id="d1276e1236a1310">
            <mixed-citation id="d1276e1240" publication-type="other">
Levendusky, Matthew S., Jeremy C. Pope, and Simon D. Jack-
man. 2008. "Measuring District-Level Partisanship with Im-
plications for the Analysis of U.S. Elections." Journal of Pol-
itics 70(3): 736-53.</mixed-citation>
         </ref>
         <ref id="d1276e1256a1310">
            <mixed-citation id="d1276e1260" publication-type="other">
Mayhew, David R. 1974. Congress: The Electoral Connection.
New Haven, CT: Yale University Press.</mixed-citation>
         </ref>
         <ref id="d1276e1270a1310">
            <mixed-citation id="d1276e1274" publication-type="other">
McCarty, Nolan, Keith T. Poole, and Howard Rosenthal. 2006.
Polarized America: The Dance of Ideology and Unequal Riches.
Cambridge: Massachusetts Institute of Technology Press.</mixed-citation>
         </ref>
         <ref id="d1276e1287a1310">
            <mixed-citation id="d1276e1291" publication-type="other">
McClosky, Herbert. 1964. "Consensus and Ideology in Amer-
ican Politics." American Political Science Review 58(2):
361-82.</mixed-citation>
         </ref>
         <ref id="d1276e1305a1310">
            <mixed-citation id="d1276e1309" publication-type="other">
Miller, Warren R., and Donald E. Stokes. 1963. "Constituency
Influence in Congress." American Political Science Review
57(1): 45-56.</mixed-citation>
         </ref>
         <ref id="d1276e1322a1310">
            <mixed-citation id="d1276e1326" publication-type="other">
Mutz, Diana, and Gregory M. Flemming. 1999. "How Good
People Make Bad Collectives." In Congress and the Decline
of Public Trust, ed. J. Cooper. Boulder, CO: Westview Press,
80-95.</mixed-citation>
         </ref>
         <ref id="d1276e1342a1310">
            <mixed-citation id="d1276e1346" publication-type="other">
Norrander, Barbara. 1989. "Ideological Representativeness of
Presidential Primary Voters." American Journal of Political
Science 33(3): 570-87.</mixed-citation>
         </ref>
         <ref id="d1276e1359a1310">
            <mixed-citation id="d1276e1363" publication-type="other">
Parker, Glenn R., and Roger H. Davidson. 1979. "Why Do Amer-
ican Love Their Congressmen So Much More Than Their
Congress?" Legislative Studies Quarterly 4(1): 53-61.</mixed-citation>
         </ref>
         <ref id="d1276e1376a1310">
            <mixed-citation id="d1276e1380" publication-type="other">
Patty, John W. 2008. "Equilibrium Party Government." Ameri-
can Journal of Political Science 52(3): 636-55.</mixed-citation>
         </ref>
         <ref id="d1276e1390a1310">
            <mixed-citation id="d1276e1394" publication-type="other">
Poole, Keith T., and Howard Rosenthal. 1997. Congress: A
Political-Economic History of Roll Call Voting. New York:
Oxford University Press.</mixed-citation>
         </ref>
         <ref id="d1276e1408a1310">
            <mixed-citation id="d1276e1412" publication-type="other">
Prothro, James W., and Charles M. Grigg. 1960. "Fundamental
Principles of Democracy: Bases of Agreement and Disagree-
ment." Journal of Politics 22(2): 276-94.</mixed-citation>
         </ref>
         <ref id="d1276e1425a1310">
            <mixed-citation id="d1276e1429" publication-type="other">
Rahn, Wendy M. 1993. "The Role of Partisan Stereotypes in In-
formation Processing about Political Candidates." American
Journal of Political Science 37(2): 472-96.</mixed-citation>
         </ref>
         <ref id="d1276e1442a1310">
            <mixed-citation id="d1276e1446" publication-type="other">
Ramirez, Mark D. 2009. "The Dynamics of Partisan Conflict
on Congressional Approval." American Journal of Political
Science 53(3): 681-94.</mixed-citation>
         </ref>
         <ref id="d1276e1459a1310">
            <mixed-citation id="d1276e1463" publication-type="other">
Roberts, Jason, and Steven Smith. 2003. "Procedural Contexts,
Party Strategy, and Conditional Voting in the U.S. House of
Representatives, 1971-2000." American Journal of Political
Science 47(2): 305-17.</mixed-citation>
         </ref>
         <ref id="d1276e1479a1310">
            <mixed-citation id="d1276e1483" publication-type="other">
Rohde, David W. 1991. Parties and Leaders in the Post-Reform
House. Chicago: University of Chicago Press.</mixed-citation>
         </ref>
         <ref id="d1276e1493a1310">
            <mixed-citation id="d1276e1497" publication-type="other">
Rohde, David W. 2004. "Roll Call Data for the United States
House of Representatives, 1953-2004." East Lansing, MI:
Compiled by the Political Institutions and Public Choice
Program, Michigan State University.</mixed-citation>
         </ref>
         <ref id="d1276e1514a1310">
            <mixed-citation id="d1276e1518" publication-type="other">
Smith, Gordon. 2008. Truth 2008 [cited June 30, 2008], Avail-
able from http://www.gordonsmith.com/.</mixed-citation>
         </ref>
         <ref id="d1276e1528a1310">
            <mixed-citation id="d1276e1532" publication-type="other">
Smith, Steven S. 2007. Party Influence in Congress. New York:
Cambridge University Press.</mixed-citation>
         </ref>
         <ref id="d1276e1542a1310">
            <mixed-citation id="d1276e1546" publication-type="other">
Stonecash, Jeffrey M., Mark D. Brewer, and Mack D. Mariani.
2002. Diverging Parties: Realignment, Social Change, and Po-
litical Polarization. Boulder, CO: Westview Press.</mixed-citation>
         </ref>
         <ref id="d1276e1559a1310">
            <mixed-citation id="d1276e1563" publication-type="other">
Theriault, Sean M. 2008a. Party Polarization in Congress. New
York: Cambridge University Press.</mixed-citation>
         </ref>
         <ref id="d1276e1573a1310">
            <mixed-citation id="d1276e1577" publication-type="other">
Theriault, Sean M. 2008b. "The Procedurally Polarized
Congress." Paper presented at the annual meeting of the
American Political Science Association, Boston.</mixed-citation>
         </ref>
         <ref id="d1276e1590a1310">
            <mixed-citation id="d1276e1594" publication-type="other">
Transue, John E., Daniel J. Lee, and John H. Aldrich. 2009.
"Treatment Spillover Effects across Survey Experiments."
Political Analysis 17(2): 143-61.</mixed-citation>
         </ref>
         <ref id="d1276e1608a1310">
            <mixed-citation id="d1276e1612" publication-type="other">
Volden, Craig, and Alan E. Wiseman. 2009. "Legislative Effec-
tiveness in Congress." Ohio State University. Unpublished
manuscript.</mixed-citation>
         </ref>
         <ref id="d1276e1625a1310">
            <mixed-citation id="d1276e1629" publication-type="other">
Wattenberg, Martin P., and Craig Leonard Brians. 1999. "Neg-
ative Campaign Advertising: Demobilizer or Mobilizer?"
American Political Science Review 93(4): 891-9.</mixed-citation>
         </ref>
      </ref-list>
   </back>
</article>
