<article dtd-version="1.0" article-type="research-article">
   <front>
      <journal-meta>
         <journal-id xmlns:xlink="http://www.w3.org/1999/xlink" journal-id-type="jstor">amerjpoliscie</journal-id>
         <journal-id xmlns:xlink="http://www.w3.org/1999/xlink" journal-id-type="jstor">j100487</journal-id>
         <journal-title-group xmlns:xlink="http://www.w3.org/1999/xlink">
            <journal-title>American Journal of Political Science</journal-title>
         </journal-title-group>
         <publisher>
            <publisher-name>Wiley Subscription Services</publisher-name>
         </publisher>
         <issn xmlns:xlink="http://www.w3.org/1999/xlink" pub-type="ppub">00925853</issn>
         <issn xmlns:xlink="http://www.w3.org/1999/xlink" pub-type="epub">15405907</issn>
      </journal-meta>
      <article-meta>
         <article-id xmlns:xlink="http://www.w3.org/1999/xlink" pub-id-type="jstor">23025061</article-id>
         <title-group>
            <article-title>Manipulation and Single-Peakedness: A General Result</article-title>
         </title-group>
         <contrib-group>
            <contrib>
               <string-name xmlns:xlink="http://www.w3.org/1999/xlink">
                  <given-names>Elizabeth Maggie</given-names>
                  <surname>Penn</surname>
               </string-name>
            </contrib>
            <contrib>
               <string-name xmlns:xlink="http://www.w3.org/1999/xlink">
                  <given-names>John W.</given-names>
                  <surname>Patty</surname>
               </string-name>
            </contrib>
            <contrib>
               <string-name xmlns:xlink="http://www.w3.org/1999/xlink">
                  <given-names>Sean</given-names>
                  <surname>Gailmard</surname>
               </string-name>
            </contrib>
         </contrib-group>
         <pub-date xmlns:xlink="http://www.w3.org/1999/xlink">
            <day>1</day>
            <month>4</month>
            <year>2011</year>
         </pub-date>
         <volume>55</volume>
         <issue>2</issue>
         <issue-id xmlns:xlink="http://www.w3.org/1999/xlink">i23024871</issue-id>
         <fpage>436</fpage>
         <lpage>449</lpage>
         <permissions>
            <copyright-statement>© 2011 Midwest Political Science Association</copyright-statement>
         </permissions>
         <self-uri xmlns:xlink="http://www.w3.org/1999/xlink"
                   xlink:href="http://www.jstor.org/stable/23025061"/>
         <abstract>
            <p>This article considers environments in which individual preferences are single-peaked with respect to an unspecified, but unidimensional, ordering of the alternative space. We show that in these environments, any institution that is coalitionally strategy-proof must be dictatorial. Thus, any nondictatorial institutional environment that does not explicitly utilize an a priori ordering over alternatives in order to render a collective decision is necessarily prone to the strategic misrepresentation of preferences by an individual or a group. Moreover, we prove in this environment that for any nondictatorial institution, the truthful revelation of preferences can never be a dominant strategy equilibrium. Accordingly, an incentive to behave insincerely is inherent to the vast majority of real-world lawmaking systems, even when the policy space is unidimensional and the core is nonempty.</p>
         </abstract>
         <custom-meta-group xmlns:xlink="http://www.w3.org/1999/xlink">
            <custom-meta>
               <meta-name>lang</meta-name>
               <meta-value>eng</meta-value>
            </custom-meta>
         </custom-meta-group>
      </article-meta>
   </front>
   <back>
      <fn-group xmlns:xlink="http://www.w3.org/1999/xlink">
         <title>[Footnotes]</title>
         <fn id="d1344e156a1310">
            <label>1</label>
            <p>
               <mixed-citation id="d1344e163" publication-type="other">
Young 1995</mixed-citation>
            </p>
         </fn>
         <fn id="d1344e170a1310">
            <label>2</label>
            <p>
               <mixed-citation id="d1344e177" publication-type="other">
Gibbard (1973)</mixed-citation>
            </p>
            <p>
               <mixed-citation id="d1344e183" publication-type="other">
Satterthwaite (1975).</mixed-citation>
            </p>
         </fn>
         <fn id="d1344e190a1310">
            <label>3</label>
            <p>
               <mixed-citation id="d1344e197" publication-type="other">
Arrow (1963).</mixed-citation>
            </p>
         </fn>
         <fn id="d1344e204a1310">
            <label>4</label>
            <p>
               <mixed-citation id="d1344e211" publication-type="other">
Mackie (2003)</mixed-citation>
            </p>
            <p>
               <mixed-citation id="d1344e217" publication-type="other">
McGann (2006)</mixed-citation>
            </p>
         </fn>
         <fn id="d1344e225a1310">
            <label>5</label>
            <p>
               <mixed-citation id="d1344e232" publication-type="other">
Black (1948).</mixed-citation>
            </p>
         </fn>
         <fn id="d1344e239a1310">
            <label>6</label>
            <p>
               <mixed-citation id="d1344e246" publication-type="other">
Romer and Rosenthal (1979)</mixed-citation>
            </p>
            <p>
               <mixed-citation id="d1344e252" publication-type="other">
Denzau
and Mackay (1983)</mixed-citation>
            </p>
            <p>
               <mixed-citation id="d1344e261" publication-type="other">
Austen-Smith and Banks (1988)</mixed-citation>
            </p>
            <p>
               <mixed-citation id="d1344e268" publication-type="other">
Gilligan and
Krehbiel (1989</mixed-citation>
            </p>
            <p>
               <mixed-citation id="d1344e277" publication-type="other">
1990</mixed-citation>
            </p>
            <p>
               <mixed-citation id="d1344e283" publication-type="other">
Krehbiel (1991</mixed-citation>
            </p>
            <p>
               <mixed-citation id="d1344e289" publication-type="other">
1998</mixed-citation>
            </p>
            <p>
               <mixed-citation id="d1344e295" publication-type="other">
Rohde (1991)</mixed-citation>
            </p>
            <p>
               <mixed-citation id="d1344e301" publication-type="other">
Cox
and McCubbins (1993</mixed-citation>
            </p>
            <p>
               <mixed-citation id="d1344e311" publication-type="other">
2005</mixed-citation>
            </p>
            <p>
               <mixed-citation id="d1344e317" publication-type="other">
Epstein and O'Halloran (1999)</mixed-citation>
            </p>
            <p>
               <mixed-citation id="d1344e323" publication-type="other">
Groseclose and McCarty (2001).</mixed-citation>
            </p>
         </fn>
         <fn id="d1344e330a1310">
            <label>7</label>
            <p>
               <mixed-citation id="d1344e337" publication-type="other">
Miller (1977)</mixed-citation>
            </p>
            <p>
               <mixed-citation id="d1344e343" publication-type="other">
Dowding and Van Hees
(2007)</mixed-citation>
            </p>
         </fn>
         <fn id="d1344e353a1310">
            <label>8</label>
            <p>
               <mixed-citation id="d1344e360" publication-type="other">
Blin and Sat-
terthwaite (1976)</mixed-citation>
            </p>
         </fn>
         <fn id="d1344e370a1310">
            <label>9</label>
            <p>
               <mixed-citation id="d1344e377" publication-type="other">
Riker (1980, 438).</mixed-citation>
            </p>
         </fn>
         <fn id="d1344e384a1310">
            <label>11</label>
            <p>
               <mixed-citation id="d1344e391" publication-type="other">
Sen (1966)</mixed-citation>
            </p>
            <p>
               <mixed-citation id="d1344e397" publication-type="other">
Sen and Pattanaik (1969)</mixed-citation>
            </p>
         </fn>
         <fn id="d1344e405a1310">
            <label>12</label>
            <p>
               <mixed-citation id="d1344e414" publication-type="other">
Moulin (1980)</mixed-citation>
            </p>
            <p>
               <mixed-citation id="d1344e420" publication-type="other">
Border and Jordan (1983)</mixed-citation>
            </p>
            <p>
               <mixed-citation id="d1344e427" publication-type="other">
Austen-Smith and Banks (2004, 41,
Theorem 2.4).</mixed-citation>
            </p>
         </fn>
         <fn id="d1344e437a1310">
            <label>21</label>
            <p>
               <mixed-citation id="d1344e444" publication-type="other">
Denzau,
Rikev, and Shepsle (1985)</mixed-citation>
            </p>
            <p>
               <mixed-citation id="d1344e453" publication-type="other">
Austen-Smith (1987)</mixed-citation>
            </p>
         </fn>
         <fn id="d1344e460a1310">
            <label>22</label>
            <p>
               <mixed-citation id="d1344e467" publication-type="other">
Knight and Johnson (1994)</mixed-citation>
            </p>
            <p>
               <mixed-citation id="d1344e473" publication-type="other">
Miller 1992</mixed-citation>
            </p>
         </fn>
         <fn id="d1344e480a1310">
            <label>23</label>
            <p>
               <mixed-citation id="d1344e487" publication-type="other">
Mansbridge (1983)</mixed-citation>
            </p>
            <p>
               <mixed-citation id="d1344e493" publication-type="other">
Goodin (1986)</mixed-citation>
            </p>
            <p>
               <mixed-citation id="d1344e499" publication-type="other">
Miller
(1992).</mixed-citation>
            </p>
            <p>
               <mixed-citation id="d1344e509" publication-type="other">
Radcliff (1993)</mixed-citation>
            </p>
            <p>
               <mixed-citation id="d1344e515" publication-type="other">
Farrar et al. (2010).</mixed-citation>
            </p>
         </fn>
         <fn id="d1344e522a1310">
            <label>24</label>
            <p>
               <mixed-citation id="d1344e529" publication-type="other">
Dryzek and List (2003)</mixed-citation>
            </p>
            <p>
               <mixed-citation id="d1344e535" publication-type="other">
Grofman and Feld (1988)</mixed-citation>
            </p>
            <p>
               <mixed-citation id="d1344e541" publication-type="other">
Miller (1992)</mixed-citation>
            </p>
            <p>
               <mixed-citation id="d1344e548" publication-type="other">
Mackie (2003)</mixed-citation>
            </p>
         </fn>
         <fn id="d1344e555a1310">
            <label>25</label>
            <p>
               <mixed-citation id="d1344e562" publication-type="other">
Mackie (2003,156,192).</mixed-citation>
            </p>
         </fn>
      </fn-group>
      <ref-list>
         <title>References</title>
         <ref id="d1344e578a1310">
            <mixed-citation id="d1344e582" publication-type="other">
Arrow, Kenneth J. 1963. Social Choice and Individual Values.
2nd ed. New York: John Wiley and Sons.</mixed-citation>
         </ref>
         <ref id="d1344e592a1310">
            <mixed-citation id="d1344e596" publication-type="other">
Austen-Smith, David. 1987. "Sophisticated Sincerity: Voting
Over Endogenous Agendas." American Political Science Re-
view 81(4): 1323-30.</mixed-citation>
         </ref>
         <ref id="d1344e609a1310">
            <mixed-citation id="d1344e613" publication-type="other">
Austen-Smith, David, and Jeffrey Banks. 1988. "Elections,
Coalitions, and Legislative Outcomes." American Political
Science Review 82(2): 405-22.</mixed-citation>
         </ref>
         <ref id="d1344e626a1310">
            <mixed-citation id="d1344e630" publication-type="other">
Austen-Smith, David, and Jeffrey S. Banks. 1999. Positive Polit-
ical Theory I: Collective Preference. Ann Arbor: University of
Michigan Press.</mixed-citation>
         </ref>
         <ref id="d1344e644a1310">
            <mixed-citation id="d1344e648" publication-type="other">
Austen-Smith, David, and Jeffrey S. Banks. 2004. Positive Polit-
ical Theory II: Strategy &amp; Structure. Ann Arbor: University
of Michigan Press.</mixed-citation>
         </ref>
         <ref id="d1344e661a1310">
            <mixed-citation id="d1344e665" publication-type="other">
Ballester, Miguel A., and Guillaume Haeringer. 2011. "A Char-
acterization of the Single-Peaked Domain." Social Choice
and Welfare 36(2): 305-22.</mixed-citation>
         </ref>
         <ref id="d1344e678a1310">
            <mixed-citation id="d1344e682" publication-type="other">
Black, Duncan. 1948. "On the Rationale of Group Decision-
making." Journal of Political Economy 56(1): 23-34.</mixed-citation>
         </ref>
         <ref id="d1344e692a1310">
            <mixed-citation id="d1344e696" publication-type="other">
Blin, Jean-Marie, and M. A. Satterthwaite. 1976. "Strategy-
proofness and Single-peakedness." Public Choice 26(1):
51-58.</mixed-citation>
         </ref>
         <ref id="d1344e709a1310">
            <mixed-citation id="d1344e713" publication-type="other">
Border, Kim C., and J. S. Jordan. 1983. "Straightforward Elec-
tions, Unanimity and Phantom Voters." The Review of Eco-
nomic Studies 50(1): 153-70.</mixed-citation>
         </ref>
         <ref id="d1344e726a1310">
            <mixed-citation id="d1344e730" publication-type="other">
Cohen, Joshua. 1989. "Deliberation and Democratic Legiti-
macy." In The Good Polity, ed. Alan Hamlin and Philip Pettit.
Oxford: Blackwell, 17-34.</mixed-citation>
         </ref>
         <ref id="d1344e744a1310">
            <mixed-citation id="d1344e748" publication-type="other">
Cox, Gary W., and Mathew D. McCubbins. 1993. Legislative
Leviathan: Party Government in the House. Berkeley: Uni-
versity of California Press.</mixed-citation>
         </ref>
         <ref id="d1344e761a1310">
            <mixed-citation id="d1344e765" publication-type="other">
Cox, Gary W., and Mathew D. McCubbins. 2005. Setting the
Agenda: Responsible Party Government in the U.S. House of
Representatives. Berkeley: University of California Press.</mixed-citation>
         </ref>
         <ref id="d1344e778a1310">
            <mixed-citation id="d1344e782" publication-type="other">
Denzau, Arthur, William Riker, and Kenneth Shepsle. 1985.
"Farquharson and Fenno: Sophisticated Voting and Home
Style." American Political Science Review 79(4): 1117—
34.</mixed-citation>
         </ref>
         <ref id="d1344e798a1310">
            <mixed-citation id="d1344e802" publication-type="other">
Denzau, Arthur T., and Robert J. Mackay. 1983. "Gatekeeping
and Monopoly Power of Committees: An Analysis of Sincere
and Sophisticated Behavior." American Journal of Political
Science 27(4): 740-61.</mixed-citation>
         </ref>
         <ref id="d1344e818a1310">
            <mixed-citation id="d1344e822" publication-type="other">
Dowding, Keith, and Martin Van Hees. 2007. "In Praise of Ma-
nipulation." British Journal of Political Science 38(1): 1-15.</mixed-citation>
         </ref>
         <ref id="d1344e832a1310">
            <mixed-citation id="d1344e836" publication-type="other">
Dryzek, John S., and Christian List. 2003. "Social Choice The-
ory and Deliberative Democracy: A Reconciliation." British
Journal of Political Science 33(1): 1-28.</mixed-citation>
         </ref>
         <ref id="d1344e850a1310">
            <mixed-citation id="d1344e854" publication-type="other">
Epstein, David, and Sharyn O'Halloran. 1999. Delegating Pow-
ers: A Transaction Cost Politics Approach to Policy Making un-
der Separate Powers. New York: Cambridge University Press.</mixed-citation>
         </ref>
         <ref id="d1344e867a1310">
            <mixed-citation id="d1344e871" publication-type="other">
Estlund, David. 1997. "Beyond Fairness and Deliberation: The
Epistemic Dimension of Democratic Authority." In Deliber-
ative Democracy, ed. J. Bohman and W. Rehg. Cambridge,
MA: MIT Press, 173-204.</mixed-citation>
         </ref>
         <ref id="d1344e887a1310">
            <mixed-citation id="d1344e891" publication-type="other">
Estlund, David M., Jeremy Waldron, Bernard Grofman, and
Scott L. Feld. 1989. "Democratic Theory and the Public
Interest: Condorcet and Rousseau Revisited." American Po-
litical Science Review 83(4): 1317-40.</mixed-citation>
         </ref>
         <ref id="d1344e907a1310">
            <mixed-citation id="d1344e911" publication-type="other">
Farrar, Cynthia, James S. Fishkin, Donald P. Green, Chris-
tian List, Robert C. Luskin, and Elizabeth Levy Paluck.
2010. "Disaggregating Deliberation's Effects: An Experiment
within a Deliberative Poll." British Journal of Political Science
40(2): 333—47.</mixed-citation>
         </ref>
         <ref id="d1344e930a1310">
            <mixed-citation id="d1344e934" publication-type="other">
Feld, Scott L., and Bernard Grofman. 1988. "Ideological Con-
sistency as a Collective Phenomenon." American Political
Science Review 82(3): 773-88.</mixed-citation>
         </ref>
         <ref id="d1344e947a1310">
            <mixed-citation id="d1344e951" publication-type="other">
Gailmard, Sean, John W. Patty, and Elizabeth Maggie Penn.
2008. "Arrow's Theorem on Single-Peaked Domains." In The
Political Economy of Democracy, ed. Enriquetta Aragones,
Humberto Llavador, and Norman Schofield. Barcelona:
UAB, 335-42.</mixed-citation>
         </ref>
         <ref id="d1344e971a1310">
            <mixed-citation id="d1344e975" publication-type="other">
Gibbard, Allan. 1973. "Manipulation ofVoting Schemes: A Gen-
eral Result." Econometrica 41(4): 587-601.</mixed-citation>
         </ref>
         <ref id="d1344e985a1310">
            <mixed-citation id="d1344e989" publication-type="other">
Gilligan, Thomas, and Keith Krehbiel. 1989. "Asymmetric In-
formation and Legislative Rules with a Heterogeneous Com-
mittee." American Journal of Political Science 33(2): 295-314.</mixed-citation>
         </ref>
         <ref id="d1344e1002a1310">
            <mixed-citation id="d1344e1006" publication-type="other">
Gilligan, Thomas, and Keith Krehbiel. 1990. "Organization of
Informative Committees by a Rational Legislature." Ameri-
can Journal of Political Science 34(2): 531-64.</mixed-citation>
         </ref>
         <ref id="d1344e1019a1310">
            <mixed-citation id="d1344e1023" publication-type="other">
Goodin, Robert E. 1986. "Laundering Preferences." In Foun-
dations of Social Choice Theory, ed. Jon Elster and Aanund
Hylland. Cambridge: Cambridge University Press, 75-102.</mixed-citation>
         </ref>
         <ref id="d1344e1036a1310">
            <mixed-citation id="d1344e1040" publication-type="other">
Grofman, Bernard, and Scott L. Feld. 1988. "Rousseau's General
Will: A Condorcetian Perspective." American Political Science
Review 82(2): 567-76.</mixed-citation>
         </ref>
         <ref id="d1344e1053a1310">
            <mixed-citation id="d1344e1057" publication-type="other">
Groseclose, Tim, and Nolan McCarty. 2001. "The Politics of
Blame: Bargaining before an Audience." American Journal of
Political Science 45(1): 100-119.</mixed-citation>
         </ref>
         <ref id="d1344e1071a1310">
            <mixed-citation id="d1344e1075" publication-type="other">
Knight, Jack, and James Johnson. 1994. "Aggregation and De-
liberation: On the Possibility of Democratic Legitimacy."
Political Theory 22(2): 277-96.</mixed-citation>
         </ref>
         <ref id="d1344e1088a1310">
            <mixed-citation id="d1344e1092" publication-type="other">
Krehbiel, Keith. 1991. Information and Legislative Organization.
Ann Arbor: University of Michigan Press.</mixed-citation>
         </ref>
         <ref id="d1344e1102a1310">
            <mixed-citation id="d1344e1106" publication-type="other">
Krehbiel, Keith. 1998. Pivotal Politics: A Theory of U.S. Lawmak-
ing. Chicago: University of Chicago Press.</mixed-citation>
         </ref>
         <ref id="d1344e1116a1310">
            <mixed-citation id="d1344e1120" publication-type="other">
Mackie, Gerry. 2003. Democracy Defended. New York: Cam-
bridge University Press.</mixed-citation>
         </ref>
         <ref id="d1344e1130a1310">
            <mixed-citation id="d1344e1134" publication-type="other">
Manin, Bernard. 1987. "On Legitimacy and Political Delibera-
tion." Political Theory 15(3): 338-68.</mixed-citation>
         </ref>
         <ref id="d1344e1144a1310">
            <mixed-citation id="d1344e1148" publication-type="other">
Mansbridge, Jane J. 1983. Beyond Adversary Democracy.
Chicago: University of Chicago Press.</mixed-citation>
         </ref>
         <ref id="d1344e1159a1310">
            <mixed-citation id="d1344e1163" publication-type="other">
McGann, Anthony J. 2006. The Logic of Democracy: Reconciling
Equality, Deliberation, and Minority Protection. Ann Arbor:
University of Michigan Press.</mixed-citation>
         </ref>
         <ref id="d1344e1176a1310">
            <mixed-citation id="d1344e1180" publication-type="other">
McKelvey, Richard. 1976. "Intransitivities in Multidimensional
Voting Models and Some Implications for Agenda Control."
Journal of Economic Theory 12(3): 472-84.</mixed-citation>
         </ref>
         <ref id="d1344e1193a1310">
            <mixed-citation id="d1344e1197" publication-type="other">
Miller, David. 1992. "Deliberative Democracy and Social
Choice." Political Studies 40(5): 54-67.</mixed-citation>
         </ref>
         <ref id="d1344e1207a1310">
            <mixed-citation id="d1344e1211" publication-type="other">
Miller, Nicholas R. 1977. "Graph-Theoretical Approaches to
the Theory of Voting." American Journal of Political Science
21(4): 769-803.</mixed-citation>
         </ref>
         <ref id="d1344e1224a1310">
            <mixed-citation id="d1344e1228" publication-type="other">
Moulin, Herve. 1980. "On Strategy-Proofness and Single
Peakedness." Public Choice 35(4): 437-55.</mixed-citation>
         </ref>
         <ref id="d1344e1238a1310">
            <mixed-citation id="d1344e1242" publication-type="other">
Mouw, Calvin J., and Michael B. Mackuen. 1992. "The Strategic
Agenda in Legislative Politics." American Political Science
Review 86(1): 87-105.</mixed-citation>
         </ref>
         <ref id="d1344e1256a1310">
            <mixed-citation id="d1344e1260" publication-type="other">
Radcliff, Benjamin. 1993. "The Structure of Voter Preferences."
The Journal of Politics 55(3): 714-19.</mixed-citation>
         </ref>
         <ref id="d1344e1270a1310">
            <mixed-citation id="d1344e1274" publication-type="other">
Riker, W.H. 1992. "The Justification of Bicameralism." Interna-
tional Political Science Review/Revue internationale de science
politique 13(1): 101-16.</mixed-citation>
         </ref>
         <ref id="d1344e1287a1310">
            <mixed-citation id="d1344e1291" publication-type="other">
Riker, William. 1980. "Implications from the Disequilibrium
of Majority Rule for the Study of Institutions." American
Political Science Review 74(2): 432-46.</mixed-citation>
         </ref>
         <ref id="d1344e1304a1310">
            <mixed-citation id="d1344e1308" publication-type="other">
Riker, William H. 1982. Liberalism Against Populism. San Fran-
cisco: W. H. Freeman.</mixed-citation>
         </ref>
         <ref id="d1344e1318a1310">
            <mixed-citation id="d1344e1322" publication-type="other">
Rohde, David W. 1991. Parties and Leaders in the Postreform
House. Chicago: University of Chicago Press.</mixed-citation>
         </ref>
         <ref id="d1344e1332a1310">
            <mixed-citation id="d1344e1336" publication-type="other">
Romer, Thomas, and Howard Rosenthal. 1979. "Bureaucrats
vs. Voters: On Political Economy of Resource Allocation by
Direct Democracy." Quarterly Journal of Economics 93(4):
563-87.</mixed-citation>
         </ref>
         <ref id="d1344e1353a1310">
            <mixed-citation id="d1344e1357" publication-type="other">
Rubinstein, Ariel. 1979. "A Note about the 'Nowhere Denseness'
of Societies Having an Equilibrium under Majority Rule."
Econometrica 47(2): 511-14.</mixed-citation>
         </ref>
         <ref id="d1344e1370a1310">
            <mixed-citation id="d1344e1374" publication-type="other">
Satterthwaite, Mark A. 1975. "Strategy-Proofness and Arrow's
Conditions: Existence and Correspondence Theorems for
Voting Procedures and Social Welfare Functions." Journal of
Economic Theory 10(2): 187-217.</mixed-citation>
         </ref>
         <ref id="d1344e1390a1310">
            <mixed-citation id="d1344e1394" publication-type="other">
Schofield, Norman. 1978. "Generalized Bargaining Sets for Co-
operative Games." International Journal of Game Theory
7(3): 183-99.</mixed-citation>
         </ref>
         <ref id="d1344e1407a1310">
            <mixed-citation id="d1344e1411" publication-type="other">
Sen, Amartya K. 1966. "A Possibility Theorem on Majority
Decisions." Econometrica 34(2): 491-99.</mixed-citation>
         </ref>
         <ref id="d1344e1421a1310">
            <mixed-citation id="d1344e1425" publication-type="other">
Sen, Amartya K., and Prasanta K. Pattanaik. 1969. "Neces-
sary and Sufficient Conditions for Rational Choice under
Majority Decision." Journal of Economic Theory 1(2): 178—
202.</mixed-citation>
         </ref>
         <ref id="d1344e1441a1310">
            <mixed-citation id="d1344e1445" publication-type="other">
Shapiro, Ian. 2002. "Optimal Deliberation?" Journal of Political
Philosophy 10(1): 196-211.</mixed-citation>
         </ref>
         <ref id="d1344e1456a1310">
            <mixed-citation id="d1344e1460" publication-type="other">
Shepsle, Kenneth A. 1979. "Institutional Arrangements and
Equilibrium in Multidimensional Voting Models." Ameri-
can Journal of Political Science 23(1): 27-59.</mixed-citation>
         </ref>
         <ref id="d1344e1473a1310">
            <mixed-citation id="d1344e1477" publication-type="other">
Ubeda, L. 2003. "Neutrality in Arrow and Other Impossibility
Theorems." Economic Theory 23(1): 195.</mixed-citation>
         </ref>
         <ref id="d1344e1487a1310">
            <mixed-citation id="d1344e1491" publication-type="other">
Young, H. Peyton. 1995. "Optimal Voting Rules." Journal of
Economic Perspectives 9(1): 51-64.</mixed-citation>
         </ref>
      </ref-list>
   </back>
</article>
