<article dtd-version="1.0" article-type="research-article">
   <front>
      <journal-meta>
         <journal-id xmlns:xlink="http://www.w3.org/1999/xlink" journal-id-type="jstor">amerjpoliscie</journal-id>
         <journal-id xmlns:xlink="http://www.w3.org/1999/xlink" journal-id-type="jstor">j100487</journal-id>
         <journal-title-group xmlns:xlink="http://www.w3.org/1999/xlink">
            <journal-title>American Journal of Political Science</journal-title>
         </journal-title-group>
         <publisher>
            <publisher-name>Wiley Subscription Services</publisher-name>
         </publisher>
         <issn xmlns:xlink="http://www.w3.org/1999/xlink" pub-type="ppub">00925853</issn>
         <issn xmlns:xlink="http://www.w3.org/1999/xlink" pub-type="epub">15405907</issn>
      </journal-meta>
      <article-meta>
         <article-id xmlns:xlink="http://www.w3.org/1999/xlink" pub-id-type="jstor">23025117</article-id>
         <title-group>
            <article-title>An Experimental Investigation of Electoral Delegation and the Provision of Public Goods</article-title>
         </title-group>
         <contrib-group>
            <contrib>
               <string-name xmlns:xlink="http://www.w3.org/1999/xlink">
                  <given-names>John R.</given-names>
                  <surname>Hamman</surname>
               </string-name>
            </contrib>
            <contrib>
               <string-name xmlns:xlink="http://www.w3.org/1999/xlink">
                  <given-names>Roberto A.</given-names>
                  <surname>Weber</surname>
               </string-name>
            </contrib>
            <contrib>
               <string-name xmlns:xlink="http://www.w3.org/1999/xlink">
                  <given-names>Jonathan</given-names>
                  <surname>Woon</surname>
               </string-name>
            </contrib>
         </contrib-group>
         <pub-date xmlns:xlink="http://www.w3.org/1999/xlink">
            <day>1</day>
            <month>10</month>
            <year>2011</year>
         </pub-date>
         <volume>55</volume>
         <issue>4</issue>
         <issue-id xmlns:xlink="http://www.w3.org/1999/xlink">i23025113</issue-id>
         <fpage>738</fpage>
         <lpage>752</lpage>
         <permissions>
            <copyright-statement>© 2011 Midwest Political Science Association</copyright-statement>
         </permissions>
         <self-uri xmlns:xlink="http://www.w3.org/1999/xlink"
                   xlink:href="http://www.jstor.org/stable/23025117"/>
         <abstract>
            <p>How effectively do democratic institutions provide public goods? Despite the incentives an elected leader has to free ride or impose majority tyranny, our experiment demonstrates that electoral delegation results in full provision of the public good. Analysis of the experimental data suggests that the result is primarily due to electoral selection: groups elect prosocial leaders and replace those who do not implement full contribution outcomes. However, we also observe outcomes in which a minimum winning coalition exploits the contributions of the remaining players. A second experiment demonstrates that when electoral delegation must be endogenously implemented, individuals voluntarily cede authority to an elected agent only when preplay communication is permitted. Our combined results demonstrate that democratic delegation helps groups overcome the free-rider problem and generally leads to outcomes that are often both efficient and equitable.</p>
         </abstract>
         <custom-meta-group xmlns:xlink="http://www.w3.org/1999/xlink">
            <custom-meta>
               <meta-name>lang</meta-name>
               <meta-value>eng</meta-value>
            </custom-meta>
         </custom-meta-group>
      </article-meta>
   </front>
   <back>
      <fn-group xmlns:xlink="http://www.w3.org/1999/xlink">
         <title>[Footnotes]</title>
         <fn id="d3037e202a1310">
            <label>2</label>
            <p>
               <mixed-citation id="d3037e209" publication-type="other">
Kosfeld, Okada, and Riedl (2009)</mixed-citation>
            </p>
            <p>
               <mixed-citation id="d3037e215" publication-type="other">
Guillen, Schwieren, and
Staffiero (2006)</mixed-citation>
            </p>
            <p>
               <mixed-citation id="d3037e224" publication-type="other">
Dal Bo, Foster, and Putterman (2010)</mixed-citation>
            </p>
         </fn>
         <fn id="d3037e231a1310">
            <label>3</label>
            <p>
               <mixed-citation id="d3037e238" publication-type="other">
Ledyard (1995)</mixed-citation>
            </p>
            <p>
               <mixed-citation id="d3037e244" publication-type="other">
Chaudhuri (2010)</mixed-citation>
            </p>
            <p>
               <mixed-citation id="d3037e250" publication-type="other">
Gachter and
Herrmann (2009)</mixed-citation>
            </p>
         </fn>
         <fn id="d3037e260a1310">
            <label>5</label>
            <p>
               <mixed-citation id="d3037e267" publication-type="other">
Ostrom, Walker, and Gardner 1992</mixed-citation>
            </p>
         </fn>
         <fn id="d3037e274a1310">
            <label>7</label>
            <p>
               <mixed-citation id="d3037e281" publication-type="other">
Isaac and Walker 1988b</mixed-citation>
            </p>
            <p>
               <mixed-citation id="d3037e287" publication-type="other">
Isaac, Walker, and
Williams 1994</mixed-citation>
            </p>
            <p>
               <mixed-citation id="d3037e296" publication-type="other">
Falkinger et al. (2000)</mixed-citation>
            </p>
            <p>
               <mixed-citation id="d3037e303" publication-type="other">
Carpenter (2007)</mixed-citation>
            </p>
         </fn>
         <fn id="d3037e311a1310">
            <label>9</label>
            <p>
               <mixed-citation id="d3037e318" publication-type="other">
Frechette, Kagel, and Lehrer (2003)</mixed-citation>
            </p>
         </fn>
         <fn id="d3037e325a1310">
            <label>11</label>
            <p>
               <mixed-citation id="d3037e332" publication-type="other">
Cookson 2000</mixed-citation>
            </p>
         </fn>
         <fn id="d3037e339a1310">
            <label>14</label>
            <p>
               <mixed-citation id="d3037e346" publication-type="other">
Bochet, Page, and Putterman
(2006)</mixed-citation>
            </p>
         </fn>
         <fn id="d3037e356a1310">
            <label>18</label>
            <p>
               <mixed-citation id="d3037e363" publication-type="other">
Fischbacher, Gachter, and Fehr 2001</mixed-citation>
            </p>
            <p>
               <mixed-citation id="d3037e369" publication-type="other">
Herrmann and Thoni 2009</mixed-citation>
            </p>
            <p>
               <mixed-citation id="d3037e375" publication-type="other">
Kocher et al. 2008</mixed-citation>
            </p>
            <p>
               <mixed-citation id="d3037e382" publication-type="other">
Ostrom 1998</mixed-citation>
            </p>
            <p>
               <mixed-citation id="d3037e388" publication-type="other">
2000</mixed-citation>
            </p>
         </fn>
      </fn-group>
      <ref-list>
         <title>References</title>
         <ref id="d3037e404a1310">
            <mixed-citation id="d3037e408" publication-type="other">
Achen, Christopher H., and Larry M. Bartels. 2004. "Blind Ret-
rospection: Electoral Responses to Drought, Flu, and Shark
Attacks." Working paper. Princeton University.</mixed-citation>
         </ref>
         <ref id="d3037e421a1310">
            <mixed-citation id="d3037e425" publication-type="other">
Aldrich, John H. 1995. Why Parties? The Origins and Transfor-
mation of Political Parties in America. Chicago: University of
Chicago Press.</mixed-citation>
         </ref>
         <ref id="d3037e438a1310">
            <mixed-citation id="d3037e442" publication-type="other">
Alesina, Alberto, Reza Baqir, and William Easterly. 1999. "Public
Goods and Ethnic Divisions." Quarterly Journal of Economics
114: 1243-84.</mixed-citation>
         </ref>
         <ref id="d3037e455a1310">
            <mixed-citation id="d3037e459" publication-type="other">
Alt, James, Ethan Bueno de Mesquita, and Shanna Rose. 2007.
"Accountability, Selection, and Experience: Theory and Ev-
idence for U.S. Term Limits." Working paper. Harvard Uni-
versity.</mixed-citation>
         </ref>
         <ref id="d3037e476a1310">
            <mixed-citation id="d3037e480" publication-type="other">
Andreoni, James. 1988. "Why Free Ride? Strategies and Learning
in Public Goods Experiments." Journal of Public Economics
37: 291-304.</mixed-citation>
         </ref>
         <ref id="d3037e493a1310">
            <mixed-citation id="d3037e497" publication-type="other">
Ashworth, Scott, and Ethan Bueno de Mesquita. 2008. "Electoral
Selection, Strategic Challenger Entry, and the Incumbency
Advantage." Journal of Politics 70: 1006-25.</mixed-citation>
         </ref>
         <ref id="d3037e510a1310">
            <mixed-citation id="d3037e514" publication-type="other">
Barro, Robert J. 1973. "The Control of Politicians: An Economic
Model." Public Choice 14: 19-42.</mixed-citation>
         </ref>
         <ref id="d3037e524a1310">
            <mixed-citation id="d3037e528" publication-type="other">
Bochet, Olivier, Talbot Page, and Louis Putterman. 2006. "Com-
munication and Punishment in Voluntary Contribution
Experiments." Journal of Economic Behavior &amp; Organization
60(1): 11-26.</mixed-citation>
         </ref>
         <ref id="d3037e544a1310">
            <mixed-citation id="d3037e548" publication-type="other">
Brosig, Jeannette, Joachim Weimann, and Axel Ockenfels. 2003.
"The Effect of Communication Media on Cooperation."
German Economic Review 4(2): 217-41.</mixed-citation>
         </ref>
         <ref id="d3037e561a1310">
            <mixed-citation id="d3037e565" publication-type="other">
Bueno de Mesquita, Bruce, Alastair Smith, Randolph M.
Siverson, and James D. Morrow. 2003. The Logic of Politi-
cal Survival. Cambridge, MA: MIT Press.</mixed-citation>
         </ref>
         <ref id="d3037e579a1310">
            <mixed-citation id="d3037e583" publication-type="other">
Carpenter, Jeffrey P. 2007. "Punishing Free-Riders: How Group
Size Affects Mutual Monitoring and the Provision of Public
Goods." Games and Economic Behavior 60(1): 31-51.</mixed-citation>
         </ref>
         <ref id="d3037e596a1310">
            <mixed-citation id="d3037e600" publication-type="other">
Charness, Gary, and Matthew Rabin. 2002. "Understanding
Social Preferences with Simple Tests." Quarterly Journal of
Economics 117: 817-69.</mixed-citation>
         </ref>
         <ref id="d3037e613a1310">
            <mixed-citation id="d3037e617" publication-type="other">
Chattopadhyay, Raghabendra, and Esther Duflo. 2004.
"Women as Policymakers: Evidence from a Randomized Ex-
periment in India." Econometrica 72: 1409-43.</mixed-citation>
         </ref>
         <ref id="d3037e630a1310">
            <mixed-citation id="d3037e634" publication-type="other">
Chaudhuri, Ananish. 2010. "Sustaining Cooperation in Labo-
ratory Public Goods Experiments: A Selective Survey of the
Literature." Experimental Economics 14(1): 47-83.</mixed-citation>
         </ref>
         <ref id="d3037e647a1310">
            <mixed-citation id="d3037e651" publication-type="other">
Cookson, R. 2000. "Framing Effects in Public Goods Experi-
ments." Experimental Economics 3: 55-79.</mixed-citation>
         </ref>
         <ref id="d3037e661a1310">
            <mixed-citation id="d3037e665" publication-type="other">
Dal Bo, Pedro, Andrew Foster, and Louis Putterman. 2010.
"Institutions and Behavior: Experimental Evidence on the
Effects of Democracy." American Economic Review 100(5):
2205-29.</mixed-citation>
         </ref>
         <ref id="d3037e682a1310">
            <mixed-citation id="d3037e686" publication-type="other">
Dawes, Robyn M. 1980. "Social Dilemmas." Annual Review of
Psychology 31: 169-93.</mixed-citation>
         </ref>
         <ref id="d3037e696a1310">
            <mixed-citation id="d3037e700" publication-type="other">
Dawes, Robyn M., Jean McTavish, and Harriet Shaklee. 1977.
"Behavior, Communication, and Assumptions about Other
People's Behavior in a Commons Dilemma Situation." Jour-
nal of Personality and Social Psychology 1: 1-11.</mixed-citation>
         </ref>
         <ref id="d3037e716a1310">
            <mixed-citation id="d3037e720" publication-type="other">
Dawes, Robyn M., John M. Orbell, Randy T. Simmons, and
Alphons J. C. Van de Kragt. 1986. "Organizing Groups for
Collective Action." American Political Science Review 80:
1171-85.</mixed-citation>
         </ref>
         <ref id="d3037e736a1310">
            <mixed-citation id="d3037e740" publication-type="other">
Deacon, Robert T. 2009. "Public Good Provision under Dicta-
torship and Democracy." Public Choice 139: 241-62.</mixed-citation>
         </ref>
         <ref id="d3037e750a1310">
            <mixed-citation id="d3037e754" publication-type="other">
Dickson, Eric S., Sanford C. Gordon, and Gregory A. Huber.
"Enforcement and Compliance in an Uncertain World: An
Experimental Investigation." Journal of Politics 71:1357-78.</mixed-citation>
         </ref>
         <ref id="d3037e767a1310">
            <mixed-citation id="d3037e771" publication-type="other">
Diermeier, Daniel, and Sean Gailmard. 2006. "Self-Interest,
Inequality, and Entitlement in Majoritarian Decision-
Making." Quarterly Journal of Political Science 1: 327-50.</mixed-citation>
         </ref>
         <ref id="d3037e785a1310">
            <mixed-citation id="d3037e789" publication-type="other">
Diermeier, Daniel, and Rebecca Morton. 2005. "Experiments
in Majoritarian Bargaining." In Social Choice and Strate-
gic Decisions: Essays in Honor of Jeffrey S. Banks, ed.
David Austen-Smith and John Duggan. Berlin: Springer,
201-26.</mixed-citation>
         </ref>
         <ref id="d3037e808a1310">
            <mixed-citation id="d3037e812" publication-type="other">
Falkinger, Josef. 2000. "A Simple Mechanism for the Effi-
cient Provision of Public Goods: Experimental Evidence."
American Economic Review 90(1): 247-64.</mixed-citation>
         </ref>
         <ref id="d3037e825a1310">
            <mixed-citation id="d3037e829" publication-type="other">
Fearon, James D. 1999. "Electoral Accountability and the Con-
trol of Politicians: Selecting Good Types versus Sanction-
ing Poor Performance." In Democracy, Accountability, and
Representation, ed. Adam Przeworski, Susan C. Stokes, and
Bernard Manin. Cambridge: Cambridge University Press,
55-97.</mixed-citation>
         </ref>
         <ref id="d3037e852a1310">
            <mixed-citation id="d3037e856" publication-type="other">
Fehr, Ernst, and Simon Gachter. 2000. "Cooperation and Pun-
ishment in Public Goods Experiments." American Economics
Review 90: 980-94.</mixed-citation>
         </ref>
         <ref id="d3037e869a1310">
            <mixed-citation id="d3037e873" publication-type="other">
Fehr, Ernst, and Klaus M. Schmidt. 1999. "A Theory of Fair-
ness, Competition, and Cooperation." Quarterly Journal of
Economics 114: 817-68.</mixed-citation>
         </ref>
         <ref id="d3037e886a1310">
            <mixed-citation id="d3037e890" publication-type="other">
Ferejohn, John A. 1986. "Incumbent Performance and Electoral
Control." Public Choice 50: 5-25.</mixed-citation>
         </ref>
         <ref id="d3037e901a1310">
            <mixed-citation id="d3037e905" publication-type="other">
Fischbacher, Urs. 2007. "z-Tree: Zurich Toolbox for Ready-
Made Economics Experiments." Experimental Economics 10:
171-78.</mixed-citation>
         </ref>
         <ref id="d3037e918a1310">
            <mixed-citation id="d3037e922" publication-type="other">
Fischbacher, Urs, and Simon Gachter. 2010. "Social Prefer-
ences, Beliefs, and the Dynamics of Free Riding in Public
Goods Experiments." American Economic Review 100(1):
541-56.</mixed-citation>
         </ref>
         <ref id="d3037e938a1310">
            <mixed-citation id="d3037e942" publication-type="other">
Fischbacher, Urs, Simon Gachter, and Ernst Fehr. 2001. "Are
People Conditionally Cooperative? Evidence from a Public
Goods Experiment." Economics Letters 71(3): 397-404.</mixed-citation>
         </ref>
         <ref id="d3037e955a1310">
            <mixed-citation id="d3037e959" publication-type="other">
Frechette, Guillame R., John H. Kagel, and Steven F. Lehrer.
2003. "Bargaining in Legislatures: An Experimental Investi-
gation of Open versus Closed Amendment Rules." American
Political Science Review 97(2): 221-32.</mixed-citation>
         </ref>
         <ref id="d3037e975a1310">
            <mixed-citation id="d3037e979" publication-type="other">
Gachter, Simon, and Benedikt Herrmann. 2009. "Reciprocity,
Culture, and Human Cooperation: Previous Insights and a
NewCross-Cultural Experiment." Philosophical Transactions
of the Royal Society B 364: 791-806.</mixed-citation>
         </ref>
         <ref id="d3037e995a1310">
            <mixed-citation id="d3037e999" publication-type="other">
Gordon, Sanford C., Gregory A. Huber, and Dimitri Landa.
2007. "Challenger Entry and Voter Learning." American Po-
litical Science Review 101: 303-30.</mixed-citation>
         </ref>
         <ref id="d3037e1013a1310">
            <mixed-citation id="d3037e1017" publication-type="other">
Guillen, Pablo, Christiane Schwieren, and Gianandrea Staffiero.
2006. "Why Feed the Leviathan?" Public Choice 130:
115-28.</mixed-citation>
         </ref>
         <ref id="d3037e1030a1310">
            <mixed-citation id="d3037e1034" publication-type="other">
Guth, Werner, M. Vittoria Levati, Matthias Sutter, and Eline van
der Heijden. 2007. "Leading by Example with and without
Exclusion Power in Voluntary Contribution Experiments."
Journal of Public Economics 91(5-6): 1023-42.</mixed-citation>
         </ref>
         <ref id="d3037e1050a1310">
            <mixed-citation id="d3037e1054" publication-type="other">
Habyarimana, James, Macartan Humphreys, Daniel N. Posner,
and Jeremy M. Weinstein. 2007. "Why Does Ethnic Diver-
sity Undermine Public Goods Provision?" American Political
Science Review 101: 709-25.</mixed-citation>
         </ref>
         <ref id="d3037e1070a1310">
            <mixed-citation id="d3037e1074" publication-type="other">
Hardin, Garrett. 1968. "The Tragedy of the Commons." Science
162: 1243-48.</mixed-citation>
         </ref>
         <ref id="d3037e1084a1310">
            <mixed-citation id="d3037e1088" publication-type="other">
Herrmann, Benedikt, and Christian Thoni. 2009. "Measuring
Conditional Cooperation: A Replication Study in Russia."
Experimental Economics 12: 87-92.</mixed-citation>
         </ref>
         <ref id="d3037e1101a1310">
            <mixed-citation id="d3037e1105" publication-type="other">
Isaac, R. Mark, Kenneth F. McCue, and Charles R. Plott. 1985.
"Public Goods Provision in an Experimental Environment."
Journal of Public Economics 26: 51-74.</mixed-citation>
         </ref>
         <ref id="d3037e1119a1310">
            <mixed-citation id="d3037e1123" publication-type="other">
Isaac, R. Mark, and James M. Walker. 1988a. "Communica-
tion and Free Riding Behavior: The Voluntary Contributions
Mechanism." Economic Inquiry 26(2): 585-608.</mixed-citation>
         </ref>
         <ref id="d3037e1136a1310">
            <mixed-citation id="d3037e1140" publication-type="other">
Isaac, R. Mark, and James M. Walker 1988b. "Group Size Ef-
fects in Public Goods Provision: The Voluntary Contribu-
tions Mechanism." Quarterly Journal of Economics 103(1):
179-99.</mixed-citation>
         </ref>
         <ref id="d3037e1156a1310">
            <mixed-citation id="d3037e1160" publication-type="other">
Isaac, R. Mark, James M. Walker, and Susan H. Thomas.
1984. "Divergent Evidence on Free Riding: An Experimen-
tal Examination of Possible Explanations." Public Choice 43:
113-49.</mixed-citation>
         </ref>
         <ref id="d3037e1176a1310">
            <mixed-citation id="d3037e1180" publication-type="other">
Isaac, R. Mark, James M. Walker, and Arlington W. Williams.
1994. "Group Size and the Voluntary Provision of Public
Goods." Journal of Public Economics 54(1): 1-36.</mixed-citation>
         </ref>
         <ref id="d3037e1193a1310">
            <mixed-citation id="d3037e1197" publication-type="other">
Jenkins, Jeffrey A., and Nathan W. Monroe. 2010. "Buying Neg-
ative Agenda Control in the U.S. House." Working paper.
University of Virginia.</mixed-citation>
         </ref>
         <ref id="d3037e1210a1310">
            <mixed-citation id="d3037e1214" publication-type="other">
Kocher, Martin G., Todd Cherry, Stephan Kroll, Robert J.
Netzer, and Matthias Sutter. 2008. "Conditional Coopera-
tion on Three Continents." Economics Letters 101(3): 175—
78.</mixed-citation>
         </ref>
         <ref id="d3037e1231a1310">
            <mixed-citation id="d3037e1235" publication-type="other">
Kosfeld, Michael, Akira Okada, and Arno Riedl. 2009. "Insti-
tution Formation in Public Goods Games." American Eco-
nomic Review 99(4): 1335-55.</mixed-citation>
         </ref>
         <ref id="d3037e1248a1310">
            <mixed-citation id="d3037e1252" publication-type="other">
Kroll, Stephan, Todd L. Cherry, and Jason F. Shogren. 2007.
"Voting, Punishment, and Public Goods." Economic Inquiry
45: 557-70.</mixed-citation>
         </ref>
         <ref id="d3037e1265a1310">
            <mixed-citation id="d3037e1269" publication-type="other">
Lake, David A., and Matthew A. Baum. 2001. "The Invisible
Hand of Democracy: Political Control and the Provision
of Public Services." Comparative Political Studies 34: 587-
621.</mixed-citation>
         </ref>
         <ref id="d3037e1285a1310">
            <mixed-citation id="d3037e1289" publication-type="other">
Landa, Dimitri. 2010. "Selection Incentives and Accountability
Traps: A Laboratory Experiment." Paper presented at the an-
nual meeting of the American Political Science Association,
Washington, DC.</mixed-citation>
         </ref>
         <ref id="d3037e1305a1310">
            <mixed-citation id="d3037e1309" publication-type="other">
Ledyard, John. 1995. "Public Goods: A Survey of Experimental
Research." In The Handbook of Experimental Economics, ed.
John H. Kagel and Alvin E. Roth. Princeton, NJ: Princeton
University Press, 111-94.</mixed-citation>
         </ref>
         <ref id="d3037e1325a1310">
            <mixed-citation id="d3037e1329" publication-type="other">
Levati, M. Vittoria, Matthias Sutter, and Eline Van der Heijden.
2007. "Leading by Example in a Public Goods Experiment
with Heterogeneity and Incomplete Information." Journal
of Conflict Resolution 51(5): 793-818.</mixed-citation>
         </ref>
         <ref id="d3037e1346a1310">
            <mixed-citation id="d3037e1350" publication-type="other">
Lindahl, E. 1958 (1919). "Just Taxation—A Positive Solution."
Reprinted in Classics in the Theory of Public Finance, ed. R.
Musgrave and A. Peacock. London: Macmillan.</mixed-citation>
         </ref>
         <ref id="d3037e1363a1310">
            <mixed-citation id="d3037e1367" publication-type="other">
McKelvey, Richard D., Peter C. Ordeshook, and Mark D.
Winer. 1978. "The Competitive Solution for N-Person
Games without Transferable Utility, with an Application to
Committee Games." American Political Science Review 72:
599-615.</mixed-citation>
         </ref>
         <ref id="d3037e1386a1310">
            <mixed-citation id="d3037e1390" publication-type="other">
Messick, David M., Henk Wilke, Marilynn B. Brewer, Roderick
M. Kramer, Patricia Zemke, and Layton Lui. 1983. "Individ-
ual Adaptations and Structural Change as Solutions to Social
Dilemmas." Journal of Personality and Social Psychology 44:
294-309.</mixed-citation>
         </ref>
         <ref id="d3037e1409a1310">
            <mixed-citation id="d3037e1413" publication-type="other">
Neugebauer, Tibor, Javier Perote, Ulrich Schmidt, and Malte
Loos. 2009. "Selfish-Biased Conditional Cooperation: On
the Decline of Contributions in Repeated Public Goods
Experiments." Journal of Economic Psychology 30(1):
52-60.</mixed-citation>
         </ref>
         <ref id="d3037e1432a1310">
            <mixed-citation id="d3037e1436" publication-type="other">
Olson, Mancur. 1965. The Logic of Collective Action. Cambridge,
MA: Harvard University Press.</mixed-citation>
         </ref>
         <ref id="d3037e1446a1310">
            <mixed-citation id="d3037e1450" publication-type="other">
Ostrom, Elinor. 1998. "A Behavioral Approach to the Rational
Choice Theory of Collective Action (Presidential Address)."
American Political Science Review 92: 1-22.</mixed-citation>
         </ref>
         <ref id="d3037e1464a1310">
            <mixed-citation id="d3037e1468" publication-type="other">
Ostrom, Elinor. 2000. "Collective Action and the Evolution
of Social Norms." Journal of Economic Perspectives 14:
137-58.</mixed-citation>
         </ref>
         <ref id="d3037e1481a1310">
            <mixed-citation id="d3037e1485" publication-type="other">
Ostrom, Elinor, James Walker, and Roy Gardner. 1992.
"Covenants with and without a Sword: Self-Governance Is
Possible." American Political Science Review 86: 404-17.</mixed-citation>
         </ref>
         <ref id="d3037e1498a1310">
            <mixed-citation id="d3037e1502" publication-type="other">
Riker, William H. 1962. The Theory of Political Coalitions. New
Haven, CT: Yale University Press.</mixed-citation>
         </ref>
         <ref id="d3037e1512a1310">
            <mixed-citation id="d3037e1516" publication-type="other">
Samuelson, Charles D., and David M. Messick, 1986. "Alter-
native Structural Solutions to Resource Dilemmas." Or-
ganizational Behavior and Human Decision Processes 37:
139-55.</mixed-citation>
         </ref>
         <ref id="d3037e1532a1310">
            <mixed-citation id="d3037e1536" publication-type="other">
Samuelson, Charles D., David M. Messick, Christel G. Rutte, and
Henk Wilke. 1984. "Individual and Structural Solutions to
Resource Dilemmas in Two Cultures." Journal of Personality
and Social Psychology 47: 94-104.</mixed-citation>
         </ref>
         <ref id="d3037e1552a1310">
            <mixed-citation id="d3037e1556" publication-type="other">
Samuelson, Paul A. 1954. "The Pure Theory of Public
Expenditures." Review of Economics and Statistics 36:
387-89.</mixed-citation>
         </ref>
         <ref id="d3037e1570a1310">
            <mixed-citation id="d3037e1574" publication-type="other">
Snyder, James M., Jr., and Michael M. Ting. 2003. "Roll
Calls, Party Labels, and Elections." Political Analysis 11:
419-44.</mixed-citation>
         </ref>
         <ref id="d3037e1587a1310">
            <mixed-citation id="d3037e1591" publication-type="other">
Tsai, Lily L. 2007. Accountability without Democracy: Sol-
idary Groups and Public Goods Provision in Rural China.
Cambridge: Cambridge University Press.</mixed-citation>
         </ref>
         <ref id="d3037e1604a1310">
            <mixed-citation id="d3037e1608" publication-type="other">
Van der Heijden, Eline, Jan Potters, and Martin Sefton. 2009.
"Hierarchy and Opportunism in Teams." Journal of Eco-
nomic Behavior &amp; Organization 69(1): 39-50.</mixed-citation>
         </ref>
         <ref id="d3037e1621a1310">
            <mixed-citation id="d3037e1625" publication-type="other">
Walker, James M., Roy Gardner, Andrew Herr, and Elinor
Ostrom. 2000. "Collective Choice in the Commons: Exper-
imental Results on Proposed Allocation Rules and Votes."
The Economic Journal 110: 212-34.</mixed-citation>
         </ref>
         <ref id="d3037e1641a1310">
            <mixed-citation id="d3037e1645" publication-type="other">
Wilson, Rick K., and Jane Sell. '"Liar, Liar': Cheap Talk and
Reputation in Repeated Public Goods Settings." Journal of
Conflict Resolution 41: 695-717.</mixed-citation>
         </ref>
         <ref id="d3037e1658a1310">
            <mixed-citation id="d3037e1662" publication-type="other">
Wolfers, Justin. 2002. "Are Voters Rational? Evi-
dence from Gubernatorial Elections." Stanford GSB
Working Paper.</mixed-citation>
         </ref>
         <ref id="d3037e1676a1310">
            <mixed-citation id="d3037e1680" publication-type="other">
Woon, Jonathan. 2010. "Democratic Accountability and Ret-
rospective Voting in the Lab." Paper presented at the an-
nual meeting of the American Political Science Association,
Washington, DC.</mixed-citation>
         </ref>
      </ref-list>
   </back>
</article>
