<article dtd-version="1.0" article-type="research-article">
   <front>
      <journal-meta>
         <journal-id xmlns:xlink="http://www.w3.org/1999/xlink" journal-id-type="jstor">amerjpoliscie</journal-id>
         <journal-id xmlns:xlink="http://www.w3.org/1999/xlink" journal-id-type="jstor">j100487</journal-id>
         <journal-title-group xmlns:xlink="http://www.w3.org/1999/xlink">
            <journal-title>American Journal of Political Science</journal-title>
         </journal-title-group>
         <publisher>
            <publisher-name>Wiley Subscription Services</publisher-name>
         </publisher>
         <issn xmlns:xlink="http://www.w3.org/1999/xlink" pub-type="ppub">00925853</issn>
         <issn xmlns:xlink="http://www.w3.org/1999/xlink" pub-type="epub">15405907</issn>
      </journal-meta>
      <article-meta>
         <article-id xmlns:xlink="http://www.w3.org/1999/xlink" pub-id-type="jstor">23075155</article-id>
         <article-categories>
            <subj-group>
               <subject>AJPS WORKSHOPS</subject>
            </subj-group>
         </article-categories>
         <title-group>
            <article-title>The Product and Difference Fallacies for Indirect Effects</article-title>
         </title-group>
         <contrib-group>
            <contrib>
               <string-name xmlns:xlink="http://www.w3.org/1999/xlink">
                  <given-names>Adam N.</given-names>
                  <surname>Glynn</surname>
               </string-name>
            </contrib>
         </contrib-group>
         <pub-date xmlns:xlink="http://www.w3.org/1999/xlink">
            <day>1</day>
            <month>1</month>
            <year>2012</year>
         </pub-date>
         <volume>56</volume>
         <issue>1</issue>
         <issue-id xmlns:xlink="http://www.w3.org/1999/xlink">i23075138</issue-id>
         <fpage>257</fpage>
         <lpage>269</lpage>
         <permissions>
            <copyright-statement>© 2012 Midwest Political Science Association</copyright-statement>
         </permissions>
         <self-uri xmlns:xlink="http://www.w3.org/1999/xlink"
                   xlink:href="http://www.jstor.org/stable/23075155"/>
         <abstract>
            <p>Political scientists often cite the importance of mechanism-specific causal knowledge, both for its intrinsic scientific value and as a necessity for informed policy. This article explains why two common inferential heuristics for mechanism-specific (i.e., indirect) effects can provide misleading answers, such as sign reversals and false null results, even when linear regressions provide unbiased estimates of constituent effects. Additionally, this article demonstrates that the inferential difficulties associated with indirect effects can be ameliorated with the use of stratification, interaction terms, and the restriction of inference to subpopulations (e.g., the indirect effect on the treated). However, indirect effects are inherently not identifiable—even when randomized experiments are possible. The methodological discussion is illustrated using a study on the indirect effect of Islamic religious tradition on democracy scores (due to the subordination of women).</p>
         </abstract>
         <custom-meta-group xmlns:xlink="http://www.w3.org/1999/xlink">
            <custom-meta>
               <meta-name>lang</meta-name>
               <meta-value>eng</meta-value>
            </custom-meta>
         </custom-meta-group>
      </article-meta>
   </front>
   <back>
      <fn-group xmlns:xlink="http://www.w3.org/1999/xlink">
         <title>[Footnotes]</title>
         <fn id="d28456e159a1310">
            <label>1</label>
            <p>
               <mixed-citation id="d28456e166" publication-type="other">
Gerring (2007)</mixed-citation>
            </p>
         </fn>
         <fn id="d28456e173a1310">
            <label>3</label>
            <p>
               <mixed-citation id="d28456e180" publication-type="other">
VanderWeele (2009)</mixed-citation>
            </p>
         </fn>
         <fn id="d28456e187a1310">
            <label>4</label>
            <p>
               <mixed-citation id="d28456e194" publication-type="other">
Angrist et al. (1996)</mixed-citation>
            </p>
         </fn>
         <fn id="d28456e201a1310">
            <label>5</label>
            <p>
               <mixed-citation id="d28456e208" publication-type="other">
Donno and Russett (2004)</mixed-citation>
            </p>
            <p>
               <mixed-citation id="d28456e214" publication-type="other">
Ross (2008)</mixed-citation>
            </p>
            <p>
               <mixed-citation id="d28456e220" publication-type="other">
Fish (2011)</mixed-citation>
            </p>
         </fn>
         <fn id="d28456e228a1310">
            <label>6</label>
            <p>
               <mixed-citation id="d28456e237" publication-type="other">
Vanderweele and Vansteelandt (2009)</mixed-citation>
            </p>
         </fn>
         <fn id="d28456e244a1310">
            <label>8</label>
            <p>
               <mixed-citation id="d28456e251" publication-type="other">
Pearl 2001</mixed-citation>
            </p>
            <p>
               <mixed-citation id="d28456e257" publication-type="other">
Robins 2003</mixed-citation>
            </p>
            <p>
               <mixed-citation id="d28456e263" publication-type="other">
Pearl
2001</mixed-citation>
            </p>
            <p>
               <mixed-citation id="d28456e273" publication-type="other">
Petersen et al. 2006</mixed-citation>
            </p>
            <p>
               <mixed-citation id="d28456e279" publication-type="other">
Imai et al. 2010d</mixed-citation>
            </p>
         </fn>
         <fn id="d28456e286a1310">
            <label>9</label>
            <p>
               <mixed-citation id="d28456e293" publication-type="other">
Imbens 2004</mixed-citation>
            </p>
         </fn>
      </fn-group>
      <ref-list>
         <title>References</title>
         <ref id="d28456e309a1310">
            <mixed-citation id="d28456e313" publication-type="other">
Acemoglu, Daron, Simon Johnson, and James A. Robinson.
2002. "Reversal of Fortune: Geography and Institutions in
the Making of the Modern World Income Distribution."
Quarterly Journal of Economics 51(6): 1231–94.</mixed-citation>
         </ref>
         <ref id="d28456e329a1310">
            <mixed-citation id="d28456e333" publication-type="other">
Angrist, Joshua D., Guido W. Imbens, and Donald B. Rubin.
1996. "Identification of Causal Effects Using Instrumental
Variables." Journal of the American Statistical Association 91:
444–55.</mixed-citation>
         </ref>
         <ref id="d28456e349a1310">
            <mixed-citation id="d28456e353" publication-type="other">
Baron, Reuben M., and David A. Kenny. 1986. "The Moderator-
Mediator Variable Distinction in Social Psychological Re-
search: Conceptual, Strategic, and Statistical Considera-
tions." Journal of Personality and Social Psychology 51(6):
1173–82.</mixed-citation>
         </ref>
         <ref id="d28456e372a1310">
            <mixed-citation id="d28456e376" publication-type="other">
Bullock, John G., Donald R Green, and Shang E. Ha. 2010.
"Yes, But What's the Mechanism? (Don't Expect an Easy
Answer)." Journal of Personality and Social Psychology 98(4):
550–58.</mixed-citation>
         </ref>
         <ref id="d28456e393a1310">
            <mixed-citation id="d28456e397" publication-type="other">
Bullock, John G., and Shang E. Ha. 2011. "Mediation Analysis
Is Harder Than It Looks." In Cambridge Handbook of Exper-
imental Political Science, ed. James N. Druckman, Donald
R Green, James H. Kuklinski, and Arthur Lupia. New York:
Cambridge University Press.</mixed-citation>
         </ref>
         <ref id="d28456e416a1310">
            <mixed-citation id="d28456e420" publication-type="other">
Campbell, Angus, Philip Converse, Warren E. Miller, and
Donald Stokes. 1960. The American Voter. New York:
John Wiley.</mixed-citation>
         </ref>
         <ref id="d28456e433a1310">
            <mixed-citation id="d28456e437" publication-type="other">
Cox, Gary W. 1997. Making Votes Count: Strategic Coordina-
tion in the World's Electoral Systems. Cambridge: Cambridge
University Press.</mixed-citation>
         </ref>
         <ref id="d28456e450a1310">
            <mixed-citation id="d28456e454" publication-type="other">
Donno, Daniela, and Bruce Russett. 2004. "Islam, Authoritari-
anism, and Female Empowerment: What Are the Linkages?"
World Politics 56(4): 582–607.</mixed-citation>
         </ref>
         <ref id="d28456e467a1310">
            <mixed-citation id="d28456e471" publication-type="other">
Duncan, Otis D. 1985. "Path Analysis: Sociological Examples."
Causal Models in the Social Sciences.</mixed-citation>
         </ref>
         <ref id="d28456e481a1310">
            <mixed-citation id="d28456e485" publication-type="other">
Fearon, James D., and David D. Laitin. 2003. "Ethnicity, In-
surgency, and Civil War." American Political Science Review
97(1): 75–90.</mixed-citation>
         </ref>
         <ref id="d28456e499a1310">
            <mixed-citation id="d28456e503" publication-type="other">
Fish, M. Steven. 2002. "Islam and Authoritarianism." World
Politics 55(1): 4–37.</mixed-citation>
         </ref>
         <ref id="d28456e513a1310">
            <mixed-citation id="d28456e517" publication-type="other">
Fish, M. Steven. 2011. Are Muslims Distinctive? A Look at the
Evidence. New York: Oxford University Press.</mixed-citation>
         </ref>
         <ref id="d28456e527a1310">
            <mixed-citation id="d28456e531" publication-type="other">
Gerring, J. 2007. "The Mechanismic Worldview: Thinking In-
side the Box." British Journal of Political Science 38(1):
161–79.</mixed-citation>
         </ref>
         <ref id="d28456e544a1310">
            <mixed-citation id="d28456e548" publication-type="other">
Goldberger, Arthur S. 1972. "Structural Equation Models in the
Social Sciences." Econometrica 40: 979–1001.</mixed-citation>
         </ref>
         <ref id="d28456e558a1310">
            <mixed-citation id="d28456e562" publication-type="other">
Green, Donald P., Shang E. Ha, and John G. Bullock. 2010.
"Enough Already about Black Box Experiments: Studying
Mediation Analysis Is More Difficult Than Most Scholars
Suppose." Annals of the American Academy of Political and
Social Sciences 628(1): 200–208.</mixed-citation>
         </ref>
         <ref id="d28456e581a1310">
            <mixed-citation id="d28456e585" publication-type="other">
Haavelmo, Trygve. 1943. "The Statistical Implications of a Sys-
tem of Simultaneous Equations." Econometrica 11: 1–12.</mixed-citation>
         </ref>
         <ref id="d28456e596a1310">
            <mixed-citation id="d28456e600" publication-type="other">
Ho, Daniel E., Kosuke Imai, Gary King, and Elizabeth A. Stuart.
2007. "Matching as Nonparametric Preprocessing for Re-
ducing Model Dependence in Parametric Causal Inference."
Political Analysis 15(3): 199–236.</mixed-citation>
         </ref>
         <ref id="d28456e616a1310">
            <mixed-citation id="d28456e620" publication-type="other">
Ho, Daniel E., Kosuke Imai, Gary King, and Elizabeth A. Stuart.
2009. "Matchlt: Nonparametric Preprocessing for Paramet-
ric Causal Inference (version 2.211)[software]." Journal of
Statistical Software.</mixed-citation>
         </ref>
         <ref id="d28456e636a1310">
            <mixed-citation id="d28456e640" publication-type="other">
Holland, Paul W. 1986. "Statistics and Causal Inference." Jour-
nal of the American Statistical Association 81: 945–60.</mixed-citation>
         </ref>
         <ref id="d28456e650a1310">
            <mixed-citation id="d28456e654" publication-type="other">
Imai, K, D. Tingley, and T. Yamamoto. 2010a. "Experimental
Designs for Identifying Causal Mechanims." Unpublished
manuscript, Princeton University.</mixed-citation>
         </ref>
         <ref id="d28456e667a1310">
            <mixed-citation id="d28456e671" publication-type="other">
Imai, Kosuke, Luke Keele, and Dustin Tingley. 2010b. "A Gen-
eral Approach to Causal Mediation Analysis." Psychological
Methods 15(4): 309–34.</mixed-citation>
         </ref>
         <ref id="d28456e684a1310">
            <mixed-citation id="d28456e688" publication-type="other">
Imai, Kosuke, Luke Keele, Dustin Tingley, and Teppei Ya-
mamoto. 2010c. "Causal Mediation Analysis in R." In Ad-
vances in Social Science Research Using R, ed. Hrishikesh
D. Vinod. New York: Springer (Lecture Notes in Statistics),
129–54.</mixed-citation>
         </ref>
         <ref id="d28456e708a1310">
            <mixed-citation id="d28456e712" publication-type="other">
Imai, Kosuke, Luke Keele, and Teppei Yamamoto. 201 Od. "Iden-
tification, Inference, and Sensitivity Analysis for Causal Me-
diation Effects." Statistical Science 25(1): 51–71.</mixed-citation>
         </ref>
         <ref id="d28456e725a1310">
            <mixed-citation id="d28456e729" publication-type="other">
Imbens, Guido W. 2004. "Nonparametric Estimation of Average
Treatment Effects under Exogeneity: A Review." Review of
Economics and Statistics 86(1): 4–29.</mixed-citation>
         </ref>
         <ref id="d28456e742a1310">
            <mixed-citation id="d28456e746" publication-type="other">
Pearl, Judea. 2001. "Direct and Indirect Effects." In Proceed-
ings of the Seventeenth Conference on Uncertainty in Arti-
ficial Intelligence. San Francisco: Morgan Kaufmann, 411–
20.</mixed-citation>
         </ref>
         <ref id="d28456e762a1310">
            <mixed-citation id="d28456e766" publication-type="other">
Pearl, Judea. 2011. "The Mediation Formula: A Guide to the
Assessment of Causal Pathways in Non-linear Models." Un-
published Manuscript, University of California Los Angeles.</mixed-citation>
         </ref>
         <ref id="d28456e779a1310">
            <mixed-citation id="d28456e783" publication-type="other">
Petersen, Maya L., Sandra E. Sinisi, and Mark J. van der Laan.
2006. "Estimation of Direct Causal Effects." Epidemiology
17(3): 276–84.</mixed-citation>
         </ref>
         <ref id="d28456e796a1310">
            <mixed-citation id="d28456e800" publication-type="other">
Robins, James M. 2003. "Semantics of Causal DAG Models
and the Identification of Direct and Indirect Effects." In
Highly Structured Stochastic Systems, ed. P. Green, N. Hjort,
and S. Richardson. New York: Oxford University Press, 70–
81.</mixed-citation>
         </ref>
         <ref id="d28456e820a1310">
            <mixed-citation id="d28456e824" publication-type="other">
Robins, James M., and Sander Greenland. 1992. "Identifiability
and Exchangeability for Direct and Indirect Effects." Epi-
demiology 3(2): 143–55.</mixed-citation>
         </ref>
         <ref id="d28456e837a1310">
            <mixed-citation id="d28456e841" publication-type="other">
Robinson, W. S. 1950. "Ecological Correlations and the Be-
haviour of Individuals." American Sociological Review 15:
351–57.</mixed-citation>
         </ref>
         <ref id="d28456e854a1310">
            <mixed-citation id="d28456e858" publication-type="other">
Ross, Michael L. 2008. "Oil, Islam, and Women." American
Political Science Review 102(1): 107–23.</mixed-citation>
         </ref>
         <ref id="d28456e868a1310">
            <mixed-citation id="d28456e872" publication-type="other">
Simon, Herbert A. 1953. "Causal Ordering and Identifiability."
In Studies in Econometric Method, ed. W. C. Hood and T. C.
Hoopmans. New York: John Wiley.</mixed-citation>
         </ref>
         <ref id="d28456e885a1310">
            <mixed-citation id="d28456e889" publication-type="other">
Sobel, Michael E. 2008. "Identification of Causal Parameters in
Randomized Studies with Mediating Variables." Journal of
Educational and Behavioral Statistics 33(2): 230–51.</mixed-citation>
         </ref>
         <ref id="d28456e902a1310">
            <mixed-citation id="d28456e906" publication-type="other">
VanderWeele, Tyler J. 2009. "Marginal Structural Models for
the Estimation of Direct and Indirect Effects." Epidemiology
20(1): 18–26.</mixed-citation>
         </ref>
         <ref id="d28456e920a1310">
            <mixed-citation id="d28456e924" publication-type="other">
Vanderweele, Tyler J., and Stijn Vansteelandt. 2009. "Conceptual
Issues Concerning Mediation, Interventions and Composi-
tion." Statistics and Its Interface 2(4): 457–68.</mixed-citation>
         </ref>
      </ref-list>
   </back>
</article>
