<article dtd-version="1.0" article-type="research-article">
   <front>
      <journal-meta>
         <journal-id xmlns:xlink="http://www.w3.org/1999/xlink" journal-id-type="jstor">amerjpoliscie</journal-id>
         <journal-id xmlns:xlink="http://www.w3.org/1999/xlink" journal-id-type="jstor">j100487</journal-id>
         <journal-title-group xmlns:xlink="http://www.w3.org/1999/xlink">
            <journal-title>American Journal of Political Science</journal-title>
         </journal-title-group>
         <publisher>
            <publisher-name>Wiley Subscription Services</publisher-name>
         </publisher>
         <issn xmlns:xlink="http://www.w3.org/1999/xlink" pub-type="ppub">00925853</issn>
         <issn xmlns:xlink="http://www.w3.org/1999/xlink" pub-type="epub">15405907</issn>
      </journal-meta>
      <article-meta>
         <article-id xmlns:xlink="http://www.w3.org/1999/xlink" pub-id-type="jstor">23075141</article-id>
         <title-group>
            <article-title>Biology, Ideology, and Epistemology: How Do We Know Political Attitudes Are Inherited and Why Should We Care?</article-title>
         </title-group>
         <contrib-group>
            <contrib>
               <string-name xmlns:xlink="http://www.w3.org/1999/xlink">
                  <given-names>Kevin</given-names>
                  <surname>Smith</surname>
               </string-name>
            </contrib>
            <contrib>
               <string-name xmlns:xlink="http://www.w3.org/1999/xlink">
                  <given-names>John R.</given-names>
                  <surname>Alford</surname>
               </string-name>
            </contrib>
            <contrib>
               <string-name xmlns:xlink="http://www.w3.org/1999/xlink">
                  <given-names>Peter K.</given-names>
                  <surname>Hatemi</surname>
               </string-name>
            </contrib>
            <contrib>
               <string-name xmlns:xlink="http://www.w3.org/1999/xlink">
                  <given-names>Lindon J.</given-names>
                  <surname>Eaves</surname>
               </string-name>
            </contrib>
            <contrib>
               <string-name xmlns:xlink="http://www.w3.org/1999/xlink">
                  <given-names>Carolyn</given-names>
                  <surname>Funk</surname>
               </string-name>
            </contrib>
            <contrib>
               <string-name xmlns:xlink="http://www.w3.org/1999/xlink">
                  <given-names>John R.</given-names>
                  <surname>Hibbing</surname>
               </string-name>
            </contrib>
         </contrib-group>
         <pub-date xmlns:xlink="http://www.w3.org/1999/xlink">
            <day>1</day>
            <month>1</month>
            <year>2012</year>
         </pub-date>
         <volume>56</volume>
         <issue>1</issue>
         <issue-id xmlns:xlink="http://www.w3.org/1999/xlink">i23075138</issue-id>
         <fpage>17</fpage>
         <lpage>33</lpage>
         <permissions>
            <copyright-statement>© 2012 Midwest Political Science Association</copyright-statement>
         </permissions>
         <self-uri xmlns:xlink="http://www.w3.org/1999/xlink"
                   xlink:href="http://www.jstor.org/stable/23075141"/>
         <abstract>
            <p>Evidence that political attitudes and behavior are in part biologically and even genetically instantiated is much discussed in political science of late. Yet the classic twin design, a primary source of evidence on this matter, has been criticized for being biased toward finding genetic influence. In this article, we employ a new data source to test empirically the alternative, exclusively environmental, explanations for ideological similarities between twins. We find little support for these explanations and argue that even if we treat them as wholly correct, they provide reasons for political science to pay more rather than less attention to the biological basis of attitudes and behaviors. Our analysis suggests that the mainstream socialization paradigm for explaining attitudes and behaviors is not necessarily incorrect but is substantively incomplete.</p>
         </abstract>
         <custom-meta-group xmlns:xlink="http://www.w3.org/1999/xlink">
            <custom-meta>
               <meta-name>lang</meta-name>
               <meta-value>eng</meta-value>
            </custom-meta>
         </custom-meta-group>
      </article-meta>
   </front>
   <back>
      <fn-group xmlns:xlink="http://www.w3.org/1999/xlink">
         <title>[Footnotes]</title>
         <fn id="d28407e230a1310">
            <label>1</label>
            <p>
               <mixed-citation id="d28407e237" publication-type="other">
Bouchard and McGue 2003</mixed-citation>
            </p>
            <p>
               <mixed-citation id="d28407e243" publication-type="other">
Turkheimer et al.
2003</mixed-citation>
            </p>
         </fn>
      </fn-group>
      <ref-list>
         <title>References</title>
         <ref id="d28407e262a1310">
            <mixed-citation id="d28407e266" publication-type="other">
Alford, John R., Carolyn L. Funk, and John R. Hibbing.
2005. "Are Political Orientations Genetically Transmitted?"
American Political Science Review 99(2): 153–68.</mixed-citation>
         </ref>
         <ref id="d28407e279a1310">
            <mixed-citation id="d28407e283" publication-type="other">
Beckwith, Jon, and Corey Morris. 2008. "Twin Studies of Po-
litical Behavior: Untenable Assumptions?" Perspectives on
Politics 6(4): 785–92.</mixed-citation>
         </ref>
         <ref id="d28407e296a1310">
            <mixed-citation id="d28407e300" publication-type="other">
Bell, Edward, Julie Aitken Shermer, and Philip A. Vernon. 2009.
"The Origins of Political Attitudes and Behavior." Canadian
Journal of Political Science 42(4): 855–79.</mixed-citation>
         </ref>
         <ref id="d28407e313a1310">
            <mixed-citation id="d28407e317" publication-type="other">
Berrgren, Niclas, Henrik Jordahl, and Panu Poutvaara n.d.. "The
Right Look: Conservative Politicians Look Better and Their
Voters Reward It." Unpublished manuscript. Http://ideas
.repec.org/p/sol/warticle/2013-76228.html. Research Insti-
tute of Industrial Economics, Stockholm, Sweden.</mixed-citation>
         </ref>
         <ref id="d28407e337a1310">
            <mixed-citation id="d28407e341" publication-type="other">
Bouchard, Thomas, D. T. Lykken, M. McGue, N. L. Segal, and
A. Teilegen. 1990. "Sources of Human Psychological Differ-
ences: The Minnesota Study of Twins Reared Apart." Science
250(4978): 223–28.</mixed-citation>
         </ref>
         <ref id="d28407e357a1310">
            <mixed-citation id="d28407e361" publication-type="other">
Bouchard, Thomas, Jr., and Matt McGue. 2003. "Genetic and
Environmental Influences on Human Psychological Differ-
ences." Journal of Neurobiology 54(1): 4–45.</mixed-citation>
         </ref>
         <ref id="d28407e374a1310">
            <mixed-citation id="d28407e378" publication-type="other">
Campbell, Angus, Philip Converse, Warren Miller, and Donald
Stokes. 1960. The American Voter. New York: John Wiley and
Sons.</mixed-citation>
         </ref>
         <ref id="d28407e391a1310">
            <mixed-citation id="d28407e395" publication-type="other">
Carmen, Ira. 1997. "Biopolitics: The Newest Synthesis?" Gene Γ-
ιοι 99(2): 173–84.</mixed-citation>
         </ref>
         <ref id="d28407e405a1310">
            <mixed-citation id="d28407e409" publication-type="other">
Charney, Evan. 2008. "Genes and Ideologies." Perspectives on
Politics 6(2): 299–319.</mixed-citation>
         </ref>
         <ref id="d28407e419a1310">
            <mixed-citation id="d28407e423" publication-type="other">
Charney, Evan. 2010. "Epigenetics and the Genetic Explana-
tions of Political Behavior." Presented at the annual meeting
of the Midwest Political Science Association.</mixed-citation>
         </ref>
         <ref id="d28407e437a1310">
            <mixed-citation id="d28407e441" publication-type="other">
Cook, Timothy. 1985. "The Bear Market in Political Socializa-
tion and the Costs of Misunderstood Psychological Theo-
ries." American Political Science Review 79(4): 1079–93.</mixed-citation>
         </ref>
         <ref id="d28407e454a1310">
            <mixed-citation id="d28407e458" publication-type="other">
Dawes, Christopher, and James Fowler. 2009. "Partisanship,
Voting, and the Dopamine D2 Receptor Gene." Journal of
Politics 71(3): 1157–71.</mixed-citation>
         </ref>
         <ref id="d28407e471a1310">
            <mixed-citation id="d28407e475" publication-type="other">
Eaves, L. J., and H. J. Eysenck. 1974. "Genetics and the Devel-
opment of Social Attitudes." Nature 249(454): 288–89.</mixed-citation>
         </ref>
         <ref id="d28407e485a1310">
            <mixed-citation id="d28407e489" publication-type="other">
Eaves, L. J., H. J. Eyesenck, and N. G. Martin. 1989. Genes,
Culture, and Personality: An Empirical Approach. San Diego,
CA: Academic Press.</mixed-citation>
         </ref>
         <ref id="d28407e502a1310">
            <mixed-citation id="d28407e506" publication-type="other">
Eaves, L. J., and P. K. Hatemi. 2008. "Transmission of Attitudes
toward Abortion and Gay Rights: Parental Socialization or
Parental Mate Selection?" Behavior Genetics 38(3): 247–56.</mixed-citation>
         </ref>
         <ref id="d28407e519a1310">
            <mixed-citation id="d28407e523" publication-type="other">
Fowler, James, and Darren Schreiber. 2008. "Biology, Politics,
and the Emerging Science of Human Nature." Science 322
(5903): 912–14.</mixed-citation>
         </ref>
         <ref id="d28407e537a1310">
            <mixed-citation id="d28407e541" publication-type="other">
Glass, Jennifer, Vern Bengston, and Charlotte Chorn Dun-
ham. 1986. "Attitude Similarity in Three-Generation Fam-
ilies: Socialization, Status Inheritance, or Reciprocal Influ-
tnctV'American Sociological Review 51 (5): 685–98.</mixed-citation>
         </ref>
         <ref id="d28407e557a1310">
            <mixed-citation id="d28407e561" publication-type="other">
Hatemi, Peter, John Alford, John Hibbing, Nicholas Martin,
and Lindon Eaves. 2009. "Is There a 'Party' in Your Genes?"
Political Research Quarterly 61(4): 584–600.</mixed-citation>
         </ref>
         <ref id="d28407e574a1310">
            <mixed-citation id="d28407e578" publication-type="other">
Hatemi, Peter, Carolyn Funk, Hermine Maes, Judy Silberg,
Sarah Medland, Nicholas Martin, and Lindon Eaves. 2009.
"Genetic Influences on Political Attitudes over the Life
Course." Journal of Politics 71(3): 1141–58.</mixed-citation>
         </ref>
         <ref id="d28407e594a1310">
            <mixed-citation id="d28407e598" publication-type="other">
Hatemi, Peter, John Hibbing, Sarah Medland, Matthew Keller,
John Alford, and Kevin B. Smith. 2010. "Not by Twins Alone:
Using the Extended Family Design to Investigate Genetic
Influence on Political Beliefs." American Journal of Political
Science 54(3): 798–814.</mixed-citation>
         </ref>
         <ref id="d28407e617a1310">
            <mixed-citation id="d28407e621" publication-type="other">
Hatemi, Peter K., C. Dawes, A. Forest-Keller, J. Settle, and B.
Verhulst. 2011. "News from the Political Front: Genetics of
Social Attitudes" Biodemography. Forthcoming.</mixed-citation>
         </ref>
         <ref id="d28407e634a1310">
            <mixed-citation id="d28407e638" publication-type="other">
Hatemi, Peter K., N. Gillespie, L. Eaves, B. Maher, B. Webb,
A. Heath, S. Medland, D. Smyth, H. Beeby, S. Godon,
G. Montgomery, G. Zhu, E. Byrne, and N. Martin. 2011.
"Genome-Wide Analysis of Political Attitudes." Journal of
Politics 73(1): 1–15.</mixed-citation>
         </ref>
         <ref id="d28407e658a1310">
            <mixed-citation id="d28407e662" publication-type="other">
Hatemi, Peter K., Katherine I. Morley, Sarah E. Medland, An-
drew C. Heath, and Nick G.Martin. 2007. "The Genetics of
Voting: An Australian Twin Study." Behavior Genetics 37(3):
435–48.</mixed-citation>
         </ref>
         <ref id="d28407e678a1310">
            <mixed-citation id="d28407e682" publication-type="other">
Heflick, Nathan Α., and Jamie L. Goldenberg. 2009. "Objec-
tifying Sarah Palin: Evidence That Objectification Causes
Women to Be Perceived as Less Competent and Less Fully
Human." Journal of Experimental Social Psychology 45(3):
598–601.</mixed-citation>
         </ref>
         <ref id="d28407e701a1310">
            <mixed-citation id="d28407e705" publication-type="other">
Hess, Robert, and Judith Torney. 1967. The Development of
Political Attitudes in Children. Chicago: Aldine.</mixed-citation>
         </ref>
         <ref id="d28407e715a1310">
            <mixed-citation id="d28407e719" publication-type="other">
Hibbing, John R., and Kevin B. Smith. 2008. "The Biology
of Political Behavior." Annals of the American Academy of
Political and Social Science 617(1): 6–14.</mixed-citation>
         </ref>
         <ref id="d28407e732a1310">
            <mixed-citation id="d28407e736" publication-type="other">
Hur, Yoon-Mi. 2007. "Effects of the Chorion Type on Prosocial
Behavior in Young South Korean Twins." Twin Research and
Human Genetics 10(5): 773–77.</mixed-citation>
         </ref>
         <ref id="d28407e749a1310">
            <mixed-citation id="d28407e753" publication-type="other">
Hyman, Herbert. 1959. Political Socialization. New York: Free
Press.</mixed-citation>
         </ref>
         <ref id="d28407e764a1310">
            <mixed-citation id="d28407e770" publication-type="other">
Jacobs, N., S. V. Gestel, C. Derom, E. Thiery, P. Veron, R. Derom,
and R. Vlietinck. 2001. "Heritability Estimates of Intelligence
in Twins: Effect of Chorion Type." Behavior Genetics 31(2):
209–17.</mixed-citation>
         </ref>
         <ref id="d28407e786a1310">
            <mixed-citation id="d28407e790" publication-type="other">
Jennings, M. Kent, and Richard Niemi. 1968. "The Transmission
of Political Values from Parent to Child." American Political
Science Review 62(1): 169–83.</mixed-citation>
         </ref>
         <ref id="d28407e803a1310">
            <mixed-citation id="d28407e807" publication-type="other">
Jennings, M. Kent, and Richard Niemi. 1975. "Continuity and
Change in Political Orientations: A Longitudinal Study of
Two Generations." American Political Science Review 69 (4):
1316–35.</mixed-citation>
         </ref>
         <ref id="d28407e823a1310">
            <mixed-citation id="d28407e827" publication-type="other">
Jennings, M. Kent, and Richard Niemi. 1991. "Issues and Inher-
itance in the Formation of Party Identification." American
Journal of Political Science 35(4): 970–88.</mixed-citation>
         </ref>
         <ref id="d28407e840a1310">
            <mixed-citation id="d28407e844" publication-type="other">
Jennings, M. Kent, Laura Stoker, and Jake Bowers. 2009. "Poli-
tics across Generations: Family Transmission Reexamined."
Journal of Politics 71(3): 782–99.</mixed-citation>
         </ref>
         <ref id="d28407e857a1310">
            <mixed-citation id="d28407e861" publication-type="other">
Johnson, D. R. McDermott, J. Cowden, E. Barrett,
R. Wrangham, and S. Rosen. 2006. "Overconfidence in
Wargames: Experiential Evidence on Expectations, Aggres-
sion, Gender and Testosterone." Proceedings of the Royal So-
ciety of London (Biology) 273(1600): 2513–20.</mixed-citation>
         </ref>
         <ref id="d28407e881a1310">
            <mixed-citation id="d28407e885" publication-type="other">
Joseph, Jay. 2004. The Gene Illusion: Genetic Research in Psychi-
atry and Psychology under the Microscope. New York: Algora.</mixed-citation>
         </ref>
         <ref id="d28407e895a1310">
            <mixed-citation id="d28407e899" publication-type="other">
Kendler, Κ. S., and L. J. Eaves. 1986. "Models for the Joint
Effect of Genotype and Environment on Liability to Psychi-
atric Illness." American Journal of Psychiatry 143(1): 279–
89.</mixed-citation>
         </ref>
         <ref id="d28407e915a1310">
            <mixed-citation id="d28407e919" publication-type="other">
Kendler, Κ. S., A. C. Heath, Ν. G. Martin, and L. J. Eaves.
1987. "Symptoms of Anxiety and Symptoms of Depression.
Same Genes, Different Environments?" Archives of General
Psychiatry 44(5): 451–57.</mixed-citation>
         </ref>
         <ref id="d28407e935a1310">
            <mixed-citation id="d28407e939" publication-type="other">
Klemmensen, Robert, Sara Binzer Hobolt, Asbjuorn Sonne
Norgaard, Inge Petersen, and Axel Skythe. 2010. "The Deter-
minants of Political Participation." Presented at the annual
meeting of the Midwest Political Science Association.</mixed-citation>
         </ref>
         <ref id="d28407e955a1310">
            <mixed-citation id="d28407e959" publication-type="other">
Kösfeld, Michael, Markus Heinrich, Paul Zak, Urs Fischbacher,
and Ernst Fehr. 2005. "Oxytocin Increases Trust in Humans."
Nature 425 (2 June): 673–76.</mixed-citation>
         </ref>
         <ref id="d28407e972a1310">
            <mixed-citation id="d28407e976" publication-type="other">
Krueger, Robert F., and Wendy Johnson. 2002. "The Minnesota
Twin Registry: Current Status and Future Directions." Twin
Research 5(5): 488–92.</mixed-citation>
         </ref>
         <ref id="d28407e990a1310">
            <mixed-citation id="d28407e994" publication-type="other">
Loehlin, J. C., and R. C. Nichols. 1976. Heredity, Environment,
and Personality. Austin: University of Texas Press.</mixed-citation>
         </ref>
         <ref id="d28407e1004a1310">
            <mixed-citation id="d28407e1008" publication-type="other">
Lykken, D. T., T. J. Bouchard, Jr., M. McGue, and
A. Tellegen. 1990. "The Minnesota Twin Family Registry:
Some Initial Findings." Acta Geneticae Medicae et Gemellog-
ica 39(1): 35–70.</mixed-citation>
         </ref>
         <ref id="d28407e1024a1310">
            <mixed-citation id="d28407e1028" publication-type="other">
Madsen, Douglas. 1985. "A Biochemical Property Relating to
Power Seeking in Humans." American Political Science Re-
view 79(2): 448–57.</mixed-citation>
         </ref>
         <ref id="d28407e1041a1310">
            <mixed-citation id="d28407e1045" publication-type="other">
Martin, Nicholas G., Lincon J. Eaves, Anthony C. Heath,
R. Jardine, L. M. Feingold, and Hans J. Eysenck. 1986.
"Transmission of Social Attitudes." Proceedings of the Na-
tional Academy of Sciences 15(June): 4364–68.</mixed-citation>
         </ref>
         <ref id="d28407e1061a1310">
            <mixed-citation id="d28407e1065" publication-type="other">
Masters, Roger. 1989. The Nature of Politics. New Haven, CT:
Yale University Press.</mixed-citation>
         </ref>
         <ref id="d28407e1075a1310">
            <mixed-citation id="d28407e1079" publication-type="other">
Medland, Sarah, and Peter Hatemi. 2009. "Political Science,
Biometrie Theory, and Twin Studies: A Methodological In-
troduction." Political Analysis 17(2): 191–214.</mixed-citation>
         </ref>
         <ref id="d28407e1093a1310">
            <mixed-citation id="d28407e1099" publication-type="other">
Melnick, M., N. C. Myrianthopoulos, and J. C. Christian. 1978.
"The Effects of Chorion Type on Variation in IQ in the NCPP
Twin Population." American Journal of Human Genetics 36
(4): 425–33.</mixed-citation>
         </ref>
         <ref id="d28407e1115a1310">
            <mixed-citation id="d28407e1119" publication-type="other">
Merelman, Richard M. 1971. "The Development of Policy
Thinking in Adolescence." American Political Science Review
65(4): 1033–47.</mixed-citation>
         </ref>
         <ref id="d28407e1132a1310">
            <mixed-citation id="d28407e1136" publication-type="other">
Möbius, Markus, and Tany Rosenblat. 2006. "Why Beauty Mat-
ters." American Economic Review 96(1): 222–35.</mixed-citation>
         </ref>
         <ref id="d28407e1146a1310">
            <mixed-citation id="d28407e1150" publication-type="other">
Oxley, Douglas R., Kevin B. Smith, John R. Alford, Matthew
V. Hibbing, Jennifer L. Miller, Mario Scalora, Peter K.
Hatemi, and John R. Hibbing. 2008. "Political Atti-
tudes Vary with Physiological Traits." Science 321(5896):
1667–70.</mixed-citation>
         </ref>
         <ref id="d28407e1169a1310">
            <mixed-citation id="d28407e1173" publication-type="other">
Posner, Samuel R, Laura Baker, Andrew Heath, and Nicholas
Martin. 1996. "Social Contact, Social Attitudes, and Twin
Similarity." Behavior Genetics 26(2): 123–33.</mixed-citation>
         </ref>
         <ref id="d28407e1186a1310">
            <mixed-citation id="d28407e1190" publication-type="other">
Purcell, Shaun. 2002. "Variance Components Models for Gene-
Environment Interaction in Twin Analysis." Twin Research
5(6): 554–71.</mixed-citation>
         </ref>
         <ref id="d28407e1204a1310">
            <mixed-citation id="d28407e1208" publication-type="other">
Purcell, Shaun. 2008. "Appendix: Statistical Methods in Be-
havioral Genetics." In Behavioral Genetics, 5th ed., ed.
Robert Plomin, John DeFries, Gerald McClearn, and
Peter McGuffin. New York: Worth.</mixed-citation>
         </ref>
         <ref id="d28407e1224a1310">
            <mixed-citation id="d28407e1228" publication-type="other">
Reed, T. D. Cannelli, and R. H. Rosenman. 1991. "Effects of
Placentation on Selected Type A Behaviors in Adult Males
in the National Heart, Lung, and Blood Institute (NHLBI)
Twin Study." Behavior Genetics 21(1): 9–19.</mixed-citation>
         </ref>
         <ref id="d28407e1244a1310">
            <mixed-citation id="d28407e1248" publication-type="other">
Rose, Richard J., and Jaakko Kaprio. 1988. "Frequency of Social
Contact and Intrapair Resemblance of Adulty Monozygotic
Cotwins—Or Does Shared Experience Influence Personality
After All?" Behavior Genetics 18(May): 309–28.</mixed-citation>
         </ref>
         <ref id="d28407e1264a1310">
            <mixed-citation id="d28407e1268" publication-type="other">
Rosenberg, Shawn, Lisa Bohan, Patrie McCafferty, and Kevin
Harris. 1986. "The Image and the Vote: The Effect of Can-
didate Presentation on Voter Preference." American Journal
of Political Science 30(1): 108–27.</mixed-citation>
         </ref>
         <ref id="d28407e1284a1310">
            <mixed-citation id="d28407e1288" publication-type="other">
Sapiro, Virginia. 2004. "Not Your Parents' Political Socializa-
tion: Introduction for a New Generation." Annual Review of
Political Science 7(1): 1–23.</mixed-citation>
         </ref>
         <ref id="d28407e1301a1310">
            <mixed-citation id="d28407e1305" publication-type="other">
Scarr, Sandra, and Louise Carter-Saltzman. 1979. "Twin
Method: Defense of a Critical Assumption." Behavior Ge-
netics 9(6): 527–42.</mixed-citation>
         </ref>
         <ref id="d28407e1319a1310">
            <mixed-citation id="d28407e1323" publication-type="other">
Sell, Aaaron, Leda Cosmides, John Tooby, Daniel Sznycer,
Christopher von Rueden, and Michel Gurven. 2009.
"Human Adaptations for the Visual Assessment of Strength
and Fighting Ability from the Body and Face." Proceedings
of the Royal Society Β 276 (1656): 575–84.</mixed-citation>
         </ref>
         <ref id="d28407e1342a1310">
            <mixed-citation id="d28407e1346" publication-type="other">
Smith, Kevin, Douglas Oxley, Matthew Hibbing, John Al-
ford, and John Hibbing. 2011. "Disgust Sensitivity and the
Neurophysiology of Left-Right Political Orientations." PLoS
One. Forthcoming.</mixed-citation>
         </ref>
         <ref id="d28407e1362a1310">
            <mixed-citation id="d28407e1366" publication-type="other">
Smith, Kevin B., and Peter K. Hatemi. 2011. "OLS is AOK
for ACE." University of Nebraska-Lincoln. Unpublished
manuscript.</mixed-citation>
         </ref>
         <ref id="d28407e1379a1310">
            <mixed-citation id="d28407e1383" publication-type="other">
Sokol, D. K., C. A. Moore, R. J. Rose, C. J. Williams, T. Reed,
and J. C. Christian. 1995. "Intrapair Differences in Personal-
ity and Cognitive Ability among Young Monozygotic Twins
Distinguished by Chorion Type." Behavior Genetics 25:
457–66.</mixed-citation>
         </ref>
         <ref id="d28407e1402a1310">
            <mixed-citation id="d28407e1406" publication-type="other">
Stoker, Laura, and M. Kent Jennings. 2008. "Of Time and the
Development of Partisan Polarization." American Journal of
Political Science 52(3): 619–35.</mixed-citation>
         </ref>
         <ref id="d28407e1419a1310">
            <mixed-citation id="d28407e1423" publication-type="other">
Suhay, Elizabeth, Nathan Kalmoe, and Christa McDermott.
2007. "Why Twin Studies Are Problematic for the Study
of Political Ideology: Rethinking Are Political Orientations
Genetically Transmitted?" Presented at the annual meet-
ing of the International Society of Political Psychology,
Portland, OR.</mixed-citation>
         </ref>
         <ref id="d28407e1447a1310">
            <mixed-citation id="d28407e1451" publication-type="other">
Tedin, Kent. 1974. "The Influence of Parents on the Political
Attitudes of Adolescents." American Political Science Review
68(4): 1579–92.</mixed-citation>
         </ref>
         <ref id="d28407e1464a1310">
            <mixed-citation id="d28407e1468" publication-type="other">
Turkheimer, Eric, Andreana Haley, Mary Waldron, Brian
D'Onofrio, and Irving I. Gottesman. 2003. "Socioeconomic
Status Modifies Heritability of IQ in Young Children."
Psychological Science 14(6): 623–628.</mixed-citation>
         </ref>
         <ref id="d28407e1484a1310">
            <mixed-citation id="d28407e1488" publication-type="other">
Vanman, Eric J., Jessica Saltz, Lauri Nathan, and Jennifer
Warren. 2004. "Racial Discrimination by Low-Prejudiced
Whites: Facial Movements as Implicit Measures of Attitudes
Related to Behavior." Psychological Science 15(11): 711–14.</mixed-citation>
         </ref>
         <ref id="d28407e1504a1310">
            <mixed-citation id="d28407e1508" publication-type="other">
Visscher, Peter M., Sarah E. Medland, Katherine I. Morley,
Gu Zhu, Belinda K. Cornes, Grant W. Montgomery, and
Nicholas G. Martin. 2006. "Assumption-Free Estimation of
Heritability from Genome-Wide Identity-by-Descent Shar-
ing between Full Siblings." PLoS Genetics 2(3): 316–24.</mixed-citation>
         </ref>
         <ref id="d28407e1527a1310">
            <mixed-citation id="d28407e1531" publication-type="other">
Wilson, G. D., and J. R. Patterson. 1968. "A New Measure of
Social Conservatism." British Journal of Social and Clinical
Psychology 7(4): 264–69.</mixed-citation>
         </ref>
         <ref id="d28407e1544a1310">
            <mixed-citation id="d28407e1548" publication-type="other">
Zak, Paul, Robert Kurzban, and William Matzer. 2005. "Oxy-
tocin Is Associated with Human Trustworthiness." Hor-
mones and Behavior 48(5): 522–27.</mixed-citation>
         </ref>
         <ref id="d28407e1562a1310">
            <mixed-citation id="d28407e1566" publication-type="other">
Zaller, John. 1992. The Nature and Origins of Mass Opinion.
New York: Cambridge University Press.</mixed-citation>
         </ref>
         <ref id="d28407e1576a1310">
            <mixed-citation id="d28407e1580" publication-type="other">
Zuckerman, Alan S., Josip Dasovic, and Jennifer Fitzgerald.
2007. Partisan Families: The Social Logic of Bounded Par-
tisanship in Germany and Britain. Cambridge: Cambridge
University Press.</mixed-citation>
         </ref>
      </ref-list>
   </back>
</article>
