<article dtd-version="1.0" article-type="research-article">
   <front>
      <journal-meta>
         <journal-id xmlns:xlink="http://www.w3.org/1999/xlink" journal-id-type="jstor">amerjpoliscie</journal-id>
         <journal-id xmlns:xlink="http://www.w3.org/1999/xlink" journal-id-type="jstor">j100487</journal-id>
         <journal-title-group xmlns:xlink="http://www.w3.org/1999/xlink">
            <journal-title>American Journal of Political Science</journal-title>
         </journal-title-group>
         <publisher>
            <publisher-name>Wiley Subscription Services</publisher-name>
         </publisher>
         <issn xmlns:xlink="http://www.w3.org/1999/xlink" pub-type="ppub">00925853</issn>
         <issn xmlns:xlink="http://www.w3.org/1999/xlink" pub-type="epub">15405907</issn>
      </journal-meta>
      <article-meta>
         <article-id xmlns:xlink="http://www.w3.org/1999/xlink" pub-id-type="jstor">23187104</article-id>
         <title-group>
            <article-title>Separated Powers in the United States: The Ideology of Agencies, Presidents, and Congress</article-title>
         </title-group>
         <contrib-group>
            <contrib>
               <string-name xmlns:xlink="http://www.w3.org/1999/xlink">
                  <given-names>Joshua D.</given-names>
                  <surname>Clinton</surname>
               </string-name>
            </contrib>
            <contrib>
               <string-name xmlns:xlink="http://www.w3.org/1999/xlink">
                  <given-names>Anthony</given-names>
                  <surname>Bertelli</surname>
               </string-name>
            </contrib>
            <contrib>
               <string-name xmlns:xlink="http://www.w3.org/1999/xlink">
                  <given-names>Christian R.</given-names>
                  <surname>Grose</surname>
               </string-name>
            </contrib>
            <contrib>
               <string-name xmlns:xlink="http://www.w3.org/1999/xlink">
                  <given-names>David E.</given-names>
                  <surname>Lewis</surname>
               </string-name>
            </contrib>
            <contrib>
               <string-name xmlns:xlink="http://www.w3.org/1999/xlink">
                  <given-names>David C.</given-names>
                  <surname>Nixon</surname>
               </string-name>
            </contrib>
         </contrib-group>
         <pub-date xmlns:xlink="http://www.w3.org/1999/xlink">
            <day>1</day>
            <month>4</month>
            <year>2012</year>
         </pub-date>
         <volume>56</volume>
         <issue>2</issue>
         <issue-id xmlns:xlink="http://www.w3.org/1999/xlink">i23187097</issue-id>
         <fpage>341</fpage>
         <lpage>354</lpage>
         <permissions>
            <copyright-statement>© 2012 Midwest Political Science Association</copyright-statement>
         </permissions>
         <self-uri xmlns:xlink="http://www.w3.org/1999/xlink"
                   xlink:href="http://www.jstor.org/stable/23187104"/>
         <abstract>
            <p>Government agencies service interest groups, advocate policies, provide advice to elected officials, and create and implement public policy. Scholars have advanced theories to explain the role of agencies in American politics, but efforts to test these theories are hampered by the inability to systematically measure agency preferences. We present a method for measuring agency ideology that yields ideal point estimates of individual bureaucrats and agencies that are directly comparable with those of other political actors. These estimates produce insights into the nature of the bureaucratic state and provide traction on a host of questions about American politics. We discuss what these estimates reveal about the political environment of bureaucracy and their potential for testing theories of political institutions. We demonstrate their utility by testing key propositions from Gailmard and Patty's (2007) influential model of political control and endogenous expertise development.</p>
         </abstract>
         <custom-meta-group xmlns:xlink="http://www.w3.org/1999/xlink">
            <custom-meta>
               <meta-name>lang</meta-name>
               <meta-value>eng</meta-value>
            </custom-meta>
         </custom-meta-group>
      </article-meta>
   </front>
   <back>
      <fn-group xmlns:xlink="http://www.w3.org/1999/xlink">
         <title>[Footnotes]</title>
         <fn id="d26873e220a1310">
            <label>1</label>
            <p>
               <mixed-citation id="d26873e227" publication-type="other">
Bertelli 2010</mixed-citation>
            </p>
            <p>
               <mixed-citation id="d26873e233" publication-type="other">
Bertelli and Grose 2006</mixed-citation>
            </p>
            <p>
               <mixed-citation id="d26873e239" publication-type="other">
Clinton 2006</mixed-citation>
            </p>
            <p>
               <mixed-citation id="d26873e246" publication-type="other">
Grose
2011, 64-78</mixed-citation>
            </p>
            <p>
               <mixed-citation id="d26873e255" publication-type="other">
Poole and Rosenthal 1997</mixed-citation>
            </p>
            <p>
               <mixed-citation id="d26873e261" publication-type="other">
Bailey 2007</mixed-citation>
            </p>
            <p>
               <mixed-citation id="d26873e267" publication-type="other">
Martin and Quinn 2002</mixed-citation>
            </p>
            <p>
               <mixed-citation id="d26873e273" publication-type="other">
Bailey 2007</mixed-citation>
            </p>
            <p>
               <mixed-citation id="d26873e279" publication-type="other">
Bertelli and Grose 2007</mixed-citation>
            </p>
            <p>
               <mixed-citation id="d26873e286" publication-type="other">
Poole and Rosenthal
1997</mixed-citation>
            </p>
            <p>
               <mixed-citation id="d26873e295" publication-type="other">
Treier 2010</mixed-citation>
            </p>
         </fn>
         <fn id="d26873e302a1310">
            <label>4</label>
            <p>
               <mixed-citation id="d26873e309" publication-type="other">
Clinton, Jackman, and Rivers (2004).</mixed-citation>
            </p>
         </fn>
         <fn id="d26873e316a1310">
            <label>11</label>
            <p>
               <mixed-citation id="d26873e323" publication-type="other">
www.omb.gov</mixed-citation>
            </p>
            <p>
               <mixed-citation id="d26873e329" publication-type="other">
www.policyagendas.org.</mixed-citation>
            </p>
         </fn>
      </fn-group>
      <ref-list>
         <title>References</title>
         <ref id="d26873e345a1310">
            <mixed-citation id="d26873e349" publication-type="other">
Aberbach, Joel D. 1990. Keeping a Watchful Eye. Washington,
DC: Brookings Institution Press.</mixed-citation>
         </ref>
         <ref id="d26873e359a1310">
            <mixed-citation id="d26873e363" publication-type="other">
Aberbach, Joel D., Robert D. Putnam, and Bert A. Rockman.
1981. Bureaucrats and Politicians in Western Democracies.
Cambridge, MA: Harvard University Press.</mixed-citation>
         </ref>
         <ref id="d26873e376a1310">
            <mixed-citation id="d26873e380" publication-type="other">
Aberbach, Joel D., and Bert A. Rockman. 1976. "Clashing Beliefs
within the Executive Branch: The Nixon Administration Bu-
reaucracy." American Political Science Review 70(2): 456-68.</mixed-citation>
         </ref>
         <ref id="d26873e393a1310">
            <mixed-citation id="d26873e397" publication-type="other">
Aberbach, Joel D., and Bert A. Rockman. 2000. In the Web of
Politics. Washington, DC: Brookings Institution Press.</mixed-citation>
         </ref>
         <ref id="d26873e408a1310">
            <mixed-citation id="d26873e412" publication-type="other">
Arnold, R. Douglas. 1979. Congress and the Bureaucracy. New
Haven, CT: Yale University Press.</mixed-citation>
         </ref>
         <ref id="d26873e422a1310">
            <mixed-citation id="d26873e426" publication-type="other">
Bafumi, Joseph, and Michael C. Herron. 2010. "Leapfrog Rep-
resentation and Extremism: A Study of American Voters
and Their Members of Congress." American Political Science
Review 104(3): 519-42.</mixed-citation>
         </ref>
         <ref id="d26873e442a1310">
            <mixed-citation id="d26873e446" publication-type="other">
Bailey, Michael A. 2007. "Comparable Preference Estimates
across Time and Institutions for the Court, Congress, and
Presidency." American Journal of Political Science 51(3):
433-48.</mixed-citation>
         </ref>
         <ref id="d26873e462a1310">
            <mixed-citation id="d26873e466" publication-type="other">
Bendor, Jonathan, and Adam Meirowitz. 2004. "Spatial Mod-
els of Delegation." American Political Science Review 98(2):
293-310.</mixed-citation>
         </ref>
         <ref id="d26873e479a1310">
            <mixed-citation id="d26873e483" publication-type="other">
Bertelli, Anthony M. 2010. "Congressional Ideology and Ad-
ministrative Oversight." Historical Methods 43(3):125-37.</mixed-citation>
         </ref>
         <ref id="d26873e493a1310">
            <mixed-citation id="d26873e497" publication-type="other">
Bertelli, Anthony, and Sven E. Feldmann. 2007. "Strategic Ap-
pointments." Journal of Public Administration Research &amp;
Theory 17(1): 19-38.</mixed-citation>
         </ref>
         <ref id="d26873e511a1310">
            <mixed-citation id="d26873e515" publication-type="other">
Bertelli, Anthony M., and Christian R. Grose. 2006. "The Spatial
Model and the Senate Trial of President Clinton." American
Politics Research 34(4): 535-59.</mixed-citation>
         </ref>
         <ref id="d26873e528a1310">
            <mixed-citation id="d26873e532" publication-type="other">
Bertelli, Anthony M., and Christian R. Grose. 2007. "Agree-
able Administrators? The Public Positions of Cabinet Secre-
taries and Presidents." Presidential Studies Quarterly 37(2):
228-47.</mixed-citation>
         </ref>
         <ref id="d26873e548a1310">
            <mixed-citation id="d26873e552" publication-type="other">
Bertelli, Anthony M., and Christian R. Grose. 2009. "Secretaries
of Pork? A New Theory of Distributive Politics." Journal of
Politics 71(3): 926-45.</mixed-citation>
         </ref>
         <ref id="d26873e565a1310">
            <mixed-citation id="d26873e569" publication-type="other">
Bertelli, Anthony M., and Christian R. Grose. 2011. "The
Lengthened Shadow of Another Institution? Ideal Point Es-
timates for the Executive Branch and Congress." American
Journal of Political Science 55(4): 767-81.</mixed-citation>
         </ref>
         <ref id="d26873e585a1310">
            <mixed-citation id="d26873e589" publication-type="other">
Boehmke, Frederick J., Sean Gailmard, and John W. Patty. 2005.
"Whose Ear to Bend? Information Sources and Venue Choice
in Policy-Making." Quarterly Journal of Political Science 1(2):
139-69.</mixed-citation>
         </ref>
         <ref id="d26873e605a1310">
            <mixed-citation id="d26873e609" publication-type="other">
Carpenter, Daniel P. 2001. The Forging of Bureaucratic Auton-
omy. Princeton, NJ: Princeton University Press.</mixed-citation>
         </ref>
         <ref id="d26873e620a1310">
            <mixed-citation id="d26873e624" publication-type="other">
Clinton, Joshua D. 2006. "Representation in Congress: Con-
stituents and Roll Calls in the 106th House," Journal of Poli-
tics 68(2): 397-409.</mixed-citation>
         </ref>
         <ref id="d26873e637a1310">
            <mixed-citation id="d26873e641" publication-type="other">
Clinton, Joshua D., Simon Jackman, and Doug Rivers. 2004.
"The Statistical Analysis of Roll Call Voting: A Uni-
fied Approach." American Political Science Review 98(2):
355-70.</mixed-citation>
         </ref>
         <ref id="d26873e657a1310">
            <mixed-citation id="d26873e661" publication-type="other">
Clinton, Joshua D., and David E. Lewis. 2008. "Expert Opinion,
Agency Characteristics, and Agency Preferences." Political
Analysis 16(1): 3-20.</mixed-citation>
         </ref>
         <ref id="d26873e674a1310">
            <mixed-citation id="d26873e678" publication-type="other">
Cohen, Jeffrey E. 1986. "The Dynamics of the 'Revolving Door'
on the FCC." American Journal of Political Science 30(4):
689-708.</mixed-citation>
         </ref>
         <ref id="d26873e691a1310">
            <mixed-citation id="d26873e695" publication-type="other">
Epstein, David, and Sharyn O'Halloran. 1999. Delegating Pow-
ers. New York: Cambridge University Press.</mixed-citation>
         </ref>
         <ref id="d26873e705a1310">
            <mixed-citation id="d26873e709" publication-type="other">
Epstein, Lee, Andrew D. Martin, Jeffrey A. Segal, and Chad
Westerland. 2007. "The Judicial Common Space." Journal of
Law, Economics, and Organization 23(2): 303-25.</mixed-citation>
         </ref>
         <ref id="d26873e723a1310">
            <mixed-citation id="d26873e727" publication-type="other">
Freeman, J. Leiper. 1965. The Political Process. New York:
Random House.</mixed-citation>
         </ref>
         <ref id="d26873e737a1310">
            <mixed-citation id="d26873e741" publication-type="other">
Gailmard, Sean, and John W. Patty. 2007. "Slackers and Zealots:
Civil Service, Policy Discretion, and Bureaucratic Expertise."
American Journal of Political Science 51(4): 873-99.</mixed-citation>
         </ref>
         <ref id="d26873e754a1310">
            <mixed-citation id="d26873e758" publication-type="other">
Gilmour, John B., and David E. Lewis. 2006. "Political Ap-
pointees and the Competence of Federal Program Manage-
ment." American Politics Research 34(1): 22-50.</mixed-citation>
         </ref>
         <ref id="d26873e771a1310">
            <mixed-citation id="d26873e775" publication-type="other">
Golden, Marissa Martino. 2000. What Motivates Bureaucrats?
New York: Columbia University Press.</mixed-citation>
         </ref>
         <ref id="d26873e785a1310">
            <mixed-citation id="d26873e789" publication-type="other">
Grose, Christian R. 2011. Congress in Black and White: Race
and Representation in Washington and at Home. New York:
Cambridge University Press.</mixed-citation>
         </ref>
         <ref id="d26873e802a1310">
            <mixed-citation id="d26873e806" publication-type="other">
Huber, John D., and Charles R. Shipan. 2002. Deliberate Discre-
tion? New York: Cambridge University Press.</mixed-citation>
         </ref>
         <ref id="d26873e817a1310">
            <mixed-citation id="d26873e821" publication-type="other">
Jessee, Stephen. 2009. "Spatial Voting in the 2008 Presiden-
tial Election." American Political Science Review 103(1):
59-81.</mixed-citation>
         </ref>
         <ref id="d26873e834a1310">
            <mixed-citation id="d26873e838" publication-type="other">
Jessee, Stephen. 2010. "Partisan Bias, Political Information and
Spatial Voting in the 2008 Presidential Election." Journal of
Politics 72(2): 327-40.</mixed-citation>
         </ref>
         <ref id="d26873e851a1310">
            <mixed-citation id="d26873e855" publication-type="other">
Krehbiel, Keith. 1991. Information and Legislative Organization.
Ann Arbor: University of Michigan Press.</mixed-citation>
         </ref>
         <ref id="d26873e865a1310">
            <mixed-citation id="d26873e869" publication-type="other">
Lewis, David E. 2008. Politics of Presidential Appointments.
Princeton, NJ: Princeton University Press.</mixed-citation>
         </ref>
         <ref id="d26873e879a1310">
            <mixed-citation id="d26873e883" publication-type="other">
Maranto, Robert. 1993a. "Still Clashing after All These Years:
Ideological Conflict in the Reagan Executive." American
Journal of Political Science 37(3): 681-98.</mixed-citation>
         </ref>
         <ref id="d26873e896a1310">
            <mixed-citation id="d26873e900" publication-type="other">
Maranto, Robert. 1993b. Politics and Bureaucracy in the Modern
Presidency. Westport, CT: Greenwood Press.</mixed-citation>
         </ref>
         <ref id="d26873e911a1310">
            <mixed-citation id="d26873e915" publication-type="other">
Maranto, Robert. 2005. Beyond a Government of Strangers.
Lanham, MD: Lexington Books.</mixed-citation>
         </ref>
         <ref id="d26873e925a1310">
            <mixed-citation id="d26873e929" publication-type="other">
Maranto, Robert, and Karen M. Hult. 2004. "Right Turn? Po-
litical Ideology in the Higher Civil Service, 1987-1994."
American Review of Public Administration 34(2): 199-222.</mixed-citation>
         </ref>
         <ref id="d26873e942a1310">
            <mixed-citation id="d26873e946" publication-type="other">
Martin, Andrew D., and Kevin M. Quinn. 2002. "Dynamic Ideal
Point Estimation via Markov Chain Monte Carlo for the US.
Supreme Court, 1953-1999." Political Analysis 10: 134-53.</mixed-citation>
         </ref>
         <ref id="d26873e959a1310">
            <mixed-citation id="d26873e963" publication-type="other">
Michaels, Judith E. 1997. The President's Call: Executive Leader-
ship from FDR to George Bush. Pittsburgh, PA: University of
Pittsburgh Press.</mixed-citation>
         </ref>
         <ref id="d26873e976a1310">
            <mixed-citation id="d26873e980" publication-type="other">
McCarty, Nolan M„ and Keith T. Poole. 1995. "Veto Power and
Legislation: An Empirical Analysis of Executive and Legisla-
tive Bargaining from 1961 to 1986." Journal of Law, Eco-
nomics, and Organization 11(2): 282-312.</mixed-citation>
         </ref>
         <ref id="d26873e996a1310">
            <mixed-citation id="d26873e1000" publication-type="other">
McCubbins, Mathew D., Roger Noll, and Barry Weingast. 1987.
"Administrative Procedures as Instruments of Political Con-
trol." Journal of Law, Economics, and Organization 3(2):
243-77.</mixed-citation>
         </ref>
         <ref id="d26873e1017a1310">
            <mixed-citation id="d26873e1021" publication-type="other">
McCubbins, Mathew D., Roger Noll, and Barry Weingast. 1989.
"Structure and Process, Politics and Policy: Administrative
Arrangements and the Political Control of Agencies." Vir-
ginia Law Review 75(2): 431-82.</mixed-citation>
         </ref>
         <ref id="d26873e1037a1310">
            <mixed-citation id="d26873e1041" publication-type="other">
McCubbins, Mathew D., and Thomas Schwartz. 1984. "Con-
gressional Oversight Overlooked: Police Patrol versus Fire
Alarm." American Journal of Political Science 28(1): 165-77.</mixed-citation>
         </ref>
         <ref id="d26873e1054a1310">
            <mixed-citation id="d26873e1058" publication-type="other">
Meier, Kenneth John, and Lloyd G. Nigro. 1976. "Representative
Bureaucracy and Policy Preferences: A Study in the Attitudes
of Federal Executives." Public Administration Review 36(4):
458-69.</mixed-citation>
         </ref>
         <ref id="d26873e1074a1310">
            <mixed-citation id="d26873e1078" publication-type="other">
Moe, Terry M. 1985a. "The Politicized Presidency." In The New
Direction in American Politics, ed. J. E. Chubb and P. E.
Peterson. Washington, DC: Brookings Institution Press,
235-71.</mixed-citation>
         </ref>
         <ref id="d26873e1094a1310">
            <mixed-citation id="d26873e1098" publication-type="other">
Moe, Terry M. 1985b. Control and Feedback in Economic Reg-
ulation: The Case of the NLRB. American Political Science
Review 79(4): 1094-1116.</mixed-citation>
         </ref>
         <ref id="d26873e1111a1310">
            <mixed-citation id="d26873e1115" publication-type="other">
Nathan, Richard P. 1975. The Plot That Failed: Nixon
and the Administrative Presidency. New York: John
Wiley.</mixed-citation>
         </ref>
         <ref id="d26873e1129a1310">
            <mixed-citation id="d26873e1133" publication-type="other">
Nixon, David C. 2004. "Separation of Powers and Appointee
Ideology." Journal of Law, Economics, and Organization
20(2): 438-57.</mixed-citation>
         </ref>
         <ref id="d26873e1146a1310">
            <mixed-citation id="d26873e1150" publication-type="other">
Patty, John W. 2009. "The Politics of Biased Information." Jour-
nal of Politics 71: 385-97.</mixed-citation>
         </ref>
         <ref id="d26873e1160a1310">
            <mixed-citation id="d26873e1164" publication-type="other">
Poole, Keith. 1998. "Estimating a Basic Space from a Set of Issue
Scales." American Journal of Political Science 42(3): 954-
93.</mixed-citation>
         </ref>
         <ref id="d26873e1177a1310">
            <mixed-citation id="d26873e1181" publication-type="other">
Poole, Keith, and Howard Rosenthal. 2007. Ideology and
Congress. New Brunswick, NJ: Transaction Press.</mixed-citation>
         </ref>
         <ref id="d26873e1191a1310">
            <mixed-citation id="d26873e1195" publication-type="other">
Rourke, Francis. 1969. "Variations in Agency Power." In Bu-
reaucratic Power in National Politics, ed. Francis E. Rourke.
Boston: Little, Brown, 240-62.</mixed-citation>
         </ref>
         <ref id="d26873e1208a1310">
            <mixed-citation id="d26873e1212" publication-type="other">
Snyder, Susan K., and Barry R. Weingast. 2000. "The American
System of Shared Powers: The President, Congress, and the
NLRB." Journal of Law, Economics, and Organization 16(2):
269-305.</mixed-citation>
         </ref>
         <ref id="d26873e1229a1310">
            <mixed-citation id="d26873e1233" publication-type="other">
Treier, Shawn. 2010. "Where Does the President Stand? Measur-
ing Presidential Ideology." Political Analysis 18(1): 124-36.</mixed-citation>
         </ref>
         <ref id="d26873e1243a1310">
            <mixed-citation id="d26873e1247" publication-type="other">
Weingast, Barry W., and Mark J. Moran. 1983. "Bureaucratic
Discretion or Congressional Control? Regulatory Policy-
making by the Federal Trade Commission." Journal of Polit-
ical Economy 91(5): 765-800.</mixed-citation>
         </ref>
         <ref id="d26873e1263a1310">
            <mixed-citation id="d26873e1267" publication-type="other">
Weko, Thomas J. 1995. The Politicizing Presidency. Lawrence:
University Press of Kansas.</mixed-citation>
         </ref>
         <ref id="d26873e1277a1310">
            <mixed-citation id="d26873e1281" publication-type="other">
Whitford, Andrew B. 2005. "The Pursuit of Political Control by
Multiple Principals." Journal of Politics 67(1): 29-49.</mixed-citation>
         </ref>
         <ref id="d26873e1291a1310">
            <mixed-citation id="d26873e1295" publication-type="other">
Wilson, James Q. 1989. Bureaucracy. New York: Basic Books.</mixed-citation>
         </ref>
         <ref id="d26873e1302a1310">
            <mixed-citation id="d26873e1306" publication-type="other">
Wood, B. Dan, and Richard W. Waterman. 1994. Bureaucratic
Dynamics. Boulder, CO: Westview Press.</mixed-citation>
         </ref>
      </ref-list>
   </back>
</article>
