<article dtd-version="1.0" article-type="research-article">
   <front>
      <journal-meta>
         <journal-id xmlns:xlink="http://www.w3.org/1999/xlink" journal-id-type="jstor">amerjpoliscie</journal-id>
         <journal-id xmlns:xlink="http://www.w3.org/1999/xlink" journal-id-type="jstor">j100487</journal-id>
         <journal-title-group xmlns:xlink="http://www.w3.org/1999/xlink">
            <journal-title>American Journal of Political Science</journal-title>
         </journal-title-group>
         <publisher>
            <publisher-name>Wiley Subscription Services</publisher-name>
         </publisher>
         <issn xmlns:xlink="http://www.w3.org/1999/xlink" pub-type="ppub">00925853</issn>
         <issn xmlns:xlink="http://www.w3.org/1999/xlink" pub-type="epub">15405907</issn>
      </journal-meta>
      <article-meta>
         <article-id xmlns:xlink="http://www.w3.org/1999/xlink" pub-id-type="jstor">23187113</article-id>
         <article-categories>
            <subj-group>
               <subject>AJPS WORKSHOPS</subject>
            </subj-group>
         </article-categories>
         <title-group>
            <article-title>Strengthening the Experimenter's Toolbox: Statistical Estimation of Internal Validity</article-title>
         </title-group>
         <contrib-group>
            <contrib>
               <string-name xmlns:xlink="http://www.w3.org/1999/xlink">
                  <given-names>Luke</given-names>
                  <surname>Keele</surname>
               </string-name>
            </contrib>
            <contrib>
               <string-name xmlns:xlink="http://www.w3.org/1999/xlink">
                  <given-names>Corrine</given-names>
                  <surname>McConnaughy</surname>
               </string-name>
            </contrib>
            <contrib>
               <string-name xmlns:xlink="http://www.w3.org/1999/xlink">
                  <given-names>Ismail</given-names>
                  <surname>White</surname>
               </string-name>
            </contrib>
         </contrib-group>
         <pub-date xmlns:xlink="http://www.w3.org/1999/xlink">
            <day>1</day>
            <month>4</month>
            <year>2012</year>
         </pub-date>
         <volume>56</volume>
         <issue>2</issue>
         <issue-id xmlns:xlink="http://www.w3.org/1999/xlink">i23187097</issue-id>
         <fpage>484</fpage>
         <lpage>499</lpage>
         <permissions>
            <copyright-statement>© 2012 Midwest Political Science Association</copyright-statement>
         </permissions>
         <self-uri xmlns:xlink="http://www.w3.org/1999/xlink"
                   xlink:href="http://www.jstor.org/stable/23187113"/>
         <abstract>
            <p>Experiments have become an increasingly common tool for political science researchers over the last decade, particularly laboratory experiments performed on small convenience samples. We argue that the standard normal theory statistical paradigm used in political science fails to meet the needs of these experimenters and outline an alternative approach to statistical inference based on randomization of the treatment. The randomization inference approach not only provides direct estimation of the experimenter's quantity of interest—the certainty of the causal inference about the observed units—but also helps to deal with other challenges of small samples. We offer an introduction to the logic of randomization inference, a brief overview of its technical details, and guidance for political science experimenters about making analytic choices within the randomization inference framework. Finally, we reanalyze data from two political science experiments using randomization tests to illustrate the inferential differences that choosing a randomization inference approach can make.</p>
         </abstract>
         <custom-meta-group xmlns:xlink="http://www.w3.org/1999/xlink">
            <custom-meta>
               <meta-name>lang</meta-name>
               <meta-value>eng</meta-value>
            </custom-meta>
         </custom-meta-group>
      </article-meta>
   </front>
   <back>
      <fn-group xmlns:xlink="http://www.w3.org/1999/xlink">
         <title>[Footnotes]</title>
         <fn id="d26796e193a1310">
            <label>1</label>
            <p>
               <mixed-citation id="d26796e200" publication-type="other">
Lehmann and Romano 2005</mixed-citation>
            </p>
         </fn>
         <fn id="d26796e207a1310">
            <label>2</label>
            <p>
               <mixed-citation id="d26796e216" publication-type="other">
Hansen and Bowers (2008)</mixed-citation>
            </p>
            <p>
               <mixed-citation id="d26796e222" publication-type="other">
Ho and Imai (2006)</mixed-citation>
            </p>
            <p>
               <mixed-citation id="d26796e229" publication-type="other">
Fowler and Kam
(2007)</mixed-citation>
            </p>
         </fn>
         <fn id="d26796e239a1310">
            <label>3</label>
            <p>
               <mixed-citation id="d26796e246" publication-type="other">
Sprent and Smeeton (2007).</mixed-citation>
            </p>
         </fn>
         <fn id="d26796e253a1310">
            <label>4</label>
            <p>
               <mixed-citation id="d26796e260" publication-type="other">
Lehmann (1975).</mixed-citation>
            </p>
         </fn>
         <fn id="d26796e268a1310">
            <label>7</label>
            <p>
               <mixed-citation id="d26796e275" publication-type="other">
Hansen and Bowers (2009).</mixed-citation>
            </p>
         </fn>
         <fn id="d26796e282a1310">
            <label>8</label>
            <p>
               <mixed-citation id="d26796e289" publication-type="other">
Rubin (1986)</mixed-citation>
            </p>
         </fn>
         <fn id="d26796e296a1310">
            <label>13</label>
            <p>
               <mixed-citation id="d26796e303" publication-type="other">
Rosenbaum (2001)</mixed-citation>
            </p>
         </fn>
         <fn id="d26796e310a1310">
            <label>17</label>
            <p>
               <mixed-citation id="d26796e317" publication-type="other">
Hollander and Wolfe 1999</mixed-citation>
            </p>
         </fn>
      </fn-group>
      <ref-list>
         <title>References</title>
         <ref id="d26796e333a1310">
            <mixed-citation id="d26796e337" publication-type="other">
Fisher, Ronald A. 1935. The Design of Experiments. London:
Oliver and Boyd.</mixed-citation>
         </ref>
         <ref id="d26796e347a1310">
            <mixed-citation id="d26796e351" publication-type="other">
Fowler, James H., and Cindy D. Kam. 2007. "Beyond the Self:
Social Identity, Altruism, and Political Participation." Jour-
nal of Politics 69(3): 813-27.</mixed-citation>
         </ref>
         <ref id="d26796e364a1310">
            <mixed-citation id="d26796e368" publication-type="other">
Freedman, David A. 2008a."0n Regression Adjustments in Ex-
perimental Data." Advances in Applied Mathematics 40(2):
180-93.</mixed-citation>
         </ref>
         <ref id="d26796e381a1310">
            <mixed-citation id="d26796e385" publication-type="other">
Freedman, David A. 2008b. "On Regression Adjustments in
Experiments with Several Treatments." Annals of Applied
Statistics 2(1): 179-96.</mixed-citation>
         </ref>
         <ref id="d26796e399a1310">
            <mixed-citation id="d26796e403" publication-type="other">
Freedman, David A. 2008c. "Randomization Does Not Justify
Logistic Regression." Statistical Science 23(2): 237-49.</mixed-citation>
         </ref>
         <ref id="d26796e413a1310">
            <mixed-citation id="d26796e417" publication-type="other">
Gelman, Andrew, and Jennifer Hill. 2006. Data Analysis Using
Regression and Multilevel/Hierarchical Models. Cambridge:
Cambridge University Press.</mixed-citation>
         </ref>
         <ref id="d26796e430a1310">
            <mixed-citation id="d26796e434" publication-type="other">
Gill, Jeff. 1999. "The Insignificance of Null Hypothesis Signifi-
cance Testing." Political Research Quarterly 52(3): 647-74.</mixed-citation>
         </ref>
         <ref id="d26796e444a1310">
            <mixed-citation id="d26796e448" publication-type="other">
Hansen, Ben B., and Jake Bowers. 2008. "Covariate Balance
in Simple, Stratified, and Clustered Comparative Studies."
Statistical Science 23(2): 219-36.</mixed-citation>
         </ref>
         <ref id="d26796e461a1310">
            <mixed-citation id="d26796e465" publication-type="other">
Hansen, Ben B., and Jake Bowers. 2009. "Attributing Effects to a
Clustered Randomized Get-Out-the-Vote Campaign." Jour-
nal of the American Statistical Association 104(487): 873-85.</mixed-citation>
         </ref>
         <ref id="d26796e478a1310">
            <mixed-citation id="d26796e482" publication-type="other">
Higgins, James J. 2003. Introduction to Modern Nonparametric
Statistics. Belmont, CA: Duxbury Press.</mixed-citation>
         </ref>
         <ref id="d26796e493a1310">
            <mixed-citation id="d26796e497" publication-type="other">
Ho, Daniel E., and Kosuke Imai. 2006. "Randomization Infer-
ence with Natural Experiments: An Analysis of Ballot Effects
in the 2003 Election." Journal of the American Statistical As-
sociation 101(475): 888-900.</mixed-citation>
         </ref>
         <ref id="d26796e513a1310">
            <mixed-citation id="d26796e517" publication-type="other">
Hodges, J. L., and E. L. Lehmann. 1963. "Estimates of Loca-
tion Based on Ranks." The Annals of Mathematical Statistics
34(2): 598-611.</mixed-citation>
         </ref>
         <ref id="d26796e530a1310">
            <mixed-citation id="d26796e534" publication-type="other">
Hoeffding, W. 1952. "The Large Sample Power of Tests Based
on Permutations of the Observations." The Annals of Math-
ematical Statistics 23(2): 169-92.</mixed-citation>
         </ref>
         <ref id="d26796e547a1310">
            <mixed-citation id="d26796e551" publication-type="other">
Hollander, Myles, and Douglas A. Wolfe. 1999. Nonparametric
Statistical Methods. 2nd ed. New York: John Wiley and Sons.</mixed-citation>
         </ref>
         <ref id="d26796e561a1310">
            <mixed-citation id="d26796e565" publication-type="other">
Imbens, Guido W., and Paul Rosenbaum. 2005. "Robust, Accu-
rate Confidence Intervals with a Weak Instrument: Quarter
of Birth and Education." Journal of the Royal Statistical So-
ciety Series A 168(1): 109-26.</mixed-citation>
         </ref>
         <ref id="d26796e581a1310">
            <mixed-citation id="d26796e585" publication-type="other">
Imbens, Guido W., and Donald B. Rubin. 2008. Causal Inference
in Statistics and the Medical and Social Sciences. Cambridge:
Cambridge University Press.</mixed-citation>
         </ref>
         <ref id="d26796e599a1310">
            <mixed-citation id="d26796e603" publication-type="other">
Lehmann, E. L. 1975. Nonparametrics: Statistics Based on Ranks.
San Francisco: Holden-Day.</mixed-citation>
         </ref>
         <ref id="d26796e613a1310">
            <mixed-citation id="d26796e617" publication-type="other">
Lehmann, E. L., and Joseph P. Romano. 2005. Testing Statistical
Hypotheses. 3rd ed. New York: Springer.</mixed-citation>
         </ref>
         <ref id="d26796e627a1310">
            <mixed-citation id="d26796e631" publication-type="other">
Lin, Winston. 2010. "Agnostic Notes on Regression Adjustments
to Experimental Data." Unpublished manuscript. University
of California, Berkeley.</mixed-citation>
         </ref>
         <ref id="d26796e644a1310">
            <mixed-citation id="d26796e648" publication-type="other">
Nelson, Thomas E., Rosalee Clawson, and Zoe M. Oxley. 1997.
"Media Framing of a Civil Liberties Conflict and Its Effect on
Tolerance." American Political Science Review 91(3): 567-83.</mixed-citation>
         </ref>
         <ref id="d26796e661a1310">
            <mixed-citation id="d26796e665" publication-type="other">
Neyman, Jerzy. 1923. "On the Application of Probability Theory
to Agricultural Experiments. Essay on Principles. Section 9."
Statistical Science 5(4): 465-72. Trans. Dorota M. Dabrowska
and Terence P. Speed (1990).</mixed-citation>
         </ref>
         <ref id="d26796e681a1310">
            <mixed-citation id="d26796e685" publication-type="other">
Rosenbaum, Paul R. 2001. "Effects Attributable to Treatment:
Inference in Experiments and Observational Studies with a
Discrete Pivot." Biometrika 88(1): 219-31.</mixed-citation>
         </ref>
         <ref id="d26796e699a1310">
            <mixed-citation id="d26796e703" publication-type="other">
Rosenbaum, Paul R. 2002a. "Covariance Adjustment in Ran-
domized Experiments and Observational Studies." Statisti-
cal Science 17(3): 286-387.</mixed-citation>
         </ref>
         <ref id="d26796e716a1310">
            <mixed-citation id="d26796e720" publication-type="other">
Rosenbaum, Paul R. 2002b. Observational Studies. 2nd ed.
New York: Springer.</mixed-citation>
         </ref>
         <ref id="d26796e730a1310">
            <mixed-citation id="d26796e734" publication-type="other">
Rosenbaum, Paul R. 2003. "Exact Confidence Intervals for Non-
constant Effects by Inverting the Signed Rank Test." The
American Statistician 57(2): 132-38.</mixed-citation>
         </ref>
         <ref id="d26796e747a1310">
            <mixed-citation id="d26796e751" publication-type="other">
Rosenbaum, Paul R. 2007. "Interference between Units in Ran-
domized Experiments." Journal of the American Statistical
Association 102(477): 191-200.</mixed-citation>
         </ref>
         <ref id="d26796e764a1310">
            <mixed-citation id="d26796e768" publication-type="other">
Rubin, Donald B. 1986. "Which Ifs Have Causal Answers." Jour-
nal of the American Statistical Association 81(396): 961-62.</mixed-citation>
         </ref>
         <ref id="d26796e778a1310">
            <mixed-citation id="d26796e782" publication-type="other">
Sprent, Peter, and Nigel C. Smeeton. 2007. Applied Nonparamet-
ric Statistical Methods. 4th ed. Boca Raton, FL: Chapman &amp;
Hall/CRC.</mixed-citation>
         </ref>
         <ref id="d26796e796a1310">
            <mixed-citation id="d26796e800" publication-type="other">
White, Ismail K. 2003. "Racial Perceptions of Support for the
Iraq War." PhD dissertation. University of Michigan. Un-
published data.</mixed-citation>
         </ref>
      </ref-list>
   </back>
</article>
