<article dtd-version="1.0" article-type="research-article">
   <front>
      <journal-meta>
         <journal-id xmlns:xlink="http://www.w3.org/1999/xlink" journal-id-type="jstor">amerjpoliscie</journal-id>
         <journal-id xmlns:xlink="http://www.w3.org/1999/xlink" journal-id-type="jstor">j100487</journal-id>
         <journal-title-group xmlns:xlink="http://www.w3.org/1999/xlink">
            <journal-title>American Journal of Political Science</journal-title>
         </journal-title-group>
         <publisher>
            <publisher-name>Wiley Subscription Services</publisher-name>
         </publisher>
         <issn xmlns:xlink="http://www.w3.org/1999/xlink" pub-type="ppub">00925853</issn>
         <issn xmlns:xlink="http://www.w3.org/1999/xlink" pub-type="epub">15405907</issn>
      </journal-meta>
      <article-meta>
         <article-id xmlns:xlink="http://www.w3.org/1999/xlink" pub-id-type="jstor">23187114</article-id>
         <article-categories>
            <subj-group>
               <subject>AJPS WORKSHOPS</subject>
            </subj-group>
         </article-categories>
         <title-group>
            <article-title>Cycles in Politics: Wavelet Analysis of Political Time Series</article-title>
         </title-group>
         <contrib-group>
            <contrib>
               <string-name xmlns:xlink="http://www.w3.org/1999/xlink">
                  <given-names>Luís</given-names>
                  <surname>Aguiar-Conraria</surname>
               </string-name>
            </contrib>
            <contrib>
               <string-name xmlns:xlink="http://www.w3.org/1999/xlink">
                  <given-names>Pedro C.</given-names>
                  <surname>Magalhães</surname>
               </string-name>
            </contrib>
            <contrib>
               <string-name xmlns:xlink="http://www.w3.org/1999/xlink">
                  <given-names>Maria Joana</given-names>
                  <surname>Soares</surname>
               </string-name>
            </contrib>
         </contrib-group>
         <pub-date xmlns:xlink="http://www.w3.org/1999/xlink">
            <day>1</day>
            <month>4</month>
            <year>2012</year>
         </pub-date>
         <volume>56</volume>
         <issue>2</issue>
         <issue-id xmlns:xlink="http://www.w3.org/1999/xlink">i23187097</issue-id>
         <fpage>500</fpage>
         <lpage>518</lpage>
         <permissions>
            <copyright-statement>© 2012 Midwest Political Science Association</copyright-statement>
         </permissions>
         <self-uri xmlns:xlink="http://www.w3.org/1999/xlink"
                   xlink:href="http://www.jstor.org/stable/23187114"/>
         <abstract>
            <p>Spectral analysis and ARMA models have been the most common weapons of choice for the detection of cycles in political time series. Controversies about cycles, however, tend to revolve around an issue that both techniques are badly equipped to address: the possibility of irregular cycles without fixed periodicity throughout the entire time series. This has led to two main consequences. On the one hand, proponents of cyclical theories have often dismissed established statistical techniques. On the other hand, proponents of established techniques have dismissed the possibility of cycles without fixed periodicity. Wavelets allow the detection of transient and coexisting cycles and structural breaks in periodicity. In this article, we present the tools of wavelet analysis and apply them to the study of two lingering puzzles in the political science literature: the existence of cycles in election returns in the United States and in the severity of major power wars.</p>
         </abstract>
         <custom-meta-group xmlns:xlink="http://www.w3.org/1999/xlink">
            <custom-meta>
               <meta-name>lang</meta-name>
               <meta-value>eng</meta-value>
            </custom-meta>
         </custom-meta-group>
      </article-meta>
   </front>
   <back>
      <fn-group xmlns:xlink="http://www.w3.org/1999/xlink">
         <title>[Footnotes]</title>
         <fn id="d26852e236a1310">
            <label>1</label>
            <p>
               <mixed-citation id="d26852e243" publication-type="other">
Mohler (2001)</mixed-citation>
            </p>
         </fn>
         <fn id="d26852e250a1310">
            <label>2</label>
            <p>
               <mixed-citation id="d26852e257" publication-type="other">
Crowley (2007)</mixed-citation>
            </p>
            <p>
               <mixed-citation id="d26852e263" publication-type="other">
Aguiar-Conraria and
Soares (2011b).</mixed-citation>
            </p>
         </fn>
         <fn id="d26852e273a1310">
            <label>3</label>
            <p>
               <mixed-citation id="d26852e280" publication-type="other">
Lin and Guillen (1998)</mixed-citation>
            </p>
            <p>
               <mixed-citation id="d26852e286" publication-type="other">
Lebo and Norpoth (2007).</mixed-citation>
            </p>
         </fn>
         <fn id="d26852e293a1310">
            <label>4</label>
            <p>
               <mixed-citation id="d26852e300" publication-type="other">
chapter 1 of Hamilton (1994).</mixed-citation>
            </p>
         </fn>
         <fn id="d26852e308a1310">
            <label>5</label>
            <p>
               <mixed-citation id="d26852e315" publication-type="other">
Lin and Guillen (1998).</mixed-citation>
            </p>
         </fn>
         <fn id="d26852e322a1310">
            <label>6</label>
            <p>
               <mixed-citation id="d26852e329" publication-type="other">
Williams (1992)</mixed-citation>
            </p>
         </fn>
         <fn id="d26852e336a1310">
            <label>10</label>
            <p>
               <mixed-citation id="d26852e343" publication-type="other">
Aguiar-Conraria and Soares (2011b)</mixed-citation>
            </p>
         </fn>
         <fn id="d26852e350a1310">
            <label>12</label>
            <p>
               <mixed-citation id="d26852e357" publication-type="other">
McGinnis and
Williams (1989)</mixed-citation>
            </p>
         </fn>
         <fn id="d26852e367a1310">
            <label>15</label>
            <p>
               <mixed-citation id="d26852e374" publication-type="other">
Rosenof (2003).</mixed-citation>
            </p>
         </fn>
         <fn id="d26852e381a1310">
            <label>16</label>
            <p>
               <mixed-citation id="d26852e388" publication-type="other">
Reichley 2000</mixed-citation>
            </p>
         </fn>
         <fn id="d26852e396a1310">
            <label>20</label>
            <p>
               <mixed-citation id="d26852e403" publication-type="other">
Merrill, Grofman, and Brunell (2008)</mixed-citation>
            </p>
            <p>
               <mixed-citation id="d26852e409" publication-type="other">
"Obama Rides the
Wave," http://www.huffingtonpost.com/2008/06/24/obama-rides-
the-wave_n_108848.html</mixed-citation>
            </p>
            <p>
               <mixed-citation id="d26852e421" publication-type="other">
Lee Drutman, "The Wheel
of Political Fortune Keeps Spinning," Miller-McCune, July 2008.
Available at http://www.miller-mccune.com/politics/the-wheel-of-
political-fortune-keeps-spinning-4383/.</mixed-citation>
            </p>
         </fn>
         <fn id="d26852e437a1310">
            <label>21</label>
            <p>
               <mixed-citation id="d26852e444" publication-type="other">
Rosecrance (1987)</mixed-citation>
            </p>
            <p>
               <mixed-citation id="d26852e450" publication-type="other">
Levy (1991)</mixed-citation>
            </p>
            <p>
               <mixed-citation id="d26852e456" publication-type="other">
Kohout (2003).</mixed-citation>
            </p>
         </fn>
         <fn id="d26852e463a1310">
            <label>22</label>
            <p>
               <mixed-citation id="d26852e470" publication-type="other">
Aguiar-Conraria and Soares (2011b)</mixed-citation>
            </p>
         </fn>
      </fn-group>
      <ref-list>
         <title>References</title>
         <ref id="d26852e486a1310">
            <mixed-citation id="d26852e490" publication-type="other">
Aguiar-Conraria, Luis, and Maria J. Soares. 2011a. "Business
Cycle Synchronization and the Euro: A Wavelet Analysis."
Journal of Macroeconomics 33(3): 477-89.</mixed-citation>
         </ref>
         <ref id="d26852e503a1310">
            <mixed-citation id="d26852e507" publication-type="other">
Aguiar-Conraria, Luis, and Maria J. Soares. 2011b. "The Con-
tinuous Wavelet Transform: A Primer." NIPE Working Paper,
16/2011: 1-43.</mixed-citation>
         </ref>
         <ref id="d26852e520a1310">
            <mixed-citation id="d26852e524" publication-type="other">
Beck, Nathaniel. 1991."The Illusion of Cycles in International
Relations." International Studies Quarterly 35(4): 455-76.</mixed-citation>
         </ref>
         <ref id="d26852e534a1310">
            <mixed-citation id="d26852e538" publication-type="other">
Beck, Paul A. 1979."The Electoral Cycle and Patterns of Ameri-
can Politics." British Journal of Political Science 9(2): 129-56.</mixed-citation>
         </ref>
         <ref id="d26852e549a1310">
            <mixed-citation id="d26852e553" publication-type="other">
Brinks, Daniel, and Michael Coppedge. 2006."Diffusion Is No
Illusion." Comparative Political Studies 39(4): 463-89.</mixed-citation>
         </ref>
         <ref id="d26852e563a1310">
            <mixed-citation id="d26852e567" publication-type="other">
Burnham, Walter D. 1967."Party Systems and the Political Pro-
cess." In The American Party Systems: Stages of Political De-
velopment, ed. William Chambers and Walter D. Burnham.
New York: Oxford University Press, 277-307.</mixed-citation>
         </ref>
         <ref id="d26852e583a1310">
            <mixed-citation id="d26852e587" publication-type="other">
Burnham, Walter D. 1970. Critical Elections and the Mainsprings
of American Politics. New York: Norton.</mixed-citation>
         </ref>
         <ref id="d26852e597a1310">
            <mixed-citation id="d26852e601" publication-type="other">
Campbell, James E. 2006."Party Systems and Realignments in
the United States, 1868-2004." Social Science History 30(3):
359-86.</mixed-citation>
         </ref>
         <ref id="d26852e614a1310">
            <mixed-citation id="d26852e618" publication-type="other">
Clark, George. 1958. War and Society in the Seventeenth Century.
Cambridge: Cambridge University Press.</mixed-citation>
         </ref>
         <ref id="d26852e628a1310">
            <mixed-citation id="d26852e632" publication-type="other">
Clarke, Harold D., Allan Kornberg, and Thomas J. Scotto.
2009. Making Political Choices: Canada and the United States.
Toronto: University of Toronto Press.</mixed-citation>
         </ref>
         <ref id="d26852e646a1310">
            <mixed-citation id="d26852e650" publication-type="other">
Clarke, Harold D., and Allen L. McCutcheon 2009. "The Dy-
namics of Party Identification Reconsidered." Public Opinion
Quarterly 73(4): 704-28.</mixed-citation>
         </ref>
         <ref id="d26852e663a1310">
            <mixed-citation id="d26852e667" publication-type="other">
Conybeare, John A. 1992. "Weak Cycles, Length and Magnitude
of War: Duration Dependence in International Conflict."
Conflict Management and Peace Science 12(1): 99-116.</mixed-citation>
         </ref>
         <ref id="d26852e680a1310">
            <mixed-citation id="d26852e684" publication-type="other">
Crowley, Patrick. 2007. "A Guide to Wavelets for Economists."
Journal of Economic Surveys 21(2): 207-67.</mixed-citation>
         </ref>
         <ref id="d26852e694a1310">
            <mixed-citation id="d26852e698" publication-type="other">
Das, Satya P. 2008. "Some Mechanisms ofTerror Cycles." Journal
of Economic Behavior &amp; Organization 67(3-4): 644-56.</mixed-citation>
         </ref>
         <ref id="d26852e708a1310">
            <mixed-citation id="d26852e712" publication-type="other">
van der Eijk, Cees, and Robert P. Weber. 1987. "Notes on the
Empirical Analysis of Cyclical Processes." European Journal
of Political Research 15(2): 271-80.</mixed-citation>
         </ref>
         <ref id="d26852e725a1310">
            <mixed-citation id="d26852e729" publication-type="other">
Enders, Walter, and Todd Sandler. 2006. The Political Economy
of Terrorism. Cambridge: Cambridge University Press.</mixed-citation>
         </ref>
         <ref id="d26852e740a1310">
            <mixed-citation id="d26852e744" publication-type="other">
Engle, Robert. 2002. "Dynamic Conditional Correlation—A
Simple Class of Multivariate GARCH." Journal of Business
and Economics Statistics 20(3): 339-50.</mixed-citation>
         </ref>
         <ref id="d26852e757a1310">
            <mixed-citation id="d26852e761" publication-type="other">
Francisco, Ronald A. 1996. "Coercion and Protest: An Empirical
Test in Two Democratic States." American Journal of Political
Science 40(4): 1179-204.</mixed-citation>
         </ref>
         <ref id="d26852e774a1310">
            <mixed-citation id="d26852e778" publication-type="other">
Freeman, John, John Williams, and Tse-Min Lin. 1989. "Vector
Autoregression and the Study of Politics." American Journal
of Political Science 33(4): 842-77.</mixed-citation>
         </ref>
         <ref id="d26852e791a1310">
            <mixed-citation id="d26852e795" publication-type="other">
Garrison, Steve. 2008 "The Road to Civil War: An Interactive
Theory of Internal Political Violence." Defence and Peace
Economics 19(2): 127-51.</mixed-citation>
         </ref>
         <ref id="d26852e808a1310">
            <mixed-citation id="d26852e812" publication-type="other">
Gartner, Manfred, and Klaus W. Wellershoff. 1995 "Is There
an Election Cycle in American Stock Returns?" International
Review of Economics &amp; Finance 4(4): 387-410.</mixed-citation>
         </ref>
         <ref id="d26852e825a1310">
            <mixed-citation id="d26852e829" publication-type="other">
Gelman, Andrew, and Gary King. 1990. "Estimating Incum-
bency Advantage without Bias." American Journal of Political
Science 34(4): 1142-64.</mixed-citation>
         </ref>
         <ref id="d26852e843a1310">
            <mixed-citation id="d26852e847" publication-type="other">
Genijay, Ramazan, Faruk Selfuk, and Brandon Witcher. 2001.
An Introduction to Wavelets and Other Filtering Methods in
Finance and Economics. San Diego, CA: Academic Press.</mixed-citation>
         </ref>
         <ref id="d26852e860a1310">
            <mixed-citation id="d26852e864" publication-type="other">
Goldstein, Joshua. 1985. "Kondratieff Waves as War Cycles."
International Studies Quarterly 29(4): 411-44.</mixed-citation>
         </ref>
         <ref id="d26852e874a1310">
            <mixed-citation id="d26852e878" publication-type="other">
Goldstein, Joshua. 1988. Long Cycles: Prosperity and War in the
Modern Age. New Haven, CT: Yale University Press.</mixed-citation>
         </ref>
         <ref id="d26852e888a1310">
            <mixed-citation id="d26852e892" publication-type="other">
Goldstein, Joshua. 1991a. "A War-Economy Theory of the Long
Wave." In Business Cycles: Theories, Evidence, and Analysis.
ed. Niels Thygesen, Kumaraswamy Velupillai, and Stefano
Zambelli. Basingstoke, UK: MacMillan, 303-25.</mixed-citation>
         </ref>
         <ref id="d26852e908a1310">
            <mixed-citation id="d26852e912" publication-type="other">
Goldstein, Joshua. 1991b. "The Possibility of Cycles in Inter-
national Relations." International Studies Quarterly 35(4):
477-80.</mixed-citation>
         </ref>
         <ref id="d26852e925a1310">
            <mixed-citation id="d26852e929" publication-type="other">
Goodhart, Charles, and Rajendra Bhansali. 1970. "Political
Economy." Political Studies 18(1): 43-106.</mixed-citation>
         </ref>
         <ref id="d26852e940a1310">
            <mixed-citation id="d26852e944" publication-type="other">
Hale, Henry E. 2006. "Regime Cycles: Democracy, Autocracy,
and Revolution in Post-Soviet Eurasia." World Politics 58(1):
133-65.</mixed-citation>
         </ref>
         <ref id="d26852e957a1310">
            <mixed-citation id="d26852e961" publication-type="other">
Hamilton, James. 1994. Time Series Analysis. Princeton, NJ:
Princeton University Press.</mixed-citation>
         </ref>
         <ref id="d26852e971a1310">
            <mixed-citation id="d26852e975" publication-type="other">
Houweling, Henk, and Jan G. Siccama. 1988. Studies of War.
Dordrecht: Martinus Nijhoff.</mixed-citation>
         </ref>
         <ref id="d26852e985a1310">
            <mixed-citation id="d26852e989" publication-type="other">
Hsu, Nan-Jung. 2006. "Long-Memory Wavelet Models." Statis-
tica Sinica 16(4): 1255-71.</mixed-citation>
         </ref>
         <ref id="d26852e999a1310">
            <mixed-citation id="d26852e1003" publication-type="other">
Jacoby, W. G. 2010. "The American Voter." In The Ox-
ford Handbook of American Elections and Political Behav-
ior, ed. Jan E. Leighley. Oxford: Oxford University Press,
262-77.</mixed-citation>
         </ref>
         <ref id="d26852e1019a1310">
            <mixed-citation id="d26852e1023" publication-type="other">
Jerome, Bruno, and Veronique Jerome-Speziari. 2010. "Fore-
casting Partisan Dynamics in Europe." International Journal
of Forecasting 26(1): 98-115.</mixed-citation>
         </ref>
         <ref id="d26852e1037a1310">
            <mixed-citation id="d26852e1041" publication-type="other">
Jones, Bryan, Chang-Jin Kim, and Richard Startz. 2010. "Does
Congress Realign or Smoothly Adjust? A Discrete Switch-
ing Model of Congressional Partisan Regimes." Statistical
Methodology 7(3): 254-76.</mixed-citation>
         </ref>
         <ref id="d26852e1057a1310">
            <mixed-citation id="d26852e1061" publication-type="other">
Kayser, Mark A. 2009. "Partisan Waves: International Business
Cycles and Electoral Choice." American Journal of Political
Science 53(4): 950-70.</mixed-citation>
         </ref>
         <ref id="d26852e1074a1310">
            <mixed-citation id="d26852e1078" publication-type="other">
Kennedy, Peter. 2008. A Guide to Econometrics. 6th ed. Maiden,
MA: Wiley-Blackwell.</mixed-citation>
         </ref>
         <ref id="d26852e1088a1310">
            <mixed-citation id="d26852e1092" publication-type="other">
Kim, Heemin, and Richard C. Fording. 1998. "Voter Ideology
in Western Democracies, 1946-1989." European Journal of
Political Research 33(1): 73-97.</mixed-citation>
         </ref>
         <ref id="d26852e1105a1310">
            <mixed-citation id="d26852e1109" publication-type="other">
King, Gary. 2009. "The Changing Evidence Base of Social Sci-
ence Research." In The Future of Political Science: 100 Per-
spectives, ed. Gary King, Kay L. Schlozman, and Norman H.
Nie. New York: Routledge, 91—93.</mixed-citation>
         </ref>
         <ref id="d26852e1125a1310">
            <mixed-citation id="d26852e1129" publication-type="other">
Kohout, Franz. 2003. "Cyclical, Hegemonic, and Pluralistic The-
ories of International Relations: Some Comparative Reflec-
tion on War Causation." International Political Science Re-
view 24(1): 51-66.</mixed-citation>
         </ref>
         <ref id="d26852e1146a1310">
            <mixed-citation id="d26852e1150" publication-type="other">
Kondratieff, Nikolai. 1935. "The Long Waves in Economic
Life." Review of Economic Statistics 17(6): 105-15.</mixed-citation>
         </ref>
         <ref id="d26852e1160a1310">
            <mixed-citation id="d26852e1164" publication-type="other">
Lebo, Matthew J., and Janet Box-Steffensmeier. 2008. "Dy-
namic Conditional Correlations in Political Science." Amer-
ican Journal of Political Science 52(3): 688-704.</mixed-citation>
         </ref>
         <ref id="d26852e1177a1310">
            <mixed-citation id="d26852e1181" publication-type="other">
Lebo, Matthew J., and Helmut Norpoth. 2007. "The PM and
the Pendulum: Dynamic Forecasting of British Elections."
British Journal of Political Science 37(1): 71-87.</mixed-citation>
         </ref>
         <ref id="d26852e1194a1310">
            <mixed-citation id="d26852e1198" publication-type="other">
Levy, Jack S. 1983. War in the Modern Great Power System,
1495-1975. Lexington: University Press of Kentucky.</mixed-citation>
         </ref>
         <ref id="d26852e1208a1310">
            <mixed-citation id="d26852e1212" publication-type="other">
Levy, Jack S. 1991. "Long Cycles, Hegemonic Transitions, and
the Long Peace." In The Long Postwar Peace, ed. Charles W.
Kegley Jr. New York: HarperCollins, 147-76.</mixed-citation>
         </ref>
         <ref id="d26852e1225a1310">
            <mixed-citation id="d26852e1229" publication-type="other">
Lewis-Beck, Michael S., Helmut Norpoth, William G. Jacoby,
and Herbert F. Weisberg. 2008. The American Voter Revisited.
Ann Arbor: University of Michigan Press.</mixed-citation>
         </ref>
         <ref id="d26852e1243a1310">
            <mixed-citation id="d26852e1247" publication-type="other">
Lewis-Beck, Michael S., and Mary Stegmaier. 2000. "Economic
Determinants of Electoral Outcomes." Annual Review of Po-
litical Science 3(1): 183-219.</mixed-citation>
         </ref>
         <ref id="d26852e1260a1310">
            <mixed-citation id="d26852e1264" publication-type="other">
Lichtman, Allan J. 1976. "Critical Election Theory and the Re-
ality of American Presidential Politics, 1916-40." American
Historical Review 81(2): 317-51.</mixed-citation>
         </ref>
         <ref id="d26852e1277a1310">
            <mixed-citation id="d26852e1281" publication-type="other">
Lin, Tse-Min, and Montserrat Guillen. 1998. "The Rising Haz-
ards of Party Incumbency: A Discrete Renewal Analysis."
Political Analysis 7(1): 31-57.</mixed-citation>
         </ref>
         <ref id="d26852e1294a1310">
            <mixed-citation id="d26852e1298" publication-type="other">
Lowell, Abbott L. 1898. "Oscillations in Politics." Annals of the
American Academy of Political and Social Science 12: 69-97.</mixed-citation>
         </ref>
         <ref id="d26852e1308a1310">
            <mixed-citation id="d26852e1312" publication-type="other">
Mansfield, Edward D. 1988. "The Distribution of Wars Over
Time." World Politics 41(1): 21-51.</mixed-citation>
         </ref>
         <ref id="d26852e1322a1310">
            <mixed-citation id="d26852e1326" publication-type="other">
Mayhew, David R. 2002. Electoral Realignments: A Critique of
an American Genre. New Haven, CT: Yale University Press.</mixed-citation>
         </ref>
         <ref id="d26852e1337a1310">
            <mixed-citation id="d26852e1341" publication-type="other">
McCarty, Nolan, Keith T. Poole, and Howard Rosenthal. 2006.
Polarized America: The Dance of Ideology and Unequal Riches.
Cambridge, MA: MIT Press.</mixed-citation>
         </ref>
         <ref id="d26852e1354a1310">
            <mixed-citation id="d26852e1358" publication-type="other">
McGinnis, Michael D., and John T. Williams 1989."Change and
Stability in Superpower Rivalry." American Political Science
Review 83(4): 1101-23.</mixed-citation>
         </ref>
         <ref id="d26852e1371a1310">
            <mixed-citation id="d26852e1375" publication-type="other">
Merrill, Samuel, Bernard Grofman, and Thomas L. Brunell
2008. "Cycles in American National Electoral Politics,
1854-2006: Statistical Evidence and an Explanatory Model."
American Political Science Review 102(1): 1-17.</mixed-citation>
         </ref>
         <ref id="d26852e1391a1310">
            <mixed-citation id="d26852e1395" publication-type="other">
Merrill, Samuel, Bernard Grofman, and Thomas L. Brunell
2011. "Do British Party Politics Exhibit Cycles?" British Jour-
nal of Political Science 41(1): 33-55.</mixed-citation>
         </ref>
         <ref id="d26852e1408a1310">
            <mixed-citation id="d26852e1412" publication-type="other">
Mintz, Alex. 2005. "The Method-of-Analysis Problem in Inter-
national Relations." In New Directions for International Rela-
tions: Confronting the Method-of-Analysis Problem, ed. Alex
Mintz and Bruce Russett. Lanham, MD: Lexington Books,
3-20.</mixed-citation>
         </ref>
         <ref id="d26852e1431a1310">
            <mixed-citation id="d26852e1435" publication-type="other">
Mohler, Peter P. 2001. "Cycles: Social." In International Encyclo-
pedia of the Social and Behavioral Sciences, ed. Neil J. Smelser
and Paul B. Baltes. Amsterdam: Elsevier, 3204-7.</mixed-citation>
         </ref>
         <ref id="d26852e1449a1310">
            <mixed-citation id="d26852e1453" publication-type="other">
Morgenstern, Scott, Stephen M. Swindle, and Andrea Castag-
nola. 2009. "Party Nationalization and Institutions." Journal
of Politics 71(4): 1322-41.</mixed-citation>
         </ref>
         <ref id="d26852e1466a1310">
            <mixed-citation id="d26852e1470" publication-type="other">
Namenwirth, J. Zvi, and Robert P. Weber. 1987. Dynamics of
Culture. London: Allen 8c Unwin.</mixed-citation>
         </ref>
         <ref id="d26852e1480a1310">
            <mixed-citation id="d26852e1484" publication-type="other">
Norpoth, Helmut 1995. "Is Clinton Doomed? An Early Forecast
for 1996." PS: Political Science and Politics 28(2): 201-7.</mixed-citation>
         </ref>
         <ref id="d26852e1494a1310">
            <mixed-citation id="d26852e1498" publication-type="other">
Norpoth, Helmut, and Jerrold G. Rusk. 2007. "Electoral Myth
and Reality: Realignments in American Politics." Electoral
Studies 26(2): 392-403.</mixed-citation>
         </ref>
         <ref id="d26852e1511a1310">
            <mixed-citation id="d26852e1515" publication-type="other">
Oliver, Pamela E., and Daniel J. Myers. 2002. "The Coevolu-
tion of Social Movements." Mobilization: An International
Quarterly 8(1): 1-24.</mixed-citation>
         </ref>
         <ref id="d26852e1528a1310">
            <mixed-citation id="d26852e1532" publication-type="other">
Olzak, Susan. 1994. The Dynamics of Ethnic Competi-
tion and Conflict. Stanford, CA: Stanford University
Press.</mixed-citation>
         </ref>
         <ref id="d26852e1546a1310">
            <mixed-citation id="d26852e1550" publication-type="other">
Patterson, Thomas E. 1994. Out of Order. New York: Vintage.</mixed-citation>
         </ref>
         <ref id="d26852e1557a1310">
            <mixed-citation id="d26852e1561" publication-type="other">
Ramsey, James, and Camille Lampart. 1998. "Decomposition
of Economic Relationships by Time Scale Using Wavelets:
Money and Income." Macroeconomic Dynamics 2(1):
49-71.</mixed-citation>
         </ref>
         <ref id="d26852e1577a1310">
            <mixed-citation id="d26852e1581" publication-type="other">
Reichley, James A. 2000. The Life of the Parties: A History
of American Political Parties. Lanham, MD: Rowman &amp;
Littlefield.</mixed-citation>
         </ref>
         <ref id="d26852e1594a1310">
            <mixed-citation id="d26852e1598" publication-type="other">
Reising, Uwe K. H. 1999. "United in Opposition?" Journal of
Conflict Resolution 43(3): 317—42.</mixed-citation>
         </ref>
         <ref id="d26852e1608a1310">
            <mixed-citation id="d26852e1612" publication-type="other">
Robbins, Suzanne M., and Helmut Norpoth. 2010. "Balance or
Dominance? Party Competition in Congressional Politics."
Political Research Quarterly 63(2): 316-27.</mixed-citation>
         </ref>
         <ref id="d26852e1625a1310">
            <mixed-citation id="d26852e1629" publication-type="other">
Rosecrance, Richard. 1987. "Long Cycle Theory and In-
ternational Relations." International Organization 41(2):
283-301.</mixed-citation>
         </ref>
         <ref id="d26852e1643a1310">
            <mixed-citation id="d26852e1647" publication-type="other">
Rosenof, Theodore. 2003. Realignment: The Theory That
Changed the Way We Think about American Politics.
Lanham, MD: Rowman &amp; Littlefield.</mixed-citation>
         </ref>
         <ref id="d26852e1660a1310">
            <mixed-citation id="d26852e1664" publication-type="other">
Rusk, Jerrold G. 2001. A Statistical History of the American Elec-
torate. Washington, DC: CQ Press.</mixed-citation>
         </ref>
         <ref id="d26852e1674a1310">
            <mixed-citation id="d26852e1678" publication-type="other">
Sayrs, Lois. 1993. "The Long Cycle in International Relations:
A Markov Specification." International Studies Quarterly
37(2): 215-37.</mixed-citation>
         </ref>
         <ref id="d26852e1691a1310">
            <mixed-citation id="d26852e1695" publication-type="other">
Singer, J. David, and Melvin Small. 1972. The Wages of War,
1816-1965: A Statistical Handbook. New York: John Wiley
and Sons.</mixed-citation>
         </ref>
         <ref id="d26852e1708a1310">
            <mixed-citation id="d26852e1712" publication-type="other">
Stevenson, Randolph T. 2001. "The Economy and Policy Mood:
A Fundamental Dynamic of Democratic Politics?" American
Journal of Political Science 45(3): 620-33.</mixed-citation>
         </ref>
         <ref id="d26852e1725a1310">
            <mixed-citation id="d26852e1729" publication-type="other">
Stimson, James A. 1999. Public Opinion in America: Moods,
Cycles, and Swings. Boulder, CO: Westview Press.</mixed-citation>
         </ref>
         <ref id="d26852e1740a1310">
            <mixed-citation id="d26852e1744" publication-type="other">
Stokes, Donald E., and Gudmund R. Iversen. 1962. "On the
Existence of Forces Restoring Party Competition." Public
Opinion Quarterly 26(2): 159-71.</mixed-citation>
         </ref>
         <ref id="d26852e1757a1310">
            <mixed-citation id="d26852e1761" publication-type="other">
Tarrow, Sidney. 1988. "National Politics and Collective Action:
Recent Theory and Research in Western Europe and the
United States." Annual Review of Sociology 14: 421-40.</mixed-citation>
         </ref>
         <ref id="d26852e1774a1310">
            <mixed-citation id="d26852e1778" publication-type="other">
Taylor, John B. 1999. "An Historical Analysis of Monetary Policy
Rules." In Monetary Policy Rules, ed. John B. Taylor. Chicago:
University of Chicago Press, 319-41.</mixed-citation>
         </ref>
         <ref id="d26852e1791a1310">
            <mixed-citation id="d26852e1795" publication-type="other">
Tsebelis, George, and John Sprague. 1989. "Coercion and Revo-
lution: Variations on a Predator-Prey Model." Mathematical
and Computer Modelling 12(4-5): 547-59.</mixed-citation>
         </ref>
         <ref id="d26852e1808a1310">
            <mixed-citation id="d26852e1812" publication-type="other">
Weakliem, David L. 2010. "Time Series Analysis of Political
Change." In Handbook of Politics: State and Society in Global
Perspective, ed. Kevin T. Leicht and J. Craig Jenkins. New
York: Springer, 637-51.</mixed-citation>
         </ref>
         <ref id="d26852e1828a1310">
            <mixed-citation id="d26852e1832" publication-type="other">
Williams, John. 1992. "What Goes Around Comes Around:
Unit Root Tests and Cointegration." Political Analysis 4(1):
229-35.</mixed-citation>
         </ref>
         <ref id="d26852e1846a1310">
            <mixed-citation id="d26852e1850" publication-type="other">
Williams, John, and Michael D. McGinnis. 1992. "The Dimen-
sion of Superpower Rivalry: A Dynamic Factor Analysis."
Journal of Conflict Resolution 36(1): 86-118.</mixed-citation>
         </ref>
         <ref id="d26852e1863a1310">
            <mixed-citation id="d26852e1867" publication-type="other">
Wlezien, Christopher. 1995. "The Public as Thermostat: Dy-
namics of Preferences for Spending." American Journal of
Political Science 39(4): 981-1000.</mixed-citation>
         </ref>
         <ref id="d26852e1880a1310">
            <mixed-citation id="d26852e1884" publication-type="other">
Yogo, Motohiro. 2008."Measuring Business Cycles: A Wavelet
Analysis of Economic Time Series." Economics Letters
100(2): 208-12.</mixed-citation>
         </ref>
         <ref id="d26852e1897a1310">
            <mixed-citation id="d26852e1901" publication-type="other">
Yousefi, Shahriar, Ilona Weinreich, and Dominik Reinarz. 2005.
"Wavelet-Based Prediction of Oil Prices." Chaos, Solitons &amp;
Fractals 25(2): 265-75.</mixed-citation>
         </ref>
      </ref-list>
   </back>
</article>
