<article dtd-version="1.0" article-type="research-article">
   <front>
      <journal-meta>
         <journal-id xmlns:xlink="http://www.w3.org/1999/xlink" journal-id-type="jstor">amerjpoliscie</journal-id>
         <journal-id xmlns:xlink="http://www.w3.org/1999/xlink" journal-id-type="jstor">j100487</journal-id>
         <journal-title-group xmlns:xlink="http://www.w3.org/1999/xlink">
            <journal-title>American Journal of Political Science</journal-title>
         </journal-title-group>
         <publisher>
            <publisher-name>Wiley Subscription Services</publisher-name>
         </publisher>
         <issn xmlns:xlink="http://www.w3.org/1999/xlink" pub-type="ppub">00925853</issn>
         <issn xmlns:xlink="http://www.w3.org/1999/xlink" pub-type="epub">15405907</issn>
      </journal-meta>
      <article-meta>
         <article-id xmlns:xlink="http://www.w3.org/1999/xlink" pub-id-type="jstor">23187108</article-id>
         <title-group>
            <article-title>Who Controls the Content of Supreme Court Opinions?</article-title>
         </title-group>
         <contrib-group>
            <contrib>
               <string-name xmlns:xlink="http://www.w3.org/1999/xlink">
                  <given-names>Cliff</given-names>
                  <surname>Carrubba</surname>
               </string-name>
            </contrib>
            <contrib>
               <string-name xmlns:xlink="http://www.w3.org/1999/xlink">
                  <given-names>Barry</given-names>
                  <surname>Friedman</surname>
               </string-name>
            </contrib>
            <contrib>
               <string-name xmlns:xlink="http://www.w3.org/1999/xlink">
                  <given-names>Andrew D.</given-names>
                  <surname>Martin</surname>
               </string-name>
            </contrib>
            <contrib>
               <string-name xmlns:xlink="http://www.w3.org/1999/xlink">
                  <given-names>Georg</given-names>
                  <surname>Vanberg</surname>
               </string-name>
            </contrib>
         </contrib-group>
         <pub-date xmlns:xlink="http://www.w3.org/1999/xlink">
            <day>1</day>
            <month>4</month>
            <year>2012</year>
         </pub-date>
         <volume>56</volume>
         <issue>2</issue>
         <issue-id xmlns:xlink="http://www.w3.org/1999/xlink">i23187097</issue-id>
         <fpage>400</fpage>
         <lpage>412</lpage>
         <permissions>
            <copyright-statement>© 2012 Midwest Political Science Association</copyright-statement>
         </permissions>
         <self-uri xmlns:xlink="http://www.w3.org/1999/xlink"
                   xlink:href="http://www.jstor.org/stable/23187108"/>
         <abstract>
            <p>Conventional arguments identify either the median justice or the opinion author as the most influential justices in shaping the content of Supreme Court opinions. We develop a model of judicial decision making that suggests that opinions are likely to reflect the views of the median justice in the majority coalition. This result derives from two features of judicial decision making that have received little attention in previous models. The first is that in deciding a case, justices must resolve a concrete dispute, and that they may have preferences over which party wins the specific case confronting them. The second is that justices who are dissatisfied with an opinion are free to write concurrences (and dissents). We demonstrate that both features undermine the bargaining power of the Court's median and shift influence towards the coalition median. An empirical analysis of concurrence behavior provides significant support for the model.</p>
         </abstract>
         <custom-meta-group xmlns:xlink="http://www.w3.org/1999/xlink">
            <custom-meta>
               <meta-name>lang</meta-name>
               <meta-value>eng</meta-value>
            </custom-meta>
         </custom-meta-group>
      </article-meta>
   </front>
   <back>
      <fn-group xmlns:xlink="http://www.w3.org/1999/xlink">
         <title>[Footnotes]</title>
         <fn id="d26810e195a1310">
            <label>1</label>
            <p>
               <mixed-citation id="d26810e202" publication-type="other">
Lax and Cameron (2007)</mixed-citation>
            </p>
         </fn>
         <fn id="d26810e209a1310">
            <label>2</label>
            <p>
               <mixed-citation id="d26810e216" publication-type="other">
Clark 2011</mixed-citation>
            </p>
            <p>
               <mixed-citation id="d26810e222" publication-type="other">
Owens 2010</mixed-citation>
            </p>
            <p>
               <mixed-citation id="d26810e228" publication-type="other">
Segal 1997</mixed-citation>
            </p>
         </fn>
         <fn id="d26810e235a1310">
            <label>3</label>
            <p>
               <mixed-citation id="d26810e242" publication-type="other">
Westerland (2003)</mixed-citation>
            </p>
         </fn>
         <fn id="d26810e249a1310">
            <label>5</label>
            <p>
               <mixed-citation id="d26810e256" publication-type="other">
http:
//supremecourtdatabase.org/</mixed-citation>
            </p>
         </fn>
         <fn id="d26810e267a1310">
            <label>6</label>
            <p>
               <mixed-citation id="d26810e274" publication-type="other">
Kornhauser 1992</mixed-citation>
            </p>
            <p>
               <mixed-citation id="d26810e280" publication-type="other">
Lax 2007</mixed-citation>
            </p>
            <p>
               <mixed-citation id="d26810e286" publication-type="other">
Lax and
Cameron 2007</mixed-citation>
            </p>
         </fn>
         <fn id="d26810e296a1310">
            <label>11</label>
            <p>
               <mixed-citation id="d26810e303" publication-type="other">
Maltzman, Spriggs, and Wahlbeck (2000)</mixed-citation>
            </p>
         </fn>
         <fn id="d26810e310a1310">
            <label>12</label>
            <p>
               <mixed-citation id="d26810e317" publication-type="other">
http://www.unc.edu/~gvanberg/Research.html.</mixed-citation>
            </p>
         </fn>
         <fn id="d26810e324a1310">
            <label>14</label>
            <p>
               <mixed-citation id="d26810e331" publication-type="other">
Clark and Lauderdale (2010)</mixed-citation>
            </p>
         </fn>
      </fn-group>
      <ref-list>
         <title>References</title>
         <ref id="d26810e347a1310">
            <mixed-citation id="d26810e351" publication-type="other">
Bonneau, Chris W., Thomas H. Hammond, Forrest
Maltzman, and Paul J. Wahlbeck. 2007. "Agenda Control,
the Median Justice, and the Majority Opinion on the U.S.
Supreme Court." American Journal of Political Science 51(4):
890-905.</mixed-citation>
         </ref>
         <ref id="d26810e370a1310">
            <mixed-citation id="d26810e374" publication-type="other">
Carrington, Paul D. 1992. "Butterfly Effects: The Possibilities
of Law Teaching in a Democracy." Duke Law Journal 41 (4):
741-805.</mixed-citation>
         </ref>
         <ref id="d26810e387a1310">
            <mixed-citation id="d26810e391" publication-type="other">
Clark, Tom. 2011. The Limits of Judicial Independence. Cam-
bridge: Cambridge University Press.</mixed-citation>
         </ref>
         <ref id="d26810e401a1310">
            <mixed-citation id="d26810e405" publication-type="other">
Clark, Tom S., and Benjamin Lauderdale. 2010. "Locating
Supreme Court Opinions in Doctrine Space." American
Journal of Political Science 54(4): 871-90.</mixed-citation>
         </ref>
         <ref id="d26810e419a1310">
            <mixed-citation id="d26810e423" publication-type="other">
Corley, Pamela C. 2010. Concurring Opinion Writing on the U.S.
Supreme Court. Albany, NY: SUNY Press.</mixed-citation>
         </ref>
         <ref id="d26810e433a1310">
            <mixed-citation id="d26810e437" publication-type="other">
Epstein, Lee, Daniel E. Hoe, Gary King, and Jeffrey A. Segal.
2005. "The Supreme Court During Crisis: How War Af-
fects Only Non-War Cases." New York University Law Review
80(1): 1-116.</mixed-citation>
         </ref>
         <ref id="d26810e453a1310">
            <mixed-citation id="d26810e457" publication-type="other">
Epstein, Lee, and Jack Knight. 1998. The Choices Justices Make.
Washington, DC: CQ Press.</mixed-citation>
         </ref>
         <ref id="d26810e467a1310">
            <mixed-citation id="d26810e471" publication-type="other">
Ferejohn, John, and Barry Weingast. 1992. "A Positive Theory
of Statutory Interpretation." International Review of Law and
Economics 12: 263-79.</mixed-citation>
         </ref>
         <ref id="d26810e484a1310">
            <mixed-citation id="d26810e488" publication-type="other">
Hammond, Thomas H., Chris W. Bonneau, and Reginald S.
Sheehan. 2005. Strategic Behavior and Policy Choice on the
U.S. Supreme Court. Stanford, CA: Stanford University Press.</mixed-citation>
         </ref>
         <ref id="d26810e501a1310">
            <mixed-citation id="d26810e505" publication-type="other">
Haskins, George L., and Herbert A. Johnson. 1981. Foun-
dations of Power: John Marshall, 1801-1815. New York:
Macmillan.</mixed-citation>
         </ref>
         <ref id="d26810e519a1310">
            <mixed-citation id="d26810e523" publication-type="other">
Kornhauser, Lewis A. 1992. "Modeling Collegial Courts I: Path-
Dependence." International Review of Law and Economics
12(2): 169-85.</mixed-citation>
         </ref>
         <ref id="d26810e536a1310">
            <mixed-citation id="d26810e540" publication-type="other">
Lax, Jeffrey R. 2007. "Constructing Legal Rules on Appellate
Courts." American Political Science Review 101(3): 591-604.</mixed-citation>
         </ref>
         <ref id="d26810e550a1310">
            <mixed-citation id="d26810e554" publication-type="other">
Lax, Jeffrey R., and Charles M. Cameron. 2007. "Bargaining and
Opinion Assignment on the U.S. Supreme Court." Journal
of Law, Economics &amp; Organization 23(2): 276-302.</mixed-citation>
         </ref>
         <ref id="d26810e567a1310">
            <mixed-citation id="d26810e571" publication-type="other">
Maltzman, Forest, James F. Spriggs II, and Paul J. Wahlbeck.
2000. Crafting Law on the Supreme Court. New York:
Cambridge University Press.</mixed-citation>
         </ref>
         <ref id="d26810e584a1310">
            <mixed-citation id="d26810e588" publication-type="other">
Martin, Andrew D., and Kevin M. Quinn. 2002. "Dynamic Ideal
Point Estimation via MCMC for the U.S. Supreme Court,
1953-1999." Political Analysis 10(2): 134-53.</mixed-citation>
         </ref>
         <ref id="d26810e601a1310">
            <mixed-citation id="d26810e605" publication-type="other">
Martin, Andrew D., Kevin M. Quinn, and Lee Epstein. 2005.
"The Median Justice on the U.S. Supreme Court." North
Carolina Law Review 83(5): 1275-1322.</mixed-citation>
         </ref>
         <ref id="d26810e619a1310">
            <mixed-citation id="d26810e623" publication-type="other">
McGuire, Kevin, and Georg Vanberg. 2007. "Mapping the Poli-
cies of the US Supreme Court: Data, Opinions, and Con-
stitutional Law." Presented at the 2007 Midwest Political
Science Meeting.</mixed-citation>
         </ref>
         <ref id="d26810e639a1310">
            <mixed-citation id="d26810e643" publication-type="other">
Owens, Ryan J. 2010. "The Separation of Powers, Judicial Inde-
pendence, and Strategic Agenda Setting." American Journal
of Political Science 54(2): 412-27.</mixed-citation>
         </ref>
         <ref id="d26810e656a1310">
            <mixed-citation id="d26810e660" publication-type="other">
Raftery, Adrian. 1995. "Bayesian Model Selection in Social Re-
search (with Discussion)." In Sociological Methodology, ed.
Peter V. Marsden. Cambridge, MA: Blackwell, 111-96.</mixed-citation>
         </ref>
         <ref id="d26810e673a1310">
            <mixed-citation id="d26810e677" publication-type="other">
Ruckman, P. S. 1993. "The Supreme Court, Critical Nomina-
tions, and the Senate Confirmation Process." Journal of Pol-
itics 55(3): 793-805.</mixed-citation>
         </ref>
         <ref id="d26810e690a1310">
            <mixed-citation id="d26810e694" publication-type="other">
Segal, Jeffrey. 1997. "Separation of Powers Games in the Posi-
tive Theory of Congress and the Courts." American Political
Science Review 91(1): 28-44.</mixed-citation>
         </ref>
         <ref id="d26810e707a1310">
            <mixed-citation id="d26810e711" publication-type="other">
Spaeth, Harold J. 2006. "United States Supreme Court Judi-
cial Database, 1953-2005 Terms." [Computer File], http://
www.as.uky.edu/polisci/ulmerproject/.</mixed-citation>
         </ref>
         <ref id="d26810e725a1310">
            <mixed-citation id="d26810e729" publication-type="other">
Westerland, Chad. 2003. "Who Owns the Majority Opinion?
An Examination of Policy Making on the U.S. Supreme
Court." Presented at the annual meeting of the
American Political Science Association, Philadelphia.</mixed-citation>
         </ref>
      </ref-list>
   </back>
</article>
