<article dtd-version="1.0" article-type="research-article">
   <front>
      <journal-meta>
         <journal-id xmlns:xlink="http://www.w3.org/1999/xlink" journal-id-type="jstor">amerjpoliscie</journal-id>
         <journal-id xmlns:xlink="http://www.w3.org/1999/xlink" journal-id-type="jstor">j100487</journal-id>
         <journal-title-group xmlns:xlink="http://www.w3.org/1999/xlink">
            <journal-title>American Journal of Political Science</journal-title>
         </journal-title-group>
         <publisher>
            <publisher-name>Wiley Subscription Services</publisher-name>
         </publisher>
         <issn xmlns:xlink="http://www.w3.org/1999/xlink" pub-type="ppub">00925853</issn>
         <issn xmlns:xlink="http://www.w3.org/1999/xlink" pub-type="epub">15405907</issn>
      </journal-meta>
      <article-meta>
         <article-id xmlns:xlink="http://www.w3.org/1999/xlink" pub-id-type="jstor">23187107</article-id>
         <title-group>
            <article-title>The House as a Stepping Stone to the Senate: Why Do So Few African American House Members Run?</article-title>
         </title-group>
         <contrib-group>
            <contrib>
               <string-name xmlns:xlink="http://www.w3.org/1999/xlink">
                  <given-names>Gbemende</given-names>
                  <surname>Johnson</surname>
               </string-name>
            </contrib>
            <contrib>
               <string-name xmlns:xlink="http://www.w3.org/1999/xlink">
                  <given-names>Bruce I.</given-names>
                  <surname>Oppenheimer</surname>
               </string-name>
            </contrib>
            <contrib>
               <string-name xmlns:xlink="http://www.w3.org/1999/xlink">
                  <given-names>Jennifer L.</given-names>
                  <surname>Selin</surname>
               </string-name>
            </contrib>
         </contrib-group>
         <pub-date xmlns:xlink="http://www.w3.org/1999/xlink">
            <day>1</day>
            <month>4</month>
            <year>2012</year>
         </pub-date>
         <volume>56</volume>
         <issue>2</issue>
         <issue-id xmlns:xlink="http://www.w3.org/1999/xlink">i23187097</issue-id>
         <fpage>387</fpage>
         <lpage>399</lpage>
         <permissions>
            <copyright-statement>© 2012 Midwest Political Science Association</copyright-statement>
         </permissions>
         <self-uri xmlns:xlink="http://www.w3.org/1999/xlink"
                   xlink:href="http://www.jstor.org/stable/23187107"/>
         <abstract>
            <p>Although a commonly recognized pathway to the U.S. Senate is through the U.S. House of Representatives, only four African American House members have run for the Senate since the passage of the 17th Amendment, and none have been elected. We examine why so few African American House members run for the Senate. Using an original dataset that includes all House members in the 102nd through the 110th Congresses, we explore the decision of House members, particularly African American House members, to run for the Senate. Despite the fact that so few African American House members have run for the Senate, our results raise doubts about the existence of direct race-based explanations. Instead, we demonstrate with mediation analysis that contextual factors linked to race, such as state population, ability to raise campaign funds, and ideological extremity, play an intervening role in the strategic decision to run. These findings have normative implications for descriptive representation.</p>
         </abstract>
         <custom-meta-group xmlns:xlink="http://www.w3.org/1999/xlink">
            <custom-meta>
               <meta-name>lang</meta-name>
               <meta-value>eng</meta-value>
            </custom-meta>
         </custom-meta-group>
      </article-meta>
   </front>
   <back>
      <fn-group xmlns:xlink="http://www.w3.org/1999/xlink">
         <title>[Footnotes]</title>
         <fn id="d26817e193a1310">
            <label>6</label>
            <p>
               <mixed-citation id="d26817e200" publication-type="other">
Rhode (1979)</mixed-citation>
            </p>
         </fn>
         <fn id="d26817e207a1310">
            <label>7</label>
            <p>
               <mixed-citation id="d26817e214" publication-type="other">
Cameron, Epstein,
and O'Halloran 1996</mixed-citation>
            </p>
            <p>
               <mixed-citation id="d26817e223" publication-type="other">
Lublin and Voss 2000</mixed-citation>
            </p>
            <p>
               <mixed-citation id="d26817e229" publication-type="other">
Malhoutra and Raso
2007</mixed-citation>
            </p>
            <p>
               <mixed-citation id="d26817e239" publication-type="other">
Nelson 1991</mixed-citation>
            </p>
            <p>
               <mixed-citation id="d26817e245" publication-type="other">
Sonenshein 1990</mixed-citation>
            </p>
            <p>
               <mixed-citation id="d26817e251" publication-type="other">
Grofman and Handley
1989</mixed-citation>
            </p>
            <p>
               <mixed-citation id="d26817e260" publication-type="other">
Conyers and Wallace 1976</mixed-citation>
            </p>
            <p>
               <mixed-citation id="d26817e266" publication-type="other">
King-
Meadows and Schaller 2001</mixed-citation>
            </p>
            <p>
               <mixed-citation id="d26817e275" publication-type="other">
Stone 1980</mixed-citation>
            </p>
            <p>
               <mixed-citation id="d26817e282" publication-type="other">
Grose
(2011).</mixed-citation>
            </p>
         </fn>
         <fn id="d26817e292a1310">
            <label>9</label>
            <p>
               <mixed-citation id="d26817e299" publication-type="other">
Dolan 2010</mixed-citation>
            </p>
            <p>
               <mixed-citation id="d26817e305" publication-type="other">
Huddy and Terkildsen
1993</mixed-citation>
            </p>
            <p>
               <mixed-citation id="d26817e314" publication-type="other">
Lawless 2004</mixed-citation>
            </p>
            <p>
               <mixed-citation id="d26817e321" publication-type="other">
Kahn 1996</mixed-citation>
            </p>
         </fn>
         <fn id="d26817e328a1310">
            <label>10</label>
            <p>
               <mixed-citation id="d26817e335" publication-type="other">
Lawless and Fox 2005</mixed-citation>
            </p>
            <p>
               <mixed-citation id="d26817e341" publication-type="other">
Lawless and Pearson 2008</mixed-citation>
            </p>
            <p>
               <mixed-citation id="d26817e347" publication-type="other">
Palmer and Simon 2008</mixed-citation>
            </p>
         </fn>
         <fn id="d26817e355a1310">
            <label>13</label>
            <p>
               <mixed-citation id="d26817e362" publication-type="other">
Shaw v. Reno, 509 U.S. 630 (1993)</mixed-citation>
            </p>
         </fn>
         <fn id="d26817e369a1310">
            <label>18</label>
            <p>
               <mixed-citation id="d26817e376" publication-type="other">
King and Zeng 2001</mixed-citation>
            </p>
         </fn>
         <fn id="d26817e383a1310">
            <label>19</label>
            <p>
               <mixed-citation id="d26817e392" publication-type="other">
Newey and West 1987</mixed-citation>
            </p>
         </fn>
         <fn id="d26817e399a1310">
            <label>27</label>
            <p>
               <mixed-citation id="d26817e406" publication-type="other">
Kam and
Zechmeister (2010).</mixed-citation>
            </p>
         </fn>
         <fn id="d26817e416a1310">
            <label>28</label>
            <p>
               <mixed-citation id="d26817e423" publication-type="other">
Baron and Kenny 1986</mixed-citation>
            </p>
            <p>
               <mixed-citation id="d26817e429" publication-type="other">
Kenny 2008</mixed-citation>
            </p>
         </fn>
         <fn id="d26817e436a1310">
            <label>30</label>
            <p>
               <mixed-citation id="d26817e443" publication-type="other">
Baron
and Kenny 1986</mixed-citation>
            </p>
         </fn>
      </fn-group>
      <ref-list>
         <title>References</title>
         <ref id="d26817e462a1310">
            <mixed-citation id="d26817e466" publication-type="other">
Aldrich, John, and David W. Rohde. 2001. "The Logic of Con-
ditional Party Government: Revisiting the Electoral Con-
nection." In Congress Reconsidered, 7th ed„ ed. Lawrence
C. Dodd and Bruce I. Oppenheimer. Washington, DC: CQ
Press, 269-92.</mixed-citation>
         </ref>
         <ref id="d26817e485a1310">
            <mixed-citation id="d26817e489" publication-type="other">
Baron, Reuben M., and David A. Kenny. 1986. "The Moderator-
Mediator Variable Distinction in Social Psychological Re-
search: Conceptual, Strategic, and Statistical Considera-
tions." Journal of Personality and Social Psychology 51(6):
1173-82.</mixed-citation>
         </ref>
         <ref id="d26817e508a1310">
            <mixed-citation id="d26817e512" publication-type="other">
Black, Gordon S. 1972. "A Theory of Political Ambition: Career
Choices and the Role of Structural Incentives." American
Political Science Review 66(1): 144-59.</mixed-citation>
         </ref>
         <ref id="d26817e525a1310">
            <mixed-citation id="d26817e529" publication-type="other">
Brace, Paul. 1984. "Progressive Ambition in the House: A Prob-
abilistic Approach." Journal of Politics 46(2): 556-71.</mixed-citation>
         </ref>
         <ref id="d26817e540a1310">
            <mixed-citation id="d26817e544" publication-type="other">
Burrell, Barbara. 1992. "Women Candidates in Open-Seat Pri-
maries for the U.S. House: 1968-1990." Legislative Studies
Quarterly 17(4): 493-508.</mixed-citation>
         </ref>
         <ref id="d26817e557a1310">
            <mixed-citation id="d26817e561" publication-type="other">
Cameron, Charles, David Epstein, and Sharyn O'Halloran.
1996. "Do Majority-Minority Districts Maximize Substan-
tive Black Representation in Congress?" American Political
Science Review 90(4): 794-812.</mixed-citation>
         </ref>
         <ref id="d26817e577a1310">
            <mixed-citation id="d26817e581" publication-type="other">
Canon, David T. 1990. Actors, Athletes, and Astronauts: Political
Amateurs in the United States Congress. Chicago: University
of Chicago Press.</mixed-citation>
         </ref>
         <ref id="d26817e594a1310">
            <mixed-citation id="d26817e598" publication-type="other">
Canon, David T., Matthew M. Shousen, and Patrick J. Sell-
ers. 1996. "The Supply Side of Congressional Redistricting:
Race and Strategic Politicians, 1972-1992." Journal of Politics
58(3): 846-62.</mixed-citation>
         </ref>
         <ref id="d26817e614a1310">
            <mixed-citation id="d26817e618" publication-type="other">
Canon, David T., and David J. Sousa. 1992. "Party System
Change and Political Career Structures in the U.S. Congress."
Legislative Studies Quarterly 17(3): 347-464.</mixed-citation>
         </ref>
         <ref id="d26817e631a1310">
            <mixed-citation id="d26817e635" publication-type="other">
Carson, Jamie L. 2005. "Strategy, Selection, and Candidate
Competition in U.S. House and Senate Elections." Journal
of Politics 67(1): 1-28.</mixed-citation>
         </ref>
         <ref id="d26817e649a1310">
            <mixed-citation id="d26817e653" publication-type="other">
Conyers, James E., and Walter L. Wallace. 1976. Black Elected
Officials: A Study of Black Americans Holding Governmental
Office. New York: Russell Sage Foundation.</mixed-citation>
         </ref>
         <ref id="d26817e666a1310">
            <mixed-citation id="d26817e670" publication-type="other">
Copeland, Gary W. 1989. "Choosing to Run: Why House Mem-
bers Seek Election to the Senate." Legislative Studies Quar-
terly 14(4): 549-65.</mixed-citation>
         </ref>
         <ref id="d26817e683a1310">
            <mixed-citation id="d26817e687" publication-type="other">
Czudnowski, Moshe M. 1972. "Sociocultural Variables and Leg-
islative Recruitment: Some Theoretical Observations and a
Case Study." Comparative Politics 4(4): 561-87.</mixed-citation>
         </ref>
         <ref id="d26817e700a1310">
            <mixed-citation id="d26817e704" publication-type="other">
Darcy,R., Susan Welch, and Janet Clark. 1994. Women, Elections,
and Representation: Women and Politics. Lincoln: University
of Nebraska Press.</mixed-citation>
         </ref>
         <ref id="d26817e717a1310">
            <mixed-citation id="d26817e721" publication-type="other">
Dolan, Kathleen. 2010. "The Impact of Gender Stereotyped
Evaluations on Support for Women Candidates." Political
Behavior 32(1): 69-88.</mixed-citation>
         </ref>
         <ref id="d26817e734a1310">
            <mixed-citation id="d26817e738" publication-type="other">
Eulau, Heinz. 1962. "The Legislative Career." In The Legisla-
tive System: Explorations in Legislative Behavior, ed. John C.
Wahlke et al. New York: John Wiley and Sons, 69-134.</mixed-citation>
         </ref>
         <ref id="d26817e752a1310">
            <mixed-citation id="d26817e756" publication-type="other">
Erickson, Robert S., and Gerald C. Wright. 2009. "Voters, Can-
didates, and Issues in Congressional Elections." In Congress
Reconsidered, 9th ed., ed. Lawrence C. Dodd and Bruce I.
Oppenheimer. Washington, DC: CQ Press, 71-96.</mixed-citation>
         </ref>
         <ref id="d26817e772a1310">
            <mixed-citation id="d26817e776" publication-type="other">
Fox, Richard L., and Jennifer L. Lawless. 2005a. "To Run or Not
to Run: Explaining Nascent Political Ambition." American
Journal of Political Science 49(3): 659-76.</mixed-citation>
         </ref>
         <ref id="d26817e789a1310">
            <mixed-citation id="d26817e793" publication-type="other">
Fox, Richard L., and Jennifer L. Lawless. 2005b. "Black and
White Differences in Nascent Political Ambition: Race and
the Decision Dynamics of the Initial Run for Elective Office."
Presented at the annual meeting of the American Political
Science Association, Washington, DC.</mixed-citation>
         </ref>
         <ref id="d26817e812a1310">
            <mixed-citation id="d26817e816" publication-type="other">
Francis, Wayne L. 1993. "House to Senate Career Movement in
the U.S. States: The Significance of Selectivity." Legislative
Studies Quarterly 18(3): 309-20.</mixed-citation>
         </ref>
         <ref id="d26817e829a1310">
            <mixed-citation id="d26817e833" publication-type="other">
Gerber, Alan. 1996. "African Americans' Congressional Careers
and the Democratic House Delegation." Journal of Politics
58(3): 831-45.</mixed-citation>
         </ref>
         <ref id="d26817e846a1310">
            <mixed-citation id="d26817e850" publication-type="other">
Grofman, Bernard, and Lisa Handley. 1989. "Black Represen-
tation: Making Sense of Electoral Geography at Different
Levels of Government." Legislative Studies Quarterly 14(2):
265-79.</mixed-citation>
         </ref>
         <ref id="d26817e867a1310">
            <mixed-citation id="d26817e871" publication-type="other">
Grose, Christian. 2011. Congress in Black and White: Race
and Representation in Washington and at Home. New York:
Cambridge University Press.</mixed-citation>
         </ref>
         <ref id="d26817e884a1310">
            <mixed-citation id="d26817e888" publication-type="other">
Hall, Richard L., and Robert P. van Houweling. 1995. "Avarice
and Ambition in Congress: Representatives' Decisions to
Run or Retire from the U.S. House." American Political Sci-
ence Review 89(1): 121-36.</mixed-citation>
         </ref>
         <ref id="d26817e904a1310">
            <mixed-citation id="d26817e908" publication-type="other">
Highton, Ben. 2004. "White Voters and African American Can-
didates for Congress." Political Behavior 26(1): 1-25.</mixed-citation>
         </ref>
         <ref id="d26817e918a1310">
            <mixed-citation id="d26817e922" publication-type="other">
Huddy, Leonie, and Nayda Terkildsen. 1993. "Gender Stereo-
types and the Perception of Male and Female Candidates."
American Journal of Political Science 37(1): 119-47.</mixed-citation>
         </ref>
         <ref id="d26817e935a1310">
            <mixed-citation id="d26817e939" publication-type="other">
Imai, Kosuke, Luke Keele, Dustin Tingley, and Teppei
Yamamoto. 2010. "Causal Mediation Analysis Using R." In
Advances in Social Science Research Using R, ed. H. D. Vinod.
New York: Springer, 129-54.</mixed-citation>
         </ref>
         <ref id="d26817e955a1310">
            <mixed-citation id="d26817e959" publication-type="other">
Jacobson, Gary C., and Samuel Kernell. 1981. Strategy and
Choice in Congressional Elections. New Haven, CT: Yale Uni-
versity Press.</mixed-citation>
         </ref>
         <ref id="d26817e973a1310">
            <mixed-citation id="d26817e977" publication-type="other">
Jeffries, Judson L. 1999. "U.S. Senator Edward W. Brooke and
Governor L. Douglas Wilder Tell Political Scientists How
Blacks Can Win High-Profile Statewide Office." PS: Political
Science and Politics 32(3): 583-87.</mixed-citation>
         </ref>
         <ref id="d26817e993a1310">
            <mixed-citation id="d26817e997" publication-type="other">
Judd, Charles M., and Kenny, David A. 1981. "Process Analysis:
Estimating Mediation in Evaluation Research." Evaluation
Research 5: 602-19.</mixed-citation>
         </ref>
         <ref id="d26817e1010a1310">
            <mixed-citation id="d26817e1014" publication-type="other">
Kahn, Kim Fridkin. 1996. The Political Consequences of Being
a Woman: How Stereotypes Influence the Conduct and Con-
sequences of Political Campaigns. New York: Columbia Uni-
versity Press.</mixed-citation>
         </ref>
         <ref id="d26817e1030a1310">
            <mixed-citation id="d26817e1034" publication-type="other">
Kam, Cindy D., and Elizabeth J. Zechmeister. 2010. "Name
Recognition and Candidate Support." Vanderbilt University.
Unpublished manuscript.</mixed-citation>
         </ref>
         <ref id="d26817e1047a1310">
            <mixed-citation id="d26817e1051" publication-type="other">
Kazee, Thomas A., ed. 1994. Who Runs for Congress?
Washington, DC: CQ Press.</mixed-citation>
         </ref>
         <ref id="d26817e1061a1310">
            <mixed-citation id="d26817e1065" publication-type="other">
Kenny, David A. 2008. "Mediation with Dichotomous Out-
comes." Unpublished manuscript.</mixed-citation>
         </ref>
         <ref id="d26817e1076a1310">
            <mixed-citation id="d26817e1080" publication-type="other">
Kiewiet, D. Rodrick, and Langche Zeng. 1993. "An Analysis
of Congressional Career Decisions, 1947-1986." American
Political Science Review 87(4): 928-41.</mixed-citation>
         </ref>
         <ref id="d26817e1093a1310">
            <mixed-citation id="d26817e1097" publication-type="other">
King, Gary, and Langche Zeng. 2001. "Logistic Regression in
Rare Events Data." Political Analysis 9(2): 137-63.</mixed-citation>
         </ref>
         <ref id="d26817e1107a1310">
            <mixed-citation id="d26817e1111" publication-type="other">
King-Meadows, Tyson D., and Thomas F. Schaller. 2001. "Black
State Legislators: A Case Study of North Carolina and
Maryland." In Representation of Minority Groups in the
U.S., ed. Charles E. Menifeld. Lanham, MD: Austin &amp;
Winfield, 163-88.</mixed-citation>
         </ref>
         <ref id="d26817e1130a1310">
            <mixed-citation id="d26817e1134" publication-type="other">
Lawless, Jennifer L. 2004. "Women, War, and Winning Elec-
tions: Gender Stereotyping in the Post-September 11th Era."
Political Research Quarterly 57(3): 479-90.</mixed-citation>
         </ref>
         <ref id="d26817e1147a1310">
            <mixed-citation id="d26817e1151" publication-type="other">
Lawless, Jennifer L., and Richard L. Fox. 2005. It Takes a
Candidate: Why Women Don't Run for Office. New York:
Cambridge University Press.</mixed-citation>
         </ref>
         <ref id="d26817e1164a1310">
            <mixed-citation id="d26817e1168" publication-type="other">
Lawless, Jennifer L., and Kathryn Pearson. 2008. "The Primary
Reason for Women's Underrepresentation? Reevaluating the
Conventional Wisdom." Journal of Politics 70(1): 67-82.</mixed-citation>
         </ref>
         <ref id="d26817e1182a1310">
            <mixed-citation id="d26817e1186" publication-type="other">
Lee, Francis, and Bruce I. Oppenheimer. 1999. Sizing Up the
Senate: The Unequal Consequences of Equal Representation.
Chicago: University of Chicago Press.</mixed-citation>
         </ref>
         <ref id="d26817e1199a1310">
            <mixed-citation id="d26817e1203" publication-type="other">
Lublin, David. 1999. "Racial Redistricting and African-
American Representation: A Critique of 'Do Majority-
Minority Districts Maximize Substantive Black Representa-
tion in Congress.'" American Political Science Review 93(1):
183-86.</mixed-citation>
         </ref>
         <ref id="d26817e1222a1310">
            <mixed-citation id="d26817e1226" publication-type="other">
Lublin, David, and Stephen Voss. 2000. "Racial Redistricting
and Realignment in Southern State Legislatures." American
Journal of Political Science 44(4): 792-810.</mixed-citation>
         </ref>
         <ref id="d26817e1239a1310">
            <mixed-citation id="d26817e1243" publication-type="other">
MacKinnon, David P., Amanda J. Fairchild, and Matthew S.
Fritz. 2007. "Mediation Analysis." Annual Review of Psychol-
ogy 58: 593-614.</mixed-citation>
         </ref>
         <ref id="d26817e1256a1310">
            <mixed-citation id="d26817e1260" publication-type="other">
MacKinnon, David P., Ghulam Warsi, and James H. Dwyer.
1995. "A Simulation Study of Mediated Effect Measures."
Multivariate Behavioral Research 30(1): 41-62.</mixed-citation>
         </ref>
         <ref id="d26817e1273a1310">
            <mixed-citation id="d26817e1277" publication-type="other">
Maisel, L. Sandy, and Walter J. Stone. 1997. "Determinants of
Candidate Emergence in U.S. House Elections: An Explana-
tory Study." Legislative Studies Quarterly 22(1): 79-96.</mixed-citation>
         </ref>
         <ref id="d26817e1291a1310">
            <mixed-citation id="d26817e1295" publication-type="other">
Malhoutra, Neil, and Connor Raso. 2007. "Racial Representa-
tion and U.S. Senate Apportionment." Social Science Quar-
terly 88(4): 1038-48.</mixed-citation>
         </ref>
         <ref id="d26817e1308a1310">
            <mixed-citation id="d26817e1312" publication-type="other">
Matthews, Donald R. 1954. The Social Backgrounds of Political
Decision Makers. New York: Doubleday.</mixed-citation>
         </ref>
         <ref id="d26817e1322a1310">
            <mixed-citation id="d26817e1326" publication-type="other">
Minta, Michael D., and Valeria Sinclair-Chapman. 2009. "A
Bicameral Perspective on the Effects of Racial and Ethnic
Diversity in Congress." Presented at the Legislative Elec-
tions, Process, and Policy: The Influence of Bicameralism
Conference, Nashville, TN.</mixed-citation>
         </ref>
         <ref id="d26817e1345a1310">
            <mixed-citation id="d26817e1349" publication-type="other">
Nelson, Albert J. 1991. EmergingInfluentials in State Legislatures:
Women, Blacks, and Hispanics. New York: Praeger.</mixed-citation>
         </ref>
         <ref id="d26817e1359a1310">
            <mixed-citation id="d26817e1363" publication-type="other">
Newey, Whitney K., and Kenneth D. West. 1987. "A Simple,
Positive Semi-definite Heteroskedasticity and Autocorrela-
tion Consistent Covariance Matrix." Econometrica 55(3):
703-8.</mixed-citation>
         </ref>
         <ref id="d26817e1379a1310">
            <mixed-citation id="d26817e1383" publication-type="other">
Palmer, Barbara, and Dennis Simon. 2008. Breaking the Political
Glass Ceiling: Women and Congressional Elections. New York:
Routledge.</mixed-citation>
         </ref>
         <ref id="d26817e1397a1310">
            <mixed-citation id="d26817e1401" publication-type="other">
Poole, Kenneth T., and Howard Rosenthal. 1997. Congress: A
Political-Economic History of Roll Call Voting. New York:
Oxford University Press.</mixed-citation>
         </ref>
         <ref id="d26817e1414a1310">
            <mixed-citation id="d26817e1418" publication-type="other">
Rohde, David W. 1979. "Risk-Bearing and Progressive Ambi-
tion: The Case of Members of the United States House of
Representatives." American Journal of Political Science 23(1):
1-26.</mixed-citation>
         </ref>
         <ref id="d26817e1434a1310">
            <mixed-citation id="d26817e1438" publication-type="other">
Schlesinger, Joseph A. 1966. Ambition and Politics: Political Ca-
reers in the United States. Chicago: Rand McNally.</mixed-citation>
         </ref>
         <ref id="d26817e1448a1310">
            <mixed-citation id="d26817e1452" publication-type="other">
Sigelman, Carol K., Lee Sigelman, Barbara J. Walkosz, and
Michael Nitz. 1995. "Black Candidates, White Voters: Un-
derstanding Racial Bias in Political Perception." American
Journal of Political Science 39(1): 243-65.</mixed-citation>
         </ref>
         <ref id="d26817e1468a1310">
            <mixed-citation id="d26817e1472" publication-type="other">
Sobel, Michael E. 1986. "Some New Results on Indirect Effects
and Their Standard Errors in Covariance Structure Models."
Sociological Methodology 16: 159-86.</mixed-citation>
         </ref>
         <ref id="d26817e1485a1310">
            <mixed-citation id="d26817e1489" publication-type="other">
Sonenshein, Raphael J. 1990. "Can Black Candidates Win
Statewide Elections?" Political Science Quarterly 105(2):
219-41.</mixed-citation>
         </ref>
         <ref id="d26817e1503a1310">
            <mixed-citation id="d26817e1507" publication-type="other">
Stone, Pauline Terrelonge. 1980. "Ambition Theory and
the Black Politician." Political Research Quarterly 33(1):
94-107.</mixed-citation>
         </ref>
         <ref id="d26817e1520a1310">
            <mixed-citation id="d26817e1524" publication-type="other">
Stone, Walter J., and L. Sandy Maisel. 2003. "The Not-So-
Simple Calculus of Winning: Potential U.S. House Candi-
dates' Nomination and General Election Chances." Journal
of Politics 65(4): 951-77.</mixed-citation>
         </ref>
         <ref id="d26817e1540a1310">
            <mixed-citation id="d26817e1544" publication-type="other">
Swain, Carol. 1993. Black Faces, Black Interests: The Represen-
tation of African Americans in Congress. Cambridge, MA:
Harvard University Press.</mixed-citation>
         </ref>
         <ref id="d26817e1557a1310">
            <mixed-citation id="d26817e1561" publication-type="other">
Swain, Carol. 1997. "Women and Blacks in Congress
1870-1996." In Congress Reconsidered, 6th ed., Lawrence
C. Dodd and Bruce I. Oppenheimer. Washington, DC: CQ
Press, 81-99.</mixed-citation>
         </ref>
         <ref id="d26817e1577a1310">
            <mixed-citation id="d26817e1581" publication-type="other">
Tate, Katherine. 2004. Black Faces in the Mirror: African
Americans and Their Representatives in the U.S. Congress.
Princeton, NJ: Princeton University Press.</mixed-citation>
         </ref>
         <ref id="d26817e1594a1310">
            <mixed-citation id="d26817e1598" publication-type="other">
Terkildsen, Nayda. 1993. "When White Voters Evaluate Black
Candidates: The Processing Implications of Candidate Skin
Color, Prejudice, and Self-Monitoring." American Journal of
Political Science 37(4): 1032-53.</mixed-citation>
         </ref>
         <ref id="d26817e1615a1310">
            <mixed-citation id="d26817e1619" publication-type="other">
Washington, Ebonya. 2006. "How Black Candidates Affect
Voter Turnout." Quarterly Journal of Economics 121(3): 973-
98.</mixed-citation>
         </ref>
      </ref-list>
   </back>
</article>
