<article dtd-version="1.0" article-type="research-article">
   <front>
      <journal-meta>
         <journal-id xmlns:xlink="http://www.w3.org/1999/xlink" journal-id-type="jstor">amerjpoliscie</journal-id>
         <journal-id xmlns:xlink="http://www.w3.org/1999/xlink" journal-id-type="jstor">j100487</journal-id>
         <journal-title-group xmlns:xlink="http://www.w3.org/1999/xlink">
            <journal-title>American Journal of Political Science</journal-title>
         </journal-title-group>
         <publisher>
            <publisher-name>Wiley Subscription Services</publisher-name>
         </publisher>
         <issn xmlns:xlink="http://www.w3.org/1999/xlink" pub-type="ppub">00925853</issn>
         <issn xmlns:xlink="http://www.w3.org/1999/xlink" pub-type="epub">15405907</issn>
      </journal-meta>
      <article-meta>
         <article-id xmlns:xlink="http://www.w3.org/1999/xlink" pub-id-type="jstor">23316015</article-id>
         <title-group>
            <article-title>Irreplaceable Legislators? Rethinking Minority Representatives in the New Century</article-title>
         </title-group>
         <contrib-group>
            <contrib>
               <string-name xmlns:xlink="http://www.w3.org/1999/xlink">
                  <given-names>Eric Gonzalez</given-names>
                  <surname>Juenke</surname>
               </string-name>
            </contrib>
            <contrib>
               <string-name xmlns:xlink="http://www.w3.org/1999/xlink">
                  <given-names>Robert R.</given-names>
                  <surname>Preuhs</surname>
               </string-name>
            </contrib>
         </contrib-group>
         <pub-date xmlns:xlink="http://www.w3.org/1999/xlink">
            <day>1</day>
            <month>7</month>
            <year>2012</year>
         </pub-date>
         <volume>56</volume>
         <issue>3</issue>
         <issue-id xmlns:xlink="http://www.w3.org/1999/xlink">i23316001</issue-id>
         <fpage>705</fpage>
         <lpage>715</lpage>
         <permissions>
            <copyright-statement>© 2012 Midwest Political Science Association</copyright-statement>
         </permissions>
         <self-uri xmlns:xlink="http://www.w3.org/1999/xlink"
                   xlink:href="http://www.jstor.org/stable/23316015"/>
         <abstract>
            <p>We use state legislator ideology estimates (standardized W-nominate values) to examine whether Latino and African American legislator ideological differences can be explained away by traditional constituency characteristics like partisanship and demographics. We find instead that both Black and Latino legislators are unique "types." Our evidence supports the theoretical presumption that there is a minority dimension to legislative voting and that it is uniquely personified by minority officeholders. White, Black, Latino, Democrat, and Republican representatives are all examined for responsiveness to different partisan and racial/ethnic populations. The dataset includes all 50 state legislatures from the 1999—2000 legislative sessions, including information from the U.S. Census, NALEO, the Joint Center for Political and Economic Studies, Gerald Wright's Representation in the American Legislature Project, and CQ Press's Almanac of State Legislative Elections.</p>
         </abstract>
         <custom-meta-group xmlns:xlink="http://www.w3.org/1999/xlink">
            <custom-meta>
               <meta-name>lang</meta-name>
               <meta-value>eng</meta-value>
            </custom-meta>
         </custom-meta-group>
      </article-meta>
   </front>
   <back>
      <fn-group xmlns:xlink="http://www.w3.org/1999/xlink">
         <title>[Footnotes]</title>
         <fn id="d35377e171a1310">
            <label>1</label>
            <p>
               <mixed-citation id="d35377e178" publication-type="other">
Grose (2005,431-34)</mixed-citation>
            </p>
            <p>
               <mixed-citation id="d35377e184" publication-type="other">
Whitby and Krause (2001, n. 27).</mixed-citation>
            </p>
         </fn>
         <fn id="d35377e191a1310">
            <label>2</label>
            <p>
               <mixed-citation id="d35377e198" publication-type="other">
Berry 1993, 27</mixed-citation>
            </p>
         </fn>
         <fn id="d35377e205a1310">
            <label>3</label>
            <p>
               <mixed-citation id="d35377e212" publication-type="other">
Bullock 1981</mixed-citation>
            </p>
            <p>
               <mixed-citation id="d35377e218" publication-type="other">
1995</mixed-citation>
            </p>
            <p>
               <mixed-citation id="d35377e224" publication-type="other">
Key 1949</mixed-citation>
            </p>
         </fn>
         <fn id="d35377e231a1310">
            <label>4</label>
            <p>
               <mixed-citation id="d35377e238" publication-type="other">
Whitby (1987)</mixed-citation>
            </p>
            <p>
               <mixed-citation id="d35377e244" publication-type="other">
Hutchings, McClerking, and Charles (2004)</mixed-citation>
            </p>
         </fn>
      </fn-group>
      <ref-list>
         <title>References</title>
         <ref id="d35377e260a1310">
            <mixed-citation id="d35377e264" publication-type="other">
Baker, Andy, and Corey Cook. 2005. "Representing Black In-
terests and Promoting Black Culture." Du Bois Review 2(2):
1-20.</mixed-citation>
         </ref>
         <ref id="d35377e277a1310">
            <mixed-citation id="d35377e281" publication-type="other">
Barreto, Matt A. 2007. "Si Se Puede! Latino Candidates and the
Mobilization of Latino Voters." American Political Science
Review 101(3): 425-41.</mixed-citation>
         </ref>
         <ref id="d35377e294a1310">
            <mixed-citation id="d35377e298" publication-type="other">
Barreto, Matt A., Gary M. Segura, and Nathan D. Woods. 2004.
"The Mobilizing Effect of Majority-Minority Districts on
Latino Turnout." American Political Science Review 98(1):
65-75.</mixed-citation>
         </ref>
         <ref id="d35377e314a1310">
            <mixed-citation id="d35377e318" publication-type="other">
Berry, William. 1993. Understanding Regression Assumptions:
Sage University Paper Series on Quantitative Applications in
the Social Sciences, 07-092. Newbury Park, CA: Sage.</mixed-citation>
         </ref>
         <ref id="d35377e332a1310">
            <mixed-citation id="d35377e336" publication-type="other">
Branton, Regina. 2007. "Latino Attitudes toward Various Areas
of Public Policy: The Importance of Acculturation." Political
Research Quarterly 60(June): 293-303.</mixed-citation>
         </ref>
         <ref id="d35377e349a1310">
            <mixed-citation id="d35377e353" publication-type="other">
Bratton, Kathleen. 2006. "The Behavior and Success of Latino
Legislators: Evidence from the States." Social Science Quar-
terly 87{5): 1136-157.</mixed-citation>
         </ref>
         <ref id="d35377e366a1310">
            <mixed-citation id="d35377e370" publication-type="other">
Bratton, Kathleen, and Kerry Haynie. 1999. "Agenda Setting
and Legislative Success in State Legislatures: The Effects of
Gender and Race." Journal of Politics 61(3): 658-79.</mixed-citation>
         </ref>
         <ref id="d35377e383a1310">
            <mixed-citation id="d35377e387" publication-type="other">
Bullock, Charles, III. 1981. "Congressional Voting and the Mo-
bilization of a Black Electorate in the South." Journal of
Politics 43(3): 662-82.</mixed-citation>
         </ref>
         <ref id="d35377e400a1310">
            <mixed-citation id="d35377e404" publication-type="other">
Bullock, Charles, III. 1995. "The Impact of Changing the
Racial Composition of Congressional Districts on Legisla-
tors' Roll Call Behavior." American Politics Research 23(2):
141-58.</mixed-citation>
         </ref>
         <ref id="d35377e420a1310">
            <mixed-citation id="d35377e424" publication-type="other">
Cameron, Charles, David Epstein, and Sharyn O'Halloran.
1996. "Do Majority-Minority Districts Maximize Substan-
tive Black Representation in Congress?" American Political
Science Review 90(4): 794-812.</mixed-citation>
         </ref>
         <ref id="d35377e441a1310">
            <mixed-citation id="d35377e445" publication-type="other">
Canon, David T. 1999. Race, Redisricting, and Representation.
Chicago: University of Chicago Press.</mixed-citation>
         </ref>
         <ref id="d35377e455a1310">
            <mixed-citation id="d35377e459" publication-type="other">
Casellas, Jason. 2009. "Coalitions in the House?" Political Re-
search Quarterly 62: 120-31.</mixed-citation>
         </ref>
         <ref id="d35377e469a1310">
            <mixed-citation id="d35377e473" publication-type="other">
Davidson, Chandler, ed. 1989. Minority Vote Dilution. Wash-
ington, DC: Howard University Press.</mixed-citation>
         </ref>
         <ref id="d35377e483a1310">
            <mixed-citation id="d35377e487" publication-type="other">
De la Garza, Rodolfo, and Luis DeSipio. 1997. "Save the Baby,
Change the Bathwater, and Scrub the Tub." In Pursuing
Power: Latinos and the Political System, ed. F. Chris Gar-
cia. Notre Dame, IN: Notre Dame University Press, 72-
126.</mixed-citation>
         </ref>
         <ref id="d35377e506a1310">
            <mixed-citation id="d35377e510" publication-type="other">
Dovi, Suzanne. 2002. "Preferable Descriptive Representatives:
Will Just Any Woman, Black, or Latino Do?" American Po-
litical Science Review 94(4): 745-54.</mixed-citation>
         </ref>
         <ref id="d35377e523a1310">
            <mixed-citation id="d35377e527" publication-type="other">
Epstein, David, and Sharyn O'Halloran. 1999. "Measuring
the Electoral and Policy Impact of Majority-Minority Dis-
tricts." American Journal of Political Science 43(2): 367-
95.</mixed-citation>
         </ref>
         <ref id="d35377e544a1310">
            <mixed-citation id="d35377e548" publication-type="other">
Epstein, David, and Sharyn O'Halloran. 2006. "Trends in Mi-
nority Representation, 1974-2000." In The Future of the Vot-
ing Rights Act, ed. David Epstein, Richard Pildes, Rodolfo de
la Garza, and Sharyn O'Halloran. New York: Russell Sage
Foundation, 61-80.</mixed-citation>
         </ref>
         <ref id="d35377e567a1310">
            <mixed-citation id="d35377e571" publication-type="other">
Gay, Claudine, 2001. "The Effect of Black Congressional Rep-
resentation on Political Participation." American Political
Science Review 95(3): 589-602.</mixed-citation>
         </ref>
         <ref id="d35377e584a1310">
            <mixed-citation id="d35377e588" publication-type="other">
Gay, Claudine. 2007. "Legislating without Constraints: The Ef-
fect of Minority Districting on Legislators' Responsiveness to
Constituency Preferences." Journal of Politics 69(2): 442-56.</mixed-citation>
         </ref>
         <ref id="d35377e601a1310">
            <mixed-citation id="d35377e605" publication-type="other">
Griffin, John, and Brian Newman. 2007. "The Unequal Repre-
sentation of Latinos and Whites." Journal of Politics 69(4):
1032-46.</mixed-citation>
         </ref>
         <ref id="d35377e618a1310">
            <mixed-citation id="d35377e622" publication-type="other">
Griffin, John, and Brian Newman. 2008. Minority Report.
Chicago: University of Chicago Press.</mixed-citation>
         </ref>
         <ref id="d35377e632a1310">
            <mixed-citation id="d35377e636" publication-type="other">
Grose, Christian. 2005. "Disentangling Constituency and Leg-
islator Effects in Legislative Representation." Social Science
Quarterly 86(2): 427-43.</mixed-citation>
         </ref>
         <ref id="d35377e650a1310">
            <mixed-citation id="d35377e654" publication-type="other">
Hajnal, Zoltan, and Jessica Troustine. 2005. "Where Turnout
Matters: The Consequences of Uneven Turnout in City Pol-
itics." Journal of Politics 67(2): 513-35.</mixed-citation>
         </ref>
         <ref id="d35377e667a1310">
            <mixed-citation id="d35377e671" publication-type="other">
Haynie, Kerry L. 2001. African American Legislators in the Amer-
ican States. New York: Columbia University Press.</mixed-citation>
         </ref>
         <ref id="d35377e681a1310">
            <mixed-citation id="d35377e685" publication-type="other">
Hero, Rodney E., and Caroline J. Tolbert. 1995. "Latinos and
Substantive Representation in the U.S. House of Represen-
tatives: Direct, Indirect or Nonexistent?" American Journal
of Political Science 39(3): 640-52.</mixed-citation>
         </ref>
         <ref id="d35377e701a1310">
            <mixed-citation id="d35377e705" publication-type="other">
Hutchings, Vincent, Harwood McClerking, and Guy-Uriel
Charles. 2004. "Congressional Representation of Black In-
terests." Journal of Politics 66(2): 450-68.</mixed-citation>
         </ref>
         <ref id="d35377e718a1310">
            <mixed-citation id="d35377e722" publication-type="other">
Kerr, Brinck, and Will Miller. 1997. "Latino Representation, It's
Direct and Indirect." American Journal of Political Science
41(3): 1066-71.</mixed-citation>
         </ref>
         <ref id="d35377e735a1310">
            <mixed-citation id="d35377e739" publication-type="other">
Key, V.O. 1949. Southern Politics in State and Nation. New York:
Random House.</mixed-citation>
         </ref>
         <ref id="d35377e750a1310">
            <mixed-citation id="d35377e754" publication-type="other">
Leighley, Jan E. 2001. Strength in Numbers? The Political Mo-
bilization of Racial and Ethnic Minorities. Princeton, NJ:
Princeton University Press.</mixed-citation>
         </ref>
         <ref id="d35377e767a1310">
            <mixed-citation id="d35377e771" publication-type="other">
Lilley, William III, Laurence J. Defranco, and Mark F. Bernstein.
1999. The Almanac of State Legislatures: Changing Patterns
1990-1997. Washington, DC: CQ Books.</mixed-citation>
         </ref>
         <ref id="d35377e784a1310">
            <mixed-citation id="d35377e788" publication-type="other">
Lublin, David. 1997. "The Election of African Americans and
Latinos to the U.S. House of Representatives, 1972-1994."
American Politics Research 25(3): 269-86.</mixed-citation>
         </ref>
         <ref id="d35377e801a1310">
            <mixed-citation id="d35377e805" publication-type="other">
Lublin, David, and D. Stephen Voss. 2003. "Racial Redistricting
and Realignment in Southern State Legislators." American
Journal of Political Science 44(4): 792-810.</mixed-citation>
         </ref>
         <ref id="d35377e818a1310">
            <mixed-citation id="d35377e822" publication-type="other">
Mansbridge, Jane. 1999. "Should Blacks Represent Blacks and
Women Represent Women? A Contingent 'Yes'." Journal of
Politics 61(3): 628-57.</mixed-citation>
         </ref>
         <ref id="d35377e835a1310">
            <mixed-citation id="d35377e839" publication-type="other">
National Association for Latino Elected and Appointed Offi-
cials. Various years. Naitonal Roster of Hispanic Elected Offi-
cials. Washington, DC: NALEO.</mixed-citation>
         </ref>
         <ref id="d35377e853a1310">
            <mixed-citation id="d35377e857" publication-type="other">
Pitkin, Hanna. 1967. The Concept of Representation. Berkeley:
University of California Press.</mixed-citation>
         </ref>
         <ref id="d35377e867a1310">
            <mixed-citation id="d35377e871" publication-type="other">
Poole, Keith T., and Howard Rosenthal. 1997. Congress: A
Political-Economic History of Roll Call Voting. New York:
Oxford University Press.</mixed-citation>
         </ref>
         <ref id="d35377e884a1310">
            <mixed-citation id="d35377e888" publication-type="other">
Preuhs, Robert R., and Eric Gonzalez Juenke. 2011. "Latino U.S.
State Legislators in the 1990s: Majority-Minority Districts,
Minority Incorporation, and Institutional Position." State
Politics and Policy Quarterly 11(1): 48-75.</mixed-citation>
         </ref>
         <ref id="d35377e904a1310">
            <mixed-citation id="d35377e908" publication-type="other">
Swain, Carol M. 1993. Black Faces and Black Interests: The Repre-
sentation of African Americans in Congress. Cambridge, MA:
Harvard University Press.</mixed-citation>
         </ref>
         <ref id="d35377e921a1310">
            <mixed-citation id="d35377e925" publication-type="other">
Tate, Katherine. 2003. Black Faces in the Mirror: African Amer-
icans and Their Representatives in the U.S. Congress. Prince-
ton, NJ: Princeton University Press.</mixed-citation>
         </ref>
         <ref id="d35377e938a1310">
            <mixed-citation id="d35377e942" publication-type="other">
Weissberg, Robert. 1978. "Collective vs. Dyadic Representa-
tion in Congress." American Political Science Review 72(2):
535-47.</mixed-citation>
         </ref>
         <ref id="d35377e956a1310">
            <mixed-citation id="d35377e960" publication-type="other">
Welch, Susan, and John R. Hibbing. 1984. "Hispanic Represen-
tation in the U.S. Congress." Social Science Quarterly 65(2):
328-35.</mixed-citation>
         </ref>
         <ref id="d35377e973a1310">
            <mixed-citation id="d35377e977" publication-type="other">
Whitby, Kenny. 1987. "Measuring Congressional Responsive-
ness to the Policy Interests of Black Constituents." Social
Science Quarterly 68(June): 367-77.</mixed-citation>
         </ref>
         <ref id="d35377e990a1310">
            <mixed-citation id="d35377e994" publication-type="other">
Whitby, Kenny J. 1997. The Color of Representation. Ann Arbor:
University of Michigan Press.</mixed-citation>
         </ref>
         <ref id="d35377e1004a1310">
            <mixed-citation id="d35377e1010" publication-type="other">
Whitby, Kenny, and George Krause. 2001. "Race, Issue Het-
erogeneity, and Public Policy: The Republican Revolution

              in the 104
              
              Congress and the Representation of African-
            
American Policy Interests." British Journal of Political Science
31:555-72.</mixed-citation>
         </ref>
         <ref id="d35377e1032a1310">
            <mixed-citation id="d35377e1036" publication-type="other">
Williams, R. L. 2000. "A Note on Robust Variance Estimation
for Cluster-Correlated Data." Biometrics 56: 645-46.</mixed-citation>
         </ref>
         <ref id="d35377e1046a1310">
            <mixed-citation id="d35377e1050" publication-type="other">
Wright, Gerald. 2004. Representation in America's Legislatures.
Indiana University, National Science Foundation Grant.</mixed-citation>
         </ref>
         <ref id="d35377e1061a1310">
            <mixed-citation id="d35377e1065" publication-type="other">
Wright, Gerald, and Brian Schaffner. 2002. "The Influence of
Party: Evidence from the State Legislatures." American Po-
litical Science Review 96(June): 367-79.</mixed-citation>
         </ref>
      </ref-list>
   </back>
</article>
